cluster_id,split,n_reads,eligible,engine_input,note
cnr-00001,test,57,1,1,
cnr-00002,dev,19,1,1,
cnr-00003,test,12,1,1,
cnr-00004,test,16,1,1,
cnr-00005,dev,36,1,1,
cnr-00006,test,8,1,1,
cnr-00007,dev,18,1,1,
cnr-00008,test,57,1,1,
cnr-00009,test,22,1,1,
cnr-00010,test,52,1,1,
cnr-00011,dev,35,1,1,
cnr-00012,dev,28,1,1,
cnr-00013,test,8,1,1,
cnr-00014,test,33,1,1,
cnr-00015,dev,35,1,1,
cnr-00016,dev,9,1,1,
cnr-00017,test,16,1,1,
cnr-00018,test,9,1,1,
cnr-00019,test,31,1,1,
cnr-00020,test,25,1,1,
cnr-00021,test,66,1,1,
cnr-00022,test,64,1,1,
cnr-00023,test,16,1,1,
cnr-00024,test,29,1,1,
cnr-00025,dev,41,1,1,
cnr-00026,dev,16,1,1,
cnr-00027,test,14,1,1,
cnr-00028,dev,26,1,1,
cnr-00029,test,23,1,1,
cnr-00030,dev,7,1,1,
cnr-00031,test,23,1,1,
cnr-00032,test,56,1,1,
cnr-00033,dev,14,1,1,
cnr-00034,test,24,1,1,
cnr-00035,test,18,1,1,
cnr-00036,test,33,1,1,
cnr-00037,test,18,1,1,
cnr-00038,test,46,1,1,
cnr-00039,test,75,1,1,
cnr-00040,test,21,1,1,
cnr-00041,dev,9,1,1,
cnr-00042,test,24,1,1,
cnr-00043,test,16,1,1,
cnr-00044,test,40,1,1,
cnr-00045,test,7,1,1,
cnr-00046,dev,23,1,1,
cnr-00047,dev,56,1,1,
cnr-00048,dev,34,1,1,
cnr-00049,dev,10,1,1,
cnr-00050,dev,37,1,1,
cnr-00051,test,56,1,1,
cnr-00052,dev,10,1,1,
cnr-00053,test,40,1,1,
cnr-00054,test,14,1,1,
cnr-00055,dev,9,1,1,
cnr-00056,test,32,1,1,
cnr-00057,test,20,1,1,
cnr-00058,dev,30,1,1,
cnr-00059,test,63,1,1,
cnr-00060,test,33,1,1,
cnr-00061,test,16,1,1,
cnr-00062,test,30,1,1,
cnr-00063,test,11,1,1,
cnr-00064,test,25,1,1,
cnr-00065,test,15,1,1,
cnr-00066,dev,18,1,1,
cnr-00067,dev,10,1,1,
cnr-00068,test,24,1,1,
cnr-00069,test,18,1,1,
cnr-00070,test,58,1,1,
cnr-00071,test,25,1,1,
cnr-00072,dev,10,1,1,
cnr-00073,test,22,1,1,
cnr-00074,dev,13,1,1,
cnr-00075,test,15,1,1,
cnr-00076,dev,16,1,1,
cnr-00077,dev,43,1,1,
cnr-00078,test,9,1,1,
cnr-00079,test,15,1,1,
cnr-00080,dev,17,1,1,
cnr-00081,dev,71,1,1,
cnr-00082,test,9,1,1,
cnr-00083,test,20,1,1,
cnr-00084,dev,14,1,1,
cnr-00085,test,26,1,1,
cnr-00086,test,10,1,1,
cnr-00087,test,17,1,1,
cnr-00088,dev,12,1,1,
cnr-00089,test,11,1,1,
cnr-00090,test,22,1,1,
cnr-00091,test,23,1,1,
cnr-00092,test,62,1,1,
cnr-00093,test,14,1,1,
cnr-00094,test,14,1,1,
cnr-00095,test,46,1,1,
cnr-00096,test,16,1,1,
cnr-00097,test,28,1,1,
cnr-00098,dev,18,1,1,
cnr-00099,test,10,1,1,
cnr-00100,test,21,1,1,
cnr-00101,test,20,1,1,
cnr-00102,dev,27,1,1,
cnr-00103,test,47,1,1,
cnr-00104,test,35,1,1,
cnr-00105,dev,8,1,1,
cnr-00106,dev,24,1,1,
cnr-00107,dev,23,1,1,
cnr-00108,test,61,1,1,
cnr-00109,dev,15,1,1,
cnr-00110,test,17,1,1,
cnr-00111,test,21,1,1,
cnr-00112,test,40,1,1,
cnr-00113,test,11,1,1,
cnr-00114,test,44,1,1,
cnr-00115,dev,27,1,1,
cnr-00116,test,18,1,1,
cnr-00117,test,21,1,1,
cnr-00118,test,27,1,1,
cnr-00119,dev,22,1,1,
cnr-00120,test,52,1,1,
cnr-00121,test,35,1,1,
cnr-00122,dev,30,1,1,
cnr-00123,test,6,1,1,
cnr-00124,test,35,1,1,
cnr-00125,test,33,1,1,
cnr-00126,test,12,1,1,
cnr-00127,test,16,1,1,
cnr-00128,test,16,1,1,
cnr-00129,test,6,1,1,
cnr-00130,test,37,1,1,
cnr-00131,test,18,1,1,
cnr-00132,test,6,1,1,
cnr-00133,dev,17,1,1,
cnr-00134,test,21,1,1,
cnr-00135,dev,21,1,1,
cnr-00136,test,13,1,1,
cnr-00137,test,8,1,1,
cnr-00138,dev,112,1,1,
cnr-00139,test,32,1,1,
cnr-00140,test,21,1,1,
cnr-00141,test,32,1,1,
cnr-00142,dev,15,1,1,
cnr-00143,test,37,1,1,
cnr-00144,test,12,1,1,
cnr-00145,test,21,1,1,
cnr-00146,dev,84,1,1,
cnr-00147,dev,21,1,1,
cnr-00148,test,18,1,1,
cnr-00149,test,74,1,1,
cnr-00150,test,69,1,1,
cnr-00151,test,15,1,1,
cnr-00152,dev,23,1,1,
cnr-00153,test,12,1,1,
cnr-00154,dev,23,1,1,
cnr-00155,dev,33,1,1,
cnr-00156,test,19,1,1,
cnr-00157,test,24,1,1,
cnr-00158,test,38,1,1,
cnr-00159,dev,13,1,1,
cnr-00160,test,47,1,1,
cnr-00161,test,5,1,1,
cnr-00162,test,5,1,1,
cnr-00163,test,43,1,1,
cnr-00164,test,20,1,1,
cnr-00165,test,6,1,1,
cnr-00166,test,13,1,1,
cnr-00167,test,17,1,1,
cnr-00168,dev,35,1,1,
cnr-00169,test,54,1,1,
cnr-00170,test,27,1,1,
cnr-00171,test,66,1,1,
cnr-00172,test,38,1,1,
cnr-00173,test,3,1,1,
cnr-00174,test,16,1,1,
cnr-00175,test,21,1,1,
cnr-00176,test,31,1,1,
cnr-00177,test,65,1,1,
cnr-00178,dev,35,1,1,
cnr-00179,dev,26,1,1,
cnr-00180,test,12,1,1,
cnr-00181,dev,55,1,1,
cnr-00182,dev,16,1,1,
cnr-00183,test,55,1,1,
cnr-00184,test,14,1,1,
cnr-00185,dev,26,1,1,
cnr-00186,test,23,1,1,
cnr-00187,test,115,1,1,
cnr-00188,test,17,1,1,
cnr-00189,test,13,1,1,
cnr-00190,test,50,1,1,
cnr-00191,test,10,1,1,
cnr-00192,test,18,1,1,
cnr-00193,dev,23,1,1,
cnr-00194,dev,18,1,1,
cnr-00195,test,36,1,1,
cnr-00196,test,28,1,1,
cnr-00197,test,24,1,1,
cnr-00198,test,20,1,1,
cnr-00199,test,43,1,1,
cnr-00200,test,6,1,1,
cnr-00201,dev,30,1,1,
cnr-00202,dev,18,1,1,
cnr-00203,test,12,1,1,
cnr-00204,test,37,1,1,
cnr-00205,test,11,1,1,
cnr-00206,dev,15,1,1,
cnr-00207,test,46,1,1,
cnr-00208,test,20,1,1,
cnr-00209,test,47,1,1,
cnr-00210,test,18,1,1,
cnr-00211,test,19,1,1,
cnr-00212,test,15,1,1,
cnr-00213,test,24,1,1,
cnr-00214,test,18,1,1,
cnr-00215,dev,15,1,1,
cnr-00216,test,91,1,1,
cnr-00217,dev,19,1,1,
cnr-00218,dev,14,1,1,
cnr-00219,test,58,1,1,
cnr-00220,test,19,1,1,
cnr-00221,test,13,1,1,
cnr-00222,test,14,1,1,
cnr-00223,test,35,1,1,
cnr-00224,test,17,1,1,
cnr-00225,test,41,1,1,
cnr-00226,test,40,1,1,
cnr-00227,dev,13,1,1,
cnr-00228,dev,12,1,1,
cnr-00229,test,20,1,1,
cnr-00230,dev,37,1,1,
cnr-00231,test,38,1,1,
cnr-00232,dev,26,1,1,
cnr-00233,test,17,1,1,
cnr-00234,dev,18,1,1,
cnr-00235,test,9,1,1,
cnr-00236,test,23,1,1,
cnr-00237,test,38,1,1,
cnr-00238,test,11,1,1,
cnr-00239,test,56,1,1,
cnr-00240,test,11,1,1,
cnr-00241,test,23,1,1,
cnr-00242,test,72,1,1,
cnr-00243,test,52,1,1,
cnr-00244,test,6,1,1,
cnr-00245,test,36,1,1,
cnr-00246,test,27,1,1,
cnr-00247,dev,32,1,1,
cnr-00248,test,33,1,1,
cnr-00249,test,13,1,1,
cnr-00250,test,10,1,1,
cnr-00251,dev,19,1,1,
cnr-00252,dev,25,1,1,
cnr-00253,test,14,1,1,
cnr-00254,test,14,1,1,
cnr-00255,dev,14,1,1,
cnr-00256,test,15,1,1,
cnr-00257,test,12,1,1,
cnr-00258,dev,9,1,1,
cnr-00259,test,47,1,1,
cnr-00260,test,39,1,1,
cnr-00261,test,26,1,1,
cnr-00262,test,15,1,1,
cnr-00263,dev,21,1,1,
cnr-00264,dev,34,1,1,
cnr-00265,test,22,1,1,
cnr-00266,test,18,1,1,
cnr-00267,test,10,1,1,
cnr-00268,test,24,1,1,
cnr-00269,test,63,1,1,
cnr-00270,test,10,1,1,
cnr-00271,test,10,1,1,
cnr-00272,dev,16,1,1,
cnr-00273,test,28,1,1,
cnr-00274,test,25,1,1,
cnr-00275,test,56,1,1,
cnr-00276,test,17,1,1,
cnr-00277,test,14,1,1,
cnr-00278,test,20,1,1,
cnr-00279,test,47,1,1,
cnr-00280,test,15,1,1,
cnr-00281,test,23,1,1,
cnr-00282,test,32,1,1,
cnr-00283,test,28,1,1,
cnr-00284,test,17,1,1,
cnr-00285,test,9,1,1,
cnr-00286,test,17,1,1,
cnr-00287,dev,18,1,1,
cnr-00288,dev,25,1,1,
cnr-00289,test,44,1,1,
cnr-00290,test,15,1,1,
cnr-00291,test,14,1,1,
cnr-00292,test,9,1,1,
cnr-00293,dev,15,1,1,
cnr-00294,test,41,1,1,
cnr-00295,test,3,1,1,
cnr-00296,test,36,1,1,
cnr-00297,dev,23,1,1,
cnr-00298,test,19,1,1,
cnr-00299,test,13,1,1,
cnr-00300,test,10,1,1,
cnr-00301,test,43,1,1,
cnr-00302,test,32,1,1,
cnr-00303,test,23,1,1,
cnr-00304,test,15,1,1,
cnr-00305,test,42,1,1,
cnr-00306,dev,17,1,1,
cnr-00307,test,47,1,1,
cnr-00308,dev,31,1,1,
cnr-00309,dev,26,1,1,
cnr-00310,test,55,1,1,
cnr-00311,test,29,1,1,
cnr-00312,test,69,1,1,
cnr-00313,test,25,1,1,
cnr-00314,test,32,1,1,
cnr-00315,dev,18,1,1,
cnr-00316,test,20,1,1,
cnr-00317,test,21,1,1,
cnr-00318,test,52,1,1,
cnr-00319,test,25,1,1,
cnr-00320,test,38,1,1,
cnr-00321,test,20,1,1,
cnr-00322,test,15,1,1,
cnr-00323,test,18,1,1,
cnr-00324,dev,27,1,1,
cnr-00325,test,23,1,1,
cnr-00326,test,23,1,1,
cnr-00327,test,8,1,1,
cnr-00328,test,9,1,1,
cnr-00329,test,3,1,1,
cnr-00330,test,44,1,1,
cnr-00331,dev,32,1,1,
cnr-00332,test,5,1,1,
cnr-00333,test,29,1,1,
cnr-00334,test,40,1,1,
cnr-00335,dev,23,1,1,
cnr-00336,dev,15,1,1,
cnr-00337,test,11,1,1,
cnr-00338,test,19,1,1,
cnr-00339,test,50,1,1,
cnr-00340,dev,39,1,1,
cnr-00341,test,58,1,1,
cnr-00342,test,8,1,1,
cnr-00343,test,26,1,1,
cnr-00344,test,13,1,1,
cnr-00345,dev,43,1,1,
cnr-00346,test,33,1,1,
cnr-00347,test,11,1,1,
cnr-00348,test,22,1,1,
cnr-00349,test,14,1,1,
cnr-00350,dev,25,1,1,
cnr-00351,test,9,1,1,
cnr-00352,test,54,1,1,
cnr-00353,dev,20,1,1,
cnr-00354,test,16,1,1,
cnr-00355,test,41,1,1,
cnr-00356,test,16,1,1,
cnr-00357,dev,14,1,1,
cnr-00358,test,18,1,1,
cnr-00359,test,5,1,1,
cnr-00360,test,47,1,1,
cnr-00361,test,17,1,1,
cnr-00362,dev,33,1,1,
cnr-00363,test,18,1,1,
cnr-00364,test,22,1,1,
cnr-00365,test,19,1,1,
cnr-00366,dev,13,1,1,
cnr-00367,test,14,1,1,
cnr-00368,test,25,1,1,
cnr-00369,test,18,1,1,
cnr-00370,test,15,1,1,
cnr-00371,test,21,1,1,
cnr-00372,test,23,1,1,
cnr-00373,test,5,1,1,
cnr-00374,test,66,1,1,
cnr-00375,dev,36,1,1,
cnr-00376,test,26,1,1,
cnr-00377,test,23,1,1,
cnr-00378,test,47,1,1,
cnr-00379,dev,25,1,1,
cnr-00380,test,15,1,1,
cnr-00381,dev,15,1,1,
cnr-00382,dev,26,1,1,
cnr-00383,test,25,1,1,
cnr-00384,test,22,1,1,
cnr-00385,test,15,1,1,
cnr-00386,test,83,1,1,
cnr-00387,test,50,1,1,
cnr-00388,test,24,1,1,
cnr-00389,test,37,1,1,
cnr-00390,dev,52,1,1,
cnr-00391,dev,1,1,1,
cnr-00392,test,25,1,1,
cnr-00393,test,62,1,1,
cnr-00394,test,11,1,1,
cnr-00395,test,23,1,1,
cnr-00396,test,6,1,1,
cnr-00397,test,19,1,1,
cnr-00398,test,25,1,1,
cnr-00399,test,13,1,1,
cnr-00400,test,46,1,1,
cnr-00401,test,18,1,1,
cnr-00402,dev,54,1,1,
cnr-00403,dev,4,1,1,
cnr-00404,dev,21,1,1,
cnr-00405,test,30,1,1,
cnr-00406,test,23,1,1,
cnr-00407,dev,14,1,1,
cnr-00408,dev,15,1,1,
cnr-00409,test,22,1,1,
cnr-00410,test,22,1,1,
cnr-00411,dev,11,1,1,
cnr-00412,test,21,1,1,
cnr-00413,test,10,1,1,
cnr-00414,test,19,1,1,
cnr-00415,test,18,1,1,
cnr-00416,test,30,1,1,
cnr-00417,test,16,1,1,
cnr-00418,dev,39,1,1,
cnr-00419,test,32,1,1,
cnr-00420,test,14,1,1,
cnr-00421,test,23,1,1,
cnr-00422,test,30,1,1,
cnr-00423,test,12,1,1,
cnr-00424,dev,26,1,1,
cnr-00425,dev,7,1,1,
cnr-00426,test,12,1,1,
cnr-00427,test,13,1,1,
cnr-00428,test,16,1,1,
cnr-00429,test,19,1,1,
cnr-00430,test,23,1,1,
cnr-00431,test,15,1,1,
cnr-00432,dev,45,1,1,
cnr-00433,test,22,1,1,
cnr-00434,test,8,1,1,
cnr-00435,dev,17,1,1,
cnr-00436,dev,22,1,1,
cnr-00437,dev,15,1,1,
cnr-00438,dev,32,1,1,
cnr-00439,test,46,1,1,
cnr-00440,test,18,1,1,
cnr-00441,test,41,1,1,
cnr-00442,test,19,1,1,
cnr-00443,dev,12,1,1,
cnr-00444,test,10,1,1,
cnr-00445,dev,9,1,1,
cnr-00446,dev,43,1,1,
cnr-00447,test,37,1,1,
cnr-00448,dev,19,1,1,
cnr-00449,test,66,1,1,
cnr-00450,test,7,1,1,
cnr-00451,test,29,1,1,
cnr-00452,test,51,1,1,
cnr-00453,test,23,1,1,
cnr-00454,test,20,1,1,
cnr-00455,dev,16,1,1,
cnr-00456,test,37,1,1,
cnr-00457,dev,33,1,1,
cnr-00458,test,22,1,1,
cnr-00459,test,21,1,1,
cnr-00460,test,43,1,1,
cnr-00461,test,8,1,1,
cnr-00462,dev,20,1,1,
cnr-00463,dev,86,1,1,
cnr-00464,test,10,1,1,
cnr-00465,test,23,1,1,
cnr-00466,test,16,1,1,
cnr-00467,dev,30,1,1,
cnr-00468,dev,12,1,1,
cnr-00469,test,39,1,1,
cnr-00470,test,33,1,1,
cnr-00471,test,68,1,1,
cnr-00472,test,17,1,1,
cnr-00473,test,32,1,1,
cnr-00474,test,26,1,1,
cnr-00475,dev,34,1,1,
cnr-00476,test,32,1,1,
cnr-00477,test,20,1,1,
cnr-00478,test,19,1,1,
cnr-00479,dev,60,1,1,
cnr-00480,dev,29,1,1,
cnr-00481,test,21,1,1,
cnr-00482,test,19,1,1,
cnr-00483,test,10,1,1,
cnr-00484,test,17,1,1,
cnr-00485,test,10,1,1,
cnr-00486,test,5,1,1,
cnr-00487,test,17,1,1,
cnr-00488,dev,9,1,1,
cnr-00489,test,27,1,1,
cnr-00490,test,55,1,1,
cnr-00491,test,13,1,1,
cnr-00492,test,14,1,1,
cnr-00493,test,27,1,1,
cnr-00494,test,18,1,1,
cnr-00495,dev,10,1,1,
cnr-00496,test,65,1,1,
cnr-00497,dev,10,1,1,
cnr-00498,test,12,1,1,
cnr-00499,test,55,1,1,
cnr-00500,dev,19,1,1,
cnr-00501,test,46,1,1,
cnr-00502,dev,24,1,1,
cnr-00503,test,19,1,1,
cnr-00504,test,25,1,1,
cnr-00505,dev,79,1,1,
cnr-00506,test,84,1,1,
cnr-00507,test,31,1,1,
cnr-00508,test,13,1,1,
cnr-00509,test,12,1,1,
cnr-00510,test,30,1,1,
cnr-00511,test,30,1,1,
cnr-00512,test,34,1,1,
cnr-00513,test,10,1,1,
cnr-00514,test,18,1,1,
cnr-00515,test,27,1,1,
cnr-00516,test,8,1,1,
cnr-00517,dev,5,1,1,
cnr-00518,test,36,1,1,
cnr-00519,test,9,1,1,
cnr-00520,test,18,1,1,
cnr-00521,test,37,1,1,
cnr-00522,test,9,1,1,
cnr-00523,test,18,1,1,
cnr-00524,dev,14,1,1,
cnr-00525,dev,32,1,1,
cnr-00526,dev,30,1,1,
cnr-00527,dev,9,1,1,
cnr-00528,test,7,1,1,
cnr-00529,test,32,1,1,
cnr-00530,dev,54,1,1,
cnr-00531,test,79,1,1,
cnr-00532,dev,31,1,1,
cnr-00533,test,3,1,1,
cnr-00534,test,74,1,1,
cnr-00535,test,12,1,1,
cnr-00536,test,23,1,1,
cnr-00537,dev,70,1,1,
cnr-00538,test,33,1,1,
cnr-00539,test,45,1,1,
cnr-00540,test,58,1,1,
cnr-00541,dev,13,1,1,
cnr-00542,test,13,1,1,
cnr-00543,test,44,1,1,
cnr-00544,test,20,1,1,
cnr-00545,test,20,1,1,
cnr-00546,test,29,1,1,
cnr-00547,test,54,1,1,
cnr-00548,dev,15,1,1,
cnr-00549,test,24,1,1,
cnr-00550,test,18,1,1,
cnr-00551,test,18,1,1,
cnr-00552,test,17,1,1,
cnr-00553,test,8,1,1,
cnr-00554,test,46,1,1,
cnr-00555,test,28,1,1,
cnr-00556,test,21,1,1,
cnr-00557,test,19,1,1,
cnr-00558,dev,12,1,1,
cnr-00559,test,37,1,1,
cnr-00560,test,15,1,1,
cnr-00561,test,12,1,1,
cnr-00562,test,48,1,1,
cnr-00563,dev,42,1,1,
cnr-00564,test,53,1,1,
cnr-00565,test,13,1,1,
cnr-00566,dev,17,1,1,
cnr-00567,dev,13,1,1,
cnr-00568,test,4,1,1,
cnr-00569,test,20,1,1,
cnr-00570,test,19,1,1,
cnr-00571,test,27,1,1,
cnr-00572,dev,36,1,1,
cnr-00573,dev,8,1,1,
cnr-00574,test,54,1,1,
cnr-00575,test,42,1,1,
cnr-00576,dev,43,1,1,
cnr-00577,test,9,1,1,
cnr-00578,test,11,1,1,
cnr-00579,dev,18,1,1,
cnr-00580,test,23,1,1,
cnr-00581,test,45,1,1,
cnr-00582,test,39,1,1,
cnr-00583,test,60,1,1,
cnr-00584,test,28,1,1,
cnr-00585,test,15,1,1,
cnr-00586,test,17,1,1,
cnr-00587,dev,17,1,1,
cnr-00588,dev,34,1,1,
cnr-00589,test,28,1,1,
cnr-00590,test,28,1,1,
cnr-00591,dev,33,1,1,
cnr-00592,test,18,1,1,
cnr-00593,test,9,1,1,
cnr-00594,test,23,1,1,
cnr-00595,dev,18,1,1,
cnr-00596,test,61,1,1,
cnr-00597,dev,12,1,1,
cnr-00598,dev,55,1,1,
cnr-00599,test,45,1,1,
cnr-00600,test,15,1,1,
cnr-00601,test,35,1,1,
cnr-00602,test,17,1,1,
cnr-00603,test,13,1,1,
cnr-00604,test,10,1,1,
cnr-00605,test,32,1,1,
cnr-00606,test,17,1,1,
cnr-00607,dev,21,1,1,
cnr-00608,test,3,1,1,
cnr-00609,dev,37,1,1,
cnr-00610,test,24,1,1,
cnr-00611,dev,16,1,1,
cnr-00612,test,26,1,1,
cnr-00613,test,12,1,1,
cnr-00614,test,17,1,1,
cnr-00615,test,58,1,1,
cnr-00616,test,56,1,1,
cnr-00617,dev,32,1,1,
cnr-00618,test,23,1,1,
cnr-00619,test,11,1,1,
cnr-00620,test,7,1,1,
cnr-00621,dev,59,1,1,
cnr-00622,test,11,1,1,
cnr-00623,test,60,1,1,
cnr-00624,test,30,1,1,
cnr-00625,test,2,1,1,
cnr-00626,dev,11,1,1,
cnr-00627,test,21,1,1,
cnr-00628,dev,32,1,1,
cnr-00629,dev,50,1,1,
cnr-00630,dev,36,1,1,
cnr-00631,test,26,1,1,
cnr-00632,test,25,1,1,
cnr-00633,dev,28,1,1,
cnr-00634,dev,24,1,1,
cnr-00635,test,48,1,1,
cnr-00636,test,22,1,1,
cnr-00637,dev,10,1,1,
cnr-00638,test,32,1,1,
cnr-00639,dev,19,1,1,
cnr-00640,test,83,1,1,
cnr-00641,test,17,1,1,
cnr-00642,test,16,1,1,
cnr-00643,test,26,1,1,
cnr-00644,test,7,1,1,
cnr-00645,test,16,1,1,
cnr-00646,test,15,1,1,
cnr-00647,dev,38,1,1,
cnr-00648,test,29,1,1,
cnr-00649,test,25,1,1,
cnr-00650,test,37,1,1,
cnr-00651,test,44,1,1,
cnr-00652,dev,24,1,1,
cnr-00653,test,24,1,1,
cnr-00654,dev,15,1,1,
cnr-00655,test,25,1,1,
cnr-00656,test,9,1,1,
cnr-00657,dev,35,1,1,
cnr-00658,test,19,1,1,
cnr-00659,dev,43,1,1,
cnr-00660,test,3,1,1,
cnr-00661,test,126,1,1,
cnr-00662,dev,14,1,1,
cnr-00663,test,35,1,1,
cnr-00664,test,39,1,1,
cnr-00665,dev,14,1,1,
cnr-00666,dev,58,1,1,
cnr-00667,test,37,1,1,
cnr-00668,test,38,1,1,
cnr-00669,dev,15,1,1,
cnr-00670,test,53,1,1,
cnr-00671,test,29,1,1,
cnr-00672,dev,17,1,1,
cnr-00673,test,87,1,1,
cnr-00674,test,9,1,1,
cnr-00675,test,14,1,1,
cnr-00676,test,14,1,1,
cnr-00677,test,26,1,1,
cnr-00678,test,15,1,1,
cnr-00679,test,48,1,1,
cnr-00680,dev,17,1,1,
cnr-00681,dev,12,1,1,
cnr-00682,test,12,1,1,
cnr-00683,test,20,1,1,
cnr-00684,test,23,1,1,
cnr-00685,dev,20,1,1,
cnr-00686,dev,11,1,1,
cnr-00687,test,86,1,1,
cnr-00688,dev,41,1,1,
cnr-00689,dev,11,1,1,
cnr-00690,test,50,1,1,
cnr-00691,test,13,1,1,
cnr-00692,test,9,1,1,
cnr-00693,test,16,1,1,
cnr-00694,test,14,1,1,
cnr-00695,test,13,1,1,
cnr-00696,test,13,1,1,
cnr-00697,test,27,1,1,
cnr-00698,test,11,1,1,
cnr-00699,test,32,1,1,
cnr-00700,test,30,1,1,
cnr-00701,dev,13,1,1,
cnr-00702,dev,48,1,1,
cnr-00703,test,68,1,1,
cnr-00704,test,47,1,1,
cnr-00705,test,14,1,1,
cnr-00706,test,22,1,1,
cnr-00707,dev,32,1,1,
cnr-00708,test,20,1,1,
cnr-00709,test,18,1,1,
cnr-00710,test,15,1,1,
cnr-00711,test,15,1,1,
cnr-00712,test,15,1,1,
cnr-00713,dev,20,1,1,
cnr-00714,dev,21,1,1,
cnr-00715,test,47,1,1,
cnr-00716,test,71,1,1,
cnr-00717,dev,92,1,1,
cnr-00718,dev,6,1,1,
cnr-00719,test,90,1,1,
cnr-00720,test,13,1,1,
cnr-00721,dev,8,1,1,
cnr-00722,dev,81,1,1,
cnr-00723,test,21,1,1,
cnr-00724,dev,6,1,1,
cnr-00725,test,8,1,1,
cnr-00726,dev,15,1,1,
cnr-00727,dev,13,1,1,
cnr-00728,test,18,1,1,
cnr-00729,test,17,1,1,
cnr-00730,test,18,1,1,
cnr-00731,test,56,1,1,
cnr-00732,test,7,1,1,
cnr-00733,test,12,1,1,
cnr-00734,dev,17,1,1,
cnr-00735,test,11,1,1,
cnr-00736,test,11,1,1,
cnr-00737,test,28,1,1,
cnr-00738,dev,25,1,1,
cnr-00739,test,13,1,1,
cnr-00740,dev,37,1,1,
cnr-00741,test,18,1,1,
cnr-00742,test,55,1,1,
cnr-00743,test,65,1,1,
cnr-00744,test,11,1,1,
cnr-00745,test,11,1,1,
cnr-00746,test,36,1,1,
cnr-00747,test,18,1,1,
cnr-00748,test,18,1,1,
cnr-00749,test,40,1,1,
cnr-00750,test,31,1,1,
cnr-00751,test,27,1,1,
cnr-00752,test,14,1,1,
cnr-00753,test,12,1,1,
cnr-00754,test,24,1,1,
cnr-00755,test,26,1,1,
cnr-00756,test,32,1,1,
cnr-00757,test,22,1,1,
cnr-00758,test,19,1,1,
cnr-00759,test,48,1,1,
cnr-00760,test,34,1,1,
cnr-00761,test,59,1,1,
cnr-00762,dev,24,1,1,
cnr-00763,dev,35,1,1,
cnr-00764,test,6,1,1,
cnr-00765,test,42,1,1,
cnr-00766,test,7,1,1,
cnr-00767,test,23,1,1,
cnr-00768,test,31,1,1,
cnr-00769,dev,15,1,1,
cnr-00770,test,18,1,1,
cnr-00771,test,34,1,1,
cnr-00772,test,39,1,1,
cnr-00773,dev,13,1,1,
cnr-00774,test,24,1,1,
cnr-00775,test,15,1,1,
cnr-00776,test,14,1,1,
cnr-00777,test,15,1,1,
cnr-00778,dev,7,1,1,
cnr-00779,test,41,1,1,
cnr-00780,test,16,1,1,
cnr-00781,dev,18,1,1,
cnr-00782,test,60,1,1,
cnr-00783,test,13,1,1,
cnr-00784,dev,21,1,1,
cnr-00785,dev,9,1,1,
cnr-00786,dev,19,1,1,
cnr-00787,test,15,1,1,
cnr-00788,dev,24,1,1,
cnr-00789,dev,34,1,1,
cnr-00790,dev,20,1,1,
cnr-00791,test,56,1,1,
cnr-00792,test,48,1,1,
cnr-00793,dev,14,1,1,
cnr-00794,test,25,1,1,
cnr-00795,dev,70,1,1,
cnr-00796,test,39,1,1,
cnr-00797,test,23,1,1,
cnr-00798,test,20,1,1,
cnr-00799,test,32,1,1,
cnr-00800,test,20,1,1,
cnr-00801,test,36,1,1,
cnr-00802,dev,38,1,1,
cnr-00803,dev,19,1,1,
cnr-00804,dev,5,1,1,
cnr-00805,dev,11,1,1,
cnr-00806,test,15,1,1,
cnr-00807,test,21,1,1,
cnr-00808,dev,22,1,1,
cnr-00809,test,20,1,1,
cnr-00810,test,7,1,1,
cnr-00811,test,19,1,1,
cnr-00812,dev,6,1,1,
cnr-00813,test,28,1,1,
cnr-00814,test,64,1,1,
cnr-00815,test,18,1,1,
cnr-00816,test,27,1,1,
cnr-00817,test,5,1,1,
cnr-00818,test,21,1,1,
cnr-00819,test,15,1,1,
cnr-00820,test,5,1,1,
cnr-00821,test,22,1,1,
cnr-00822,test,72,1,1,
cnr-00823,dev,17,1,1,
cnr-00824,dev,17,1,1,
cnr-00825,test,14,1,1,
cnr-00826,test,58,1,1,
cnr-00827,test,22,1,1,
cnr-00828,test,48,1,1,
cnr-00829,dev,34,1,1,
cnr-00830,test,12,1,1,
cnr-00831,test,80,1,1,
cnr-00832,dev,36,1,1,
cnr-00833,test,16,1,1,
cnr-00834,dev,9,1,1,
cnr-00835,test,62,1,1,
cnr-00836,dev,19,1,1,
cnr-00837,test,72,1,1,
cnr-00838,dev,14,1,1,
cnr-00839,test,10,1,1,
cnr-00840,test,11,1,1,
cnr-00841,test,47,1,1,
cnr-00842,test,16,1,1,
cnr-00843,test,35,1,1,
cnr-00844,test,11,1,1,
cnr-00845,test,18,1,1,
cnr-00846,test,11,1,1,
cnr-00847,test,12,1,1,
cnr-00848,test,35,1,1,
cnr-00849,test,9,1,1,
cnr-00850,test,9,1,1,
cnr-00851,dev,53,1,1,
cnr-00852,test,48,1,1,
cnr-00853,dev,55,1,1,
cnr-00854,dev,11,1,1,
cnr-00855,test,27,1,1,
cnr-00856,test,10,1,1,
cnr-00857,test,25,1,1,
cnr-00858,test,19,1,1,
cnr-00859,dev,9,1,1,
cnr-00860,test,22,1,1,
cnr-00861,dev,41,1,1,
cnr-00862,test,52,1,1,
cnr-00863,test,41,1,1,
cnr-00864,dev,40,1,1,
cnr-00865,test,17,1,1,
cnr-00866,test,42,1,1,
cnr-00867,dev,21,1,1,
cnr-00868,test,78,1,1,
cnr-00869,test,15,1,1,
cnr-00870,dev,29,1,1,
cnr-00871,dev,32,1,1,
cnr-00872,dev,20,1,1,
cnr-00873,dev,22,1,1,
cnr-00874,test,19,1,1,
cnr-00875,test,26,1,1,
cnr-00876,test,24,1,1,
cnr-00877,dev,32,1,1,
cnr-00878,test,76,1,1,
cnr-00879,test,16,1,1,
cnr-00880,dev,14,1,1,
cnr-00881,test,45,1,1,
cnr-00882,test,46,1,1,
cnr-00883,test,18,1,1,
cnr-00884,test,87,1,1,
cnr-00885,dev,15,1,1,
cnr-00886,test,26,1,1,
cnr-00887,dev,8,1,1,
cnr-00888,test,12,1,1,
cnr-00889,test,34,1,1,
cnr-00890,test,120,1,1,
cnr-00891,dev,14,1,1,
cnr-00892,test,66,1,1,
cnr-00893,dev,15,1,1,
cnr-00894,test,20,1,1,
cnr-00895,dev,19,1,1,
cnr-00896,test,9,1,1,
cnr-00897,test,8,1,1,
cnr-00898,test,15,1,1,
cnr-00899,dev,24,1,1,
cnr-00900,dev,17,1,1,
cnr-00901,test,17,1,1,
cnr-00902,test,13,1,1,
cnr-00903,test,41,1,1,
cnr-00904,dev,22,1,1,
cnr-00905,test,26,1,1,
cnr-00906,test,19,1,1,
cnr-00907,test,48,1,1,
cnr-00908,test,22,1,1,
cnr-00909,dev,11,1,1,
cnr-00910,test,12,1,1,
cnr-00911,test,25,1,1,
cnr-00912,test,6,1,1,
cnr-00913,test,35,1,1,
cnr-00914,test,59,1,1,
cnr-00915,test,54,1,1,
cnr-00916,dev,28,1,1,
cnr-00917,dev,83,1,1,
cnr-00918,test,19,1,1,
cnr-00919,test,21,1,1,
cnr-00920,dev,16,1,1,
cnr-00921,test,11,1,1,
cnr-00922,test,35,1,1,
cnr-00923,test,14,1,1,
cnr-00924,dev,16,1,1,
cnr-00925,test,13,1,1,
cnr-00926,test,9,1,1,
cnr-00927,test,39,1,1,
cnr-00928,dev,11,1,1,
cnr-00929,test,26,1,1,
cnr-00930,test,11,1,1,
cnr-00931,test,58,1,1,
cnr-00932,dev,27,1,1,
cnr-00933,test,10,1,1,
cnr-00934,test,26,1,1,
cnr-00935,dev,16,1,1,
cnr-00936,dev,68,1,1,
cnr-00937,test,26,1,1,
cnr-00938,dev,16,1,1,
cnr-00939,test,16,1,1,
cnr-00940,test,7,1,1,
cnr-00941,test,16,1,1,
cnr-00942,test,53,1,1,
cnr-00943,dev,18,1,1,
cnr-00944,test,104,1,1,
cnr-00945,test,15,1,1,
cnr-00946,test,60,1,1,
cnr-00947,test,33,1,1,
cnr-00948,test,17,1,1,
cnr-00949,test,78,1,1,
cnr-00950,dev,17,1,1,
cnr-00951,test,31,1,1,
cnr-00952,test,17,1,1,
cnr-00953,test,17,1,1,
cnr-00954,test,24,1,1,
cnr-00955,test,14,1,1,
cnr-00956,test,15,1,1,
cnr-00957,dev,24,1,1,
cnr-00958,dev,63,1,1,
cnr-00959,dev,24,1,1,
cnr-00960,test,12,1,1,
cnr-00961,dev,15,1,1,
cnr-00962,test,19,1,1,
cnr-00963,dev,19,1,1,
cnr-00964,test,5,1,1,
cnr-00965,test,14,1,1,
cnr-00966,test,17,1,1,
cnr-00967,test,26,1,1,
cnr-00968,test,31,1,1,
cnr-00969,test,16,1,1,
cnr-00970,test,13,1,1,
cnr-00971,dev,8,1,1,
cnr-00972,test,34,1,1,
cnr-00973,test,16,1,1,
cnr-00974,test,22,1,1,
cnr-00975,dev,14,1,1,
cnr-00976,test,22,1,1,
cnr-00977,dev,30,1,1,
cnr-00978,test,48,1,1,
cnr-00979,test,68,1,1,
cnr-00980,test,20,1,1,
cnr-00981,dev,38,1,1,
cnr-00982,test,7,1,1,
cnr-00983,dev,27,1,1,
cnr-00984,dev,15,1,1,
cnr-00985,test,5,1,1,
cnr-00986,test,22,1,1,
cnr-00987,dev,8,1,1,
cnr-00988,test,7,1,1,
cnr-00989,test,22,1,1,
cnr-00990,test,13,1,1,
cnr-00991,test,11,1,1,
cnr-00992,test,17,1,1,
cnr-00993,dev,13,1,1,
cnr-00994,test,36,1,1,
cnr-00995,test,15,1,1,
cnr-00996,test,8,1,1,
cnr-00997,dev,15,1,1,
cnr-00998,dev,53,1,1,
cnr-00999,test,15,1,1,
cnr-01000,dev,8,1,1,
cnr-01001,dev,12,1,1,
cnr-01002,test,75,1,1,
cnr-01003,dev,21,1,1,
cnr-01004,test,10,1,1,
cnr-01005,test,15,1,1,
cnr-01006,dev,50,1,1,
cnr-01007,test,18,1,1,
cnr-01008,test,22,1,1,
cnr-01009,test,22,1,1,
cnr-01010,test,12,1,1,
cnr-01011,test,19,1,1,
cnr-01012,test,29,1,1,
cnr-01013,dev,39,1,1,
cnr-01014,test,9,1,1,
cnr-01015,test,17,1,1,
cnr-01016,test,36,1,1,
cnr-01017,test,19,1,1,
cnr-01018,dev,16,1,1,
cnr-01019,test,18,1,1,
cnr-01020,dev,41,1,1,
cnr-01021,test,15,1,1,
cnr-01022,dev,11,1,1,
cnr-01023,test,18,1,1,
cnr-01024,test,10,1,1,
cnr-01025,dev,14,1,1,
cnr-01026,test,23,1,1,
cnr-01027,test,79,1,1,
cnr-01028,test,39,1,1,
cnr-01029,test,50,1,1,
cnr-01030,test,33,1,1,
cnr-01031,test,30,1,1,
cnr-01032,dev,17,1,1,
cnr-01033,dev,27,1,1,
cnr-01034,test,19,1,1,
cnr-01035,test,31,1,1,
cnr-01036,test,9,1,1,
cnr-01037,test,12,1,1,
cnr-01038,test,52,1,1,
cnr-01039,test,46,1,1,
cnr-01040,test,34,1,1,
cnr-01041,dev,44,1,1,
cnr-01042,test,10,1,1,
cnr-01043,test,51,1,1,
cnr-01044,dev,47,1,1,
cnr-01045,dev,12,1,1,
cnr-01046,test,16,1,1,
cnr-01047,test,74,1,1,
cnr-01048,test,51,1,1,
cnr-01049,dev,7,1,1,
cnr-01050,test,23,1,1,
cnr-01051,test,61,1,1,
cnr-01052,test,34,1,1,
cnr-01053,test,21,1,1,
cnr-01054,test,26,1,1,
cnr-01055,test,3,1,1,
cnr-01056,dev,28,1,1,
cnr-01057,dev,21,1,1,
cnr-01058,test,52,1,1,
cnr-01059,test,30,1,1,
cnr-01060,test,64,1,1,
cnr-01061,test,6,1,1,
cnr-01062,test,31,1,1,
cnr-01063,test,59,1,1,
cnr-01064,test,33,1,1,
cnr-01065,test,95,1,1,
cnr-01066,test,33,1,1,
cnr-01067,test,14,1,1,
cnr-01068,test,64,1,1,
cnr-01069,test,10,1,1,
cnr-01070,test,41,1,1,
cnr-01071,test,18,1,1,
cnr-01072,dev,28,1,1,
cnr-01073,test,103,1,1,
cnr-01074,test,8,1,1,
cnr-01075,test,25,1,1,
cnr-01076,dev,15,1,1,
cnr-01077,dev,50,1,1,
cnr-01078,test,34,1,1,
cnr-01079,test,10,1,1,
cnr-01080,test,28,1,1,
cnr-01081,test,21,1,1,
cnr-01082,test,15,1,1,
cnr-01083,dev,14,1,1,
cnr-01084,test,29,1,1,
cnr-01085,test,17,1,1,
cnr-01086,dev,21,1,1,
cnr-01087,test,33,1,1,
cnr-01088,dev,6,1,1,
cnr-01089,test,31,1,1,
cnr-01090,dev,18,1,1,
cnr-01091,test,17,1,1,
cnr-01092,test,54,1,1,
cnr-01093,test,47,1,1,
cnr-01094,test,41,1,1,
cnr-01095,test,40,1,1,
cnr-01096,test,10,1,1,
cnr-01097,dev,51,1,1,
cnr-01098,test,10,1,1,
cnr-01099,test,27,1,1,
cnr-01100,test,9,1,1,
cnr-01101,test,75,1,1,
cnr-01102,dev,30,1,1,
cnr-01103,test,46,1,1,
cnr-01104,test,8,1,1,
cnr-01105,test,36,1,1,
cnr-01106,test,15,1,1,
cnr-01107,test,17,1,1,
cnr-01108,dev,44,1,1,
cnr-01109,dev,12,1,1,
cnr-01110,dev,16,1,1,
cnr-01111,test,18,1,1,
cnr-01112,test,88,1,1,
cnr-01113,test,50,1,1,
cnr-01114,dev,13,1,1,
cnr-01115,dev,24,1,1,
cnr-01116,dev,31,1,1,
cnr-01117,test,29,1,1,
cnr-01118,test,29,1,1,
cnr-01119,test,58,1,1,
cnr-01120,test,22,1,1,
cnr-01121,test,60,1,1,
cnr-01122,test,39,1,1,
cnr-01123,test,16,1,1,
cnr-01124,dev,30,1,1,
cnr-01125,test,10,1,1,
cnr-01126,test,22,1,1,
cnr-01127,test,25,1,1,
cnr-01128,test,17,1,1,
cnr-01129,test,27,1,1,
cnr-01130,dev,10,1,1,
cnr-01131,test,25,1,1,
cnr-01132,dev,10,1,1,
cnr-01133,test,19,1,1,
cnr-01134,test,14,1,1,
cnr-01135,dev,5,1,1,
cnr-01136,test,36,1,1,
cnr-01137,test,14,1,1,
cnr-01138,test,21,1,1,
cnr-01139,test,8,1,1,
cnr-01140,test,31,1,1,
cnr-01141,test,18,1,1,
cnr-01142,test,14,1,1,
cnr-01143,dev,17,1,1,
cnr-01144,test,17,1,1,
cnr-01145,test,25,1,1,
cnr-01146,test,32,1,1,
cnr-01147,test,10,1,1,
cnr-01148,test,10,1,1,
cnr-01149,dev,13,1,1,
cnr-01150,dev,17,1,1,
cnr-01151,test,31,1,1,
cnr-01152,test,6,1,1,
cnr-01153,test,27,1,1,
cnr-01154,dev,46,1,1,
cnr-01155,test,28,1,1,
cnr-01156,dev,37,1,1,
cnr-01157,dev,48,1,1,
cnr-01158,dev,57,1,1,
cnr-01159,test,16,1,1,
cnr-01160,test,14,1,1,
cnr-01161,test,16,1,1,
cnr-01162,test,36,1,1,
cnr-01163,test,11,1,1,
cnr-01164,test,2,1,1,
cnr-01165,test,21,1,1,
cnr-01166,test,9,1,1,
cnr-01167,dev,31,1,1,
cnr-01168,test,17,1,1,
cnr-01169,test,11,1,1,
cnr-01170,test,47,1,1,
cnr-01171,test,14,1,1,
cnr-01172,test,34,1,1,
cnr-01173,dev,39,1,1,
cnr-01174,test,40,1,1,
cnr-01175,test,49,1,1,
cnr-01176,test,24,1,1,
cnr-01177,dev,21,1,1,
cnr-01178,test,13,1,1,
cnr-01179,test,62,1,1,
cnr-01180,test,40,1,1,
cnr-01181,dev,22,1,1,
cnr-01182,test,37,1,1,
cnr-01183,test,34,1,1,
cnr-01184,test,20,1,1,
cnr-01185,test,18,1,1,
cnr-01186,dev,61,1,1,
cnr-01187,test,18,1,1,
cnr-01188,test,21,1,1,
cnr-01189,test,60,1,1,
cnr-01190,test,27,1,1,
cnr-01191,dev,4,1,1,
cnr-01192,test,21,1,1,
cnr-01193,test,11,1,1,
cnr-01194,test,6,1,1,
cnr-01195,dev,11,1,1,
cnr-01196,dev,20,1,1,
cnr-01197,test,14,1,1,
cnr-01198,test,17,1,1,
cnr-01199,test,19,1,1,
cnr-01200,dev,56,1,1,
cnr-01201,test,7,1,1,
cnr-01202,dev,69,1,1,
cnr-01203,test,19,1,1,
cnr-01204,test,33,1,1,
cnr-01205,test,31,1,1,
cnr-01206,test,14,1,1,
cnr-01207,dev,58,1,1,
cnr-01208,test,5,1,1,
cnr-01209,test,15,1,1,
cnr-01210,test,29,1,1,
cnr-01211,dev,38,1,1,
cnr-01212,test,16,1,1,
cnr-01213,test,19,1,1,
cnr-01214,dev,45,1,1,
cnr-01215,test,50,1,1,
cnr-01216,test,32,1,1,
cnr-01217,dev,32,1,1,
cnr-01218,dev,11,1,1,
cnr-01219,dev,18,1,1,
cnr-01220,dev,10,1,1,
cnr-01221,dev,14,1,1,
cnr-01222,test,18,1,1,
cnr-01223,test,14,1,1,
cnr-01224,test,20,1,1,
cnr-01225,test,24,1,1,
cnr-01226,test,26,1,1,
cnr-01227,dev,92,1,1,
cnr-01228,test,22,1,1,
cnr-01229,test,20,1,1,
cnr-01230,test,9,1,1,
cnr-01231,test,45,1,1,
cnr-01232,dev,32,1,1,
cnr-01233,test,32,1,1,
cnr-01234,dev,4,1,1,
cnr-01235,test,26,1,1,
cnr-01236,dev,12,1,1,
cnr-01237,test,26,1,1,
cnr-01238,dev,14,1,1,
cnr-01239,test,29,1,1,
cnr-01240,dev,7,1,1,
cnr-01241,test,21,1,1,
cnr-01242,test,23,1,1,
cnr-01243,dev,27,1,1,
cnr-01244,dev,17,1,1,
cnr-01245,test,37,1,1,
cnr-01246,test,16,1,1,
cnr-01247,test,16,1,1,
cnr-01248,test,20,1,1,
cnr-01249,test,8,1,1,
cnr-01250,test,18,1,1,
cnr-01251,test,29,1,1,
cnr-01252,dev,74,1,1,
cnr-01253,test,36,1,1,
cnr-01254,test,15,1,1,
cnr-01255,dev,26,1,1,
cnr-01256,test,51,1,1,
cnr-01257,test,39,1,1,
cnr-01258,test,16,1,1,
cnr-01259,dev,49,1,1,
cnr-01260,dev,10,1,1,
cnr-01261,dev,50,1,1,
cnr-01262,test,40,1,1,
cnr-01263,dev,67,1,1,
cnr-01264,test,8,1,1,
cnr-01265,test,53,1,1,
cnr-01266,test,114,1,1,
cnr-01267,dev,23,1,1,
cnr-01268,test,27,1,1,
cnr-01269,test,72,1,1,
cnr-01270,test,33,1,1,
cnr-01271,dev,58,1,1,
cnr-01272,test,20,1,1,
cnr-01273,test,26,1,1,
cnr-01274,dev,55,1,1,
cnr-01275,test,65,1,1,
cnr-01276,test,9,1,1,
cnr-01277,dev,15,1,1,
cnr-01278,dev,53,1,1,
cnr-01279,dev,24,1,1,
cnr-01280,test,8,1,1,
cnr-01281,dev,20,1,1,
cnr-01282,dev,21,1,1,
cnr-01283,test,23,1,1,
cnr-01284,dev,30,1,1,
cnr-01285,test,48,1,1,
cnr-01286,test,21,1,1,
cnr-01287,test,38,1,1,
cnr-01288,test,5,1,1,
cnr-01289,dev,39,1,1,
cnr-01290,test,32,1,1,
cnr-01291,dev,16,1,1,
cnr-01292,test,7,1,1,
cnr-01293,test,16,1,1,
cnr-01294,test,49,1,1,
cnr-01295,test,17,1,1,
cnr-01296,test,19,1,1,
cnr-01297,dev,42,1,1,
cnr-01298,dev,14,1,1,
cnr-01299,dev,17,1,1,
cnr-01300,dev,29,1,1,
cnr-01301,test,16,1,1,
cnr-01302,test,60,1,1,
cnr-01303,test,40,1,1,
cnr-01304,test,11,1,1,
cnr-01305,test,14,1,1,
cnr-01306,dev,27,1,1,
cnr-01307,dev,20,1,1,
cnr-01308,dev,25,1,1,
cnr-01309,test,23,1,1,
cnr-01310,test,10,1,1,
cnr-01311,test,27,1,1,
cnr-01312,test,73,1,1,
cnr-01313,test,24,1,1,
cnr-01314,dev,29,1,1,
cnr-01315,dev,7,1,1,
cnr-01316,dev,47,1,1,
cnr-01317,test,114,1,1,
cnr-01318,test,19,1,1,
cnr-01319,test,18,1,1,
cnr-01320,test,29,1,1,
cnr-01321,test,16,1,1,
cnr-01322,test,27,1,1,
cnr-01323,test,40,1,1,
cnr-01324,test,13,1,1,
cnr-01325,dev,19,1,1,
cnr-01326,test,45,1,1,
cnr-01327,test,13,1,1,
cnr-01328,dev,19,1,1,
cnr-01329,test,35,1,1,
cnr-01330,dev,10,1,1,
cnr-01331,dev,6,1,1,
cnr-01332,test,19,1,1,
cnr-01333,test,40,1,1,
cnr-01334,test,10,1,1,
cnr-01335,test,57,1,1,
cnr-01336,dev,40,1,1,
cnr-01337,test,13,1,1,
cnr-01338,test,5,1,1,
cnr-01339,test,17,1,1,
cnr-01340,test,21,1,1,
cnr-01341,test,10,1,1,
cnr-01342,test,12,1,1,
cnr-01343,test,69,1,1,
cnr-01344,test,56,1,1,
cnr-01345,test,25,1,1,
cnr-01346,test,4,1,1,
cnr-01347,test,34,1,1,
cnr-01348,test,16,1,1,
cnr-01349,dev,37,1,1,
cnr-01350,test,10,1,1,
cnr-01351,dev,79,1,1,
cnr-01352,test,71,1,1,
cnr-01353,test,58,1,1,
cnr-01354,dev,27,1,1,
cnr-01355,dev,12,1,1,
cnr-01356,dev,66,1,1,
cnr-01357,dev,29,1,1,
cnr-01358,test,26,1,1,
cnr-01359,dev,14,1,1,
cnr-01360,test,29,1,1,
cnr-01361,test,20,1,1,
cnr-01362,test,17,1,1,
cnr-01363,test,59,1,1,
cnr-01364,test,22,1,1,
cnr-01365,dev,35,1,1,
cnr-01366,test,13,1,1,
cnr-01367,test,80,1,1,
cnr-01368,test,3,1,1,
cnr-01369,dev,28,1,1,
cnr-01370,test,39,1,1,
cnr-01371,test,12,1,1,
cnr-01372,test,22,1,1,
cnr-01373,dev,16,1,1,
cnr-01374,test,44,1,1,
cnr-01375,dev,15,1,1,
cnr-01376,test,17,1,1,
cnr-01377,dev,16,1,1,
cnr-01378,test,65,1,1,
cnr-01379,dev,60,1,1,
cnr-01380,test,17,1,1,
cnr-01381,test,19,1,1,
cnr-01382,test,61,1,1,
cnr-01383,dev,8,1,1,
cnr-01384,test,19,1,1,
cnr-01385,test,17,1,1,
cnr-01386,test,18,1,1,
cnr-01387,test,13,1,1,
cnr-01388,test,13,1,1,
cnr-01389,test,24,1,1,
cnr-01390,test,21,1,1,
cnr-01391,test,10,1,1,
cnr-01392,test,4,1,1,
cnr-01393,dev,20,1,1,
cnr-01394,dev,14,1,1,
cnr-01395,test,12,1,1,
cnr-01396,test,59,1,1,
cnr-01397,dev,45,1,1,
cnr-01398,test,54,1,1,
cnr-01399,test,38,1,1,
cnr-01400,test,15,1,1,
cnr-01401,dev,9,1,1,
cnr-01402,test,11,1,1,
cnr-01403,dev,14,1,1,
cnr-01404,dev,66,1,1,
cnr-01405,dev,14,1,1,
cnr-01406,test,4,1,1,
cnr-01407,test,38,1,1,
cnr-01408,test,62,1,1,
cnr-01409,dev,22,1,1,
cnr-01410,test,100,1,1,
cnr-01411,test,39,1,1,
cnr-01412,test,98,1,1,
cnr-01413,dev,12,1,1,
cnr-01414,dev,22,1,1,
cnr-01415,test,7,1,1,
cnr-01416,test,56,1,1,
cnr-01417,test,10,1,1,
cnr-01418,test,11,1,1,
cnr-01419,test,10,1,1,
cnr-01420,test,99,1,1,
cnr-01421,test,7,1,1,
cnr-01422,test,16,1,1,
cnr-01423,test,25,1,1,
cnr-01424,test,18,1,1,
cnr-01425,test,50,1,1,
cnr-01426,test,18,1,1,
cnr-01427,dev,20,1,1,
cnr-01428,test,87,1,1,
cnr-01429,test,8,1,1,
cnr-01430,dev,17,1,1,
cnr-01431,test,19,1,1,
cnr-01432,test,11,1,1,
cnr-01433,test,49,1,1,
cnr-01434,dev,14,1,1,
cnr-01435,dev,49,1,1,
cnr-01436,dev,13,1,1,
cnr-01437,test,29,1,1,
cnr-01438,dev,16,1,1,
cnr-01439,test,18,1,1,
cnr-01440,test,22,1,1,
cnr-01441,dev,27,1,1,
cnr-01442,dev,19,1,1,
cnr-01443,dev,32,1,1,
cnr-01444,dev,26,1,1,
cnr-01445,test,22,1,1,
cnr-01446,test,22,1,1,
cnr-01447,dev,27,1,1,
cnr-01448,dev,7,1,1,
cnr-01449,dev,15,1,1,
cnr-01450,test,15,1,1,
cnr-01451,test,15,1,1,
cnr-01452,dev,23,1,1,
cnr-01453,test,66,1,1,
cnr-01454,test,10,1,1,
cnr-01455,test,16,1,1,
cnr-01456,dev,8,1,1,
cnr-01457,test,33,1,1,
cnr-01458,dev,27,1,1,
cnr-01459,test,46,1,1,
cnr-01460,dev,17,1,1,
cnr-01461,test,46,1,1,
cnr-01462,test,81,1,1,
cnr-01463,test,13,1,1,
cnr-01464,test,27,1,1,
cnr-01465,test,36,1,1,
cnr-01466,test,11,1,1,
cnr-01467,test,17,1,1,
cnr-01468,test,30,1,1,
cnr-01469,dev,49,1,1,
cnr-01470,dev,13,1,1,
cnr-01471,dev,15,1,1,
cnr-01472,test,28,1,1,
cnr-01473,dev,28,1,1,
cnr-01474,test,12,1,1,
cnr-01475,test,17,1,1,
cnr-01476,test,23,1,1,
cnr-01477,test,16,1,1,
cnr-01478,dev,17,1,1,
cnr-01479,test,24,1,1,
cnr-01480,test,12,1,1,
cnr-01481,test,22,1,1,
cnr-01482,test,21,1,1,
cnr-01483,dev,18,1,1,
cnr-01484,test,14,1,1,
cnr-01485,test,19,1,1,
cnr-01486,test,27,1,1,
cnr-01487,test,12,1,1,
cnr-01488,test,116,1,1,
cnr-01489,dev,40,1,1,
cnr-01490,test,23,1,1,
cnr-01491,dev,41,1,1,
cnr-01492,test,16,1,1,
cnr-01493,test,44,1,1,
cnr-01494,test,35,1,1,
cnr-01495,test,22,1,1,
cnr-01496,test,9,1,1,
cnr-01497,dev,25,1,1,
cnr-01498,test,17,1,1,
cnr-01499,dev,13,1,1,
cnr-01500,dev,18,1,1,
cnr-01501,test,18,1,1,
cnr-01502,test,11,1,1,
cnr-01503,dev,53,1,1,
cnr-01504,test,50,1,1,
cnr-01505,test,7,1,1,
cnr-01506,test,82,1,1,
cnr-01507,test,17,1,1,
cnr-01508,test,13,1,1,
cnr-01509,dev,8,1,1,
cnr-01510,test,71,1,1,
cnr-01511,test,12,1,1,
cnr-01512,dev,17,1,1,
cnr-01513,test,19,1,1,
cnr-01514,dev,16,1,1,
cnr-01515,test,9,1,1,
cnr-01516,test,9,1,1,
cnr-01517,test,28,1,1,
cnr-01518,dev,11,1,1,
cnr-01519,test,29,1,1,
cnr-01520,dev,26,1,1,
cnr-01521,test,10,1,1,
cnr-01522,test,9,1,1,
cnr-01523,test,40,1,1,
cnr-01524,test,44,1,1,
cnr-01525,dev,11,1,1,
cnr-01526,test,29,1,1,
cnr-01527,test,14,1,1,
cnr-01528,test,18,1,1,
cnr-01529,dev,19,1,1,
cnr-01530,test,8,1,1,
cnr-01531,test,52,1,1,
cnr-01532,test,32,1,1,
cnr-01533,dev,16,1,1,
cnr-01534,test,26,1,1,
cnr-01535,test,32,1,1,
cnr-01536,test,16,1,1,
cnr-01537,test,20,1,1,
cnr-01538,dev,20,1,1,
cnr-01539,test,46,1,1,
cnr-01540,test,18,1,1,
cnr-01541,test,61,1,1,
cnr-01542,test,24,1,1,
cnr-01543,test,39,1,1,
cnr-01544,test,27,1,1,
cnr-01545,test,38,1,1,
cnr-01546,test,22,1,1,
cnr-01547,test,19,1,1,
cnr-01548,test,10,1,1,
cnr-01549,test,69,1,1,
cnr-01550,test,62,1,1,
cnr-01551,test,43,1,1,
cnr-01552,dev,21,1,1,
cnr-01553,test,9,1,1,
cnr-01554,dev,17,1,1,
cnr-01555,test,13,1,1,
cnr-01556,test,38,1,1,
cnr-01557,dev,70,1,1,
cnr-01558,test,24,1,1,
cnr-01559,dev,7,1,1,
cnr-01560,test,68,1,1,
cnr-01561,dev,17,1,1,
cnr-01562,dev,18,1,1,
cnr-01563,dev,29,1,1,
cnr-01564,test,15,1,1,
cnr-01565,test,28,1,1,
cnr-01566,test,11,1,1,
cnr-01567,dev,25,1,1,
cnr-01568,dev,15,1,1,
cnr-01569,test,10,1,1,
cnr-01570,test,10,1,1,
cnr-01571,test,27,1,1,
cnr-01572,test,16,1,1,
cnr-01573,dev,18,1,1,
cnr-01574,test,35,1,1,
cnr-01575,test,7,1,1,
cnr-01576,test,11,1,1,
cnr-01577,dev,32,1,1,
cnr-01578,test,22,1,1,
cnr-01579,dev,22,1,1,
cnr-01580,dev,23,1,1,
cnr-01581,test,45,1,1,
cnr-01582,test,37,1,1,
cnr-01583,test,9,1,1,
cnr-01584,test,44,1,1,
cnr-01585,test,13,1,1,
cnr-01586,dev,19,1,1,
cnr-01587,test,32,1,1,
cnr-01588,test,43,1,1,
cnr-01589,test,31,1,1,
cnr-01590,test,6,1,1,
cnr-01591,test,10,1,1,
cnr-01592,test,22,1,1,
cnr-01593,dev,18,1,1,
cnr-01594,test,36,1,1,
cnr-01595,dev,15,1,1,
cnr-01596,test,12,1,1,
cnr-01597,dev,4,1,1,
cnr-01598,test,32,1,1,
cnr-01599,test,19,1,1,
cnr-01600,test,27,1,1,
cnr-01601,dev,56,1,1,
cnr-01602,test,38,1,1,
cnr-01603,test,35,1,1,
cnr-01604,test,69,1,1,
cnr-01605,test,18,1,1,
cnr-01606,test,13,1,1,
cnr-01607,test,22,1,1,
cnr-01608,test,11,1,1,
cnr-01609,test,33,1,1,
cnr-01610,dev,37,1,1,
cnr-01611,test,62,1,1,
cnr-01612,dev,15,1,1,
cnr-01613,test,22,1,1,
cnr-01614,dev,49,1,1,
cnr-01615,test,50,1,1,
cnr-01616,dev,22,1,1,
cnr-01617,test,28,1,1,
cnr-01618,test,23,1,1,
cnr-01619,test,17,1,1,
cnr-01620,test,36,1,1,
cnr-01621,test,15,1,1,
cnr-01622,test,25,1,1,
cnr-01623,dev,18,1,1,
cnr-01624,dev,12,1,1,
cnr-01625,test,15,1,1,
cnr-01626,test,5,1,1,
cnr-01627,test,26,1,1,
cnr-01628,dev,11,1,1,
cnr-01629,test,26,1,1,
cnr-01630,dev,10,1,1,
cnr-01631,test,51,1,1,
cnr-01632,dev,20,1,1,
cnr-01633,dev,17,1,1,
cnr-01634,dev,88,1,1,
cnr-01635,test,17,1,1,
cnr-01636,test,68,1,1,
cnr-01637,test,55,1,1,
cnr-01638,dev,22,1,1,
cnr-01639,dev,23,1,1,
cnr-01640,dev,24,1,1,
cnr-01641,dev,13,1,1,
cnr-01642,test,67,1,1,
cnr-01643,dev,36,1,1,
cnr-01644,test,18,1,1,
cnr-01645,dev,49,1,1,
cnr-01646,dev,18,1,1,
cnr-01647,test,22,1,1,
cnr-01648,dev,11,1,1,
cnr-01649,test,21,1,1,
cnr-01650,dev,10,1,1,
cnr-01651,test,25,1,1,
cnr-01652,test,23,1,1,
cnr-01653,test,14,1,1,
cnr-01654,test,14,1,1,
cnr-01655,test,39,1,1,
cnr-01656,test,71,1,1,
cnr-01657,test,46,1,1,
cnr-01658,test,59,1,1,
cnr-01659,test,20,1,1,
cnr-01660,test,15,1,1,
cnr-01661,dev,47,1,1,
cnr-01662,dev,5,1,1,
cnr-01663,test,23,1,1,
cnr-01664,test,76,1,1,
cnr-01665,dev,20,1,1,
cnr-01666,test,13,1,1,
cnr-01667,dev,31,1,1,
cnr-01668,test,77,1,1,
cnr-01669,dev,17,1,1,
cnr-01670,test,21,1,1,
cnr-01671,test,20,1,1,
cnr-01672,dev,82,1,1,
cnr-01673,test,9,1,1,
cnr-01674,test,31,1,1,
cnr-01675,test,17,1,1,
cnr-01676,test,10,1,1,
cnr-01677,dev,16,1,1,
cnr-01678,test,15,1,1,
cnr-01679,dev,23,1,1,
cnr-01680,test,31,1,1,
cnr-01681,test,19,1,1,
cnr-01682,test,10,1,1,
cnr-01683,dev,16,1,1,
cnr-01684,test,28,1,1,
cnr-01685,test,46,1,1,
cnr-01686,test,50,1,1,
cnr-01687,test,14,1,1,
cnr-01688,test,12,1,1,
cnr-01689,dev,12,1,1,
cnr-01690,test,7,1,1,
cnr-01691,test,10,1,1,
cnr-01692,test,44,1,1,
cnr-01693,dev,10,1,1,
cnr-01694,test,9,1,1,
cnr-01695,dev,12,1,1,
cnr-01696,dev,10,1,1,
cnr-01697,test,13,1,1,
cnr-01698,test,104,1,1,
cnr-01699,test,29,1,1,
cnr-01700,test,58,1,1,
cnr-01701,test,36,1,1,
cnr-01702,test,3,1,1,
cnr-01703,test,21,1,1,
cnr-01704,test,28,1,1,
cnr-01705,dev,20,1,1,
cnr-01706,dev,17,1,1,
cnr-01707,dev,40,1,1,
cnr-01708,test,16,1,1,
cnr-01709,test,61,1,1,
cnr-01710,test,15,1,1,
cnr-01711,test,22,1,1,
cnr-01712,dev,19,1,1,
cnr-01713,dev,17,1,1,
cnr-01714,dev,38,1,1,
cnr-01715,dev,18,1,1,
cnr-01716,dev,20,1,1,
cnr-01717,test,27,1,1,
cnr-01718,test,31,1,1,
cnr-01719,dev,11,1,1,
cnr-01720,test,22,1,1,
cnr-01721,test,19,1,1,
cnr-01722,dev,9,1,1,
cnr-01723,test,18,1,1,
cnr-01724,test,53,1,1,
cnr-01725,dev,8,1,1,
cnr-01726,dev,58,1,1,
cnr-01727,test,19,1,1,
cnr-01728,test,4,1,1,
cnr-01729,test,6,1,1,
cnr-01730,test,31,1,1,
cnr-01731,test,29,1,1,
cnr-01732,test,20,1,1,
cnr-01733,dev,18,1,1,
cnr-01734,dev,13,1,1,
cnr-01735,test,12,1,1,
cnr-01736,test,13,1,1,
cnr-01737,dev,58,1,1,
cnr-01738,test,22,1,1,
cnr-01739,test,25,1,1,
cnr-01740,test,45,1,1,
cnr-01741,dev,10,1,1,
cnr-01742,test,25,1,1,
cnr-01743,dev,19,1,1,
cnr-01744,dev,15,1,1,
cnr-01745,dev,27,1,1,
cnr-01746,test,41,1,1,
cnr-01747,test,57,1,1,
cnr-01748,test,23,1,1,
cnr-01749,dev,41,1,1,
cnr-01750,test,43,1,1,
cnr-01751,test,40,1,1,
cnr-01752,test,14,1,1,
cnr-01753,test,32,1,1,
cnr-01754,test,46,1,1,
cnr-01755,dev,49,1,1,
cnr-01756,test,21,1,1,
cnr-01757,test,21,1,1,
cnr-01758,dev,20,1,1,
cnr-01759,dev,30,1,1,
cnr-01760,test,7,1,1,
cnr-01761,test,9,1,1,
cnr-01762,dev,15,1,1,
cnr-01763,dev,22,1,1,
cnr-01764,dev,45,1,1,
cnr-01765,dev,24,1,1,
cnr-01766,test,12,1,1,
cnr-01767,dev,19,1,1,
cnr-01768,dev,14,1,1,
cnr-01769,test,62,1,1,
cnr-01770,dev,7,1,1,
cnr-01771,test,55,1,1,
cnr-01772,test,10,1,1,
cnr-01773,test,15,1,1,
cnr-01774,test,44,1,1,
cnr-01775,test,29,1,1,
cnr-01776,dev,55,1,1,
cnr-01777,test,11,1,1,
cnr-01778,test,42,1,1,
cnr-01779,test,19,1,1,
cnr-01780,test,68,1,1,
cnr-01781,test,36,1,1,
cnr-01782,dev,13,1,1,
cnr-01783,dev,10,1,1,
cnr-01784,test,76,1,1,
cnr-01785,test,20,1,1,
cnr-01786,test,18,1,1,
cnr-01787,test,12,1,1,
cnr-01788,test,36,1,1,
cnr-01789,dev,27,1,1,
cnr-01790,dev,58,1,1,
cnr-01791,test,20,1,1,
cnr-01792,test,38,1,1,
cnr-01793,test,19,1,1,
cnr-01794,dev,16,1,1,
cnr-01795,dev,75,1,1,
cnr-01796,test,4,1,1,
cnr-01797,test,10,1,1,
cnr-01798,test,36,1,1,
cnr-01799,test,44,1,1,
cnr-01800,dev,17,1,1,
cnr-01801,test,35,1,1,
cnr-01802,test,18,1,1,
cnr-01803,test,52,1,1,
cnr-01804,dev,45,1,1,
cnr-01805,test,42,1,1,
cnr-01806,test,17,1,1,
cnr-01807,test,6,1,1,
cnr-01808,test,15,1,1,
cnr-01809,test,14,1,1,
cnr-01810,test,15,1,1,
cnr-01811,dev,12,1,1,
cnr-01812,dev,29,1,1,
cnr-01813,dev,17,1,1,
cnr-01814,test,17,1,1,
cnr-01815,test,30,1,1,
cnr-01816,test,20,1,1,
cnr-01817,dev,18,1,1,
cnr-01818,test,67,1,1,
cnr-01819,test,12,1,1,
cnr-01820,test,36,1,1,
cnr-01821,test,33,1,1,
cnr-01822,test,17,1,1,
cnr-01823,test,22,1,1,
cnr-01824,test,18,1,1,
cnr-01825,test,19,1,1,
cnr-01826,test,99,1,1,
cnr-01827,test,63,1,1,
cnr-01828,dev,41,1,1,
cnr-01829,dev,28,1,1,
cnr-01830,test,38,1,1,
cnr-01831,dev,14,1,1,
cnr-01832,dev,28,1,1,
cnr-01833,test,8,1,1,
cnr-01834,test,17,1,1,
cnr-01835,test,29,1,1,
cnr-01836,test,29,1,1,
cnr-01837,test,95,1,1,
cnr-01838,dev,20,1,1,
cnr-01839,test,7,1,1,
cnr-01840,dev,19,1,1,
cnr-01841,test,36,1,1,
cnr-01842,test,32,1,1,
cnr-01843,dev,10,1,1,
cnr-01844,test,32,1,1,
cnr-01845,dev,14,1,1,
cnr-01846,test,58,1,1,
cnr-01847,test,45,1,1,
cnr-01848,test,45,1,1,
cnr-01849,test,31,1,1,
cnr-01850,test,69,1,1,
cnr-01851,test,22,1,1,
cnr-01852,test,10,1,1,
cnr-01853,test,14,1,1,
cnr-01854,dev,21,1,1,
cnr-01855,test,21,1,1,
cnr-01856,dev,22,1,1,
cnr-01857,test,5,1,1,
cnr-01858,dev,60,1,1,
cnr-01859,test,34,1,1,
cnr-01860,dev,25,1,1,
cnr-01861,dev,7,1,1,
cnr-01862,test,16,1,1,
cnr-01863,test,22,1,1,
cnr-01864,dev,45,1,1,
cnr-01865,test,62,1,1,
cnr-01866,dev,29,1,1,
cnr-01867,test,14,1,1,
cnr-01868,dev,31,1,1,
cnr-01869,dev,18,1,1,
cnr-01870,dev,17,1,1,
cnr-01871,test,21,1,1,
cnr-01872,test,23,1,1,
cnr-01873,dev,27,1,1,
cnr-01874,dev,11,1,1,
cnr-01875,test,33,1,1,
cnr-01876,test,36,1,1,
cnr-01877,dev,43,1,1,
cnr-01878,test,23,1,1,
cnr-01879,dev,47,1,1,
cnr-01880,test,13,1,1,
cnr-01881,test,56,1,1,
cnr-01882,dev,18,1,1,
cnr-01883,test,12,1,1,
cnr-01884,dev,19,1,1,
cnr-01885,test,11,1,1,
cnr-01886,test,18,1,1,
cnr-01887,dev,26,1,1,
cnr-01888,test,12,1,1,
cnr-01889,test,20,1,1,
cnr-01890,dev,55,1,1,
cnr-01891,dev,71,1,1,
cnr-01892,dev,87,1,1,
cnr-01893,dev,93,1,1,
cnr-01894,dev,14,1,1,
cnr-01895,test,24,1,1,
cnr-01896,test,14,1,1,
cnr-01897,test,14,1,1,
cnr-01898,test,10,1,1,
cnr-01899,dev,20,1,1,
cnr-01900,test,46,1,1,
cnr-01901,test,29,1,1,
cnr-01902,test,14,1,1,
cnr-01903,dev,52,1,1,
cnr-01904,test,46,1,1,
cnr-01905,test,34,1,1,
cnr-01906,test,27,1,1,
cnr-01907,dev,14,1,1,
cnr-01908,test,42,1,1,
cnr-01909,dev,17,1,1,
cnr-01910,test,33,1,1,
cnr-01911,dev,12,1,1,
cnr-01912,dev,29,1,1,
cnr-01913,test,26,1,1,
cnr-01914,test,27,1,1,
cnr-01915,dev,42,1,1,
cnr-01916,test,30,1,1,
cnr-01917,test,12,1,1,
cnr-01918,test,22,1,1,
cnr-01919,dev,60,1,1,
cnr-01920,dev,35,1,1,
cnr-01921,dev,29,1,1,
cnr-01922,test,30,1,1,
cnr-01923,test,27,1,1,
cnr-01924,dev,34,1,1,
cnr-01925,test,26,1,1,
cnr-01926,dev,49,1,1,
cnr-01927,dev,29,1,1,
cnr-01928,dev,34,1,1,
cnr-01929,dev,21,1,1,
cnr-01930,test,15,1,1,
cnr-01931,dev,18,1,1,
cnr-01932,test,25,1,1,
cnr-01933,test,5,1,1,
cnr-01934,dev,9,1,1,
cnr-01935,test,28,1,1,
cnr-01936,test,39,1,1,
cnr-01937,test,56,1,1,
cnr-01938,dev,17,1,1,
cnr-01939,test,59,1,1,
cnr-01940,dev,54,1,1,
cnr-01941,dev,27,1,1,
cnr-01942,dev,20,1,1,
cnr-01943,test,14,1,1,
cnr-01944,test,27,1,1,
cnr-01945,test,19,1,1,
cnr-01946,test,34,1,1,
cnr-01947,test,24,1,1,
cnr-01948,test,66,1,1,
cnr-01949,test,42,1,1,
cnr-01950,test,21,1,1,
cnr-01951,test,33,1,1,
cnr-01952,test,31,1,1,
cnr-01953,dev,15,1,1,
cnr-01954,test,20,1,1,
cnr-01955,test,29,1,1,
cnr-01956,dev,10,1,1,
cnr-01957,test,13,1,1,
cnr-01958,dev,51,1,1,
cnr-01959,dev,18,1,1,
cnr-01960,test,13,1,1,
cnr-01961,dev,29,1,1,
cnr-01962,test,14,1,1,
cnr-01963,test,13,1,1,
cnr-01964,test,12,1,1,
cnr-01965,test,35,1,1,
cnr-01966,dev,16,1,1,
cnr-01967,test,41,1,1,
cnr-01968,test,48,1,1,
cnr-01969,test,13,1,1,
cnr-01970,test,13,1,1,
cnr-01971,test,30,1,1,
cnr-01972,dev,16,1,1,
cnr-01973,dev,6,1,1,
cnr-01974,test,25,1,1,
cnr-01975,test,5,1,1,
cnr-01976,test,22,1,1,
cnr-01977,test,30,1,1,
cnr-01978,test,36,1,1,
cnr-01979,dev,17,1,1,
cnr-01980,test,17,1,1,
cnr-01981,test,4,1,1,
cnr-01982,test,82,1,1,
cnr-01983,dev,5,1,1,
cnr-01984,dev,82,1,1,
cnr-01985,test,71,1,1,
cnr-01986,test,17,1,1,
cnr-01987,test,13,1,1,
cnr-01988,dev,28,1,1,
cnr-01989,test,21,1,1,
cnr-01990,dev,37,1,1,
cnr-01991,test,13,1,1,
cnr-01992,test,10,1,1,
cnr-01993,test,11,1,1,
cnr-01994,test,19,1,1,
cnr-01995,test,65,1,1,
cnr-01996,test,32,1,1,
cnr-01997,dev,10,1,1,
cnr-01998,test,71,1,1,
cnr-01999,test,53,1,1,
cnr-02000,test,38,1,1,
cnr-02001,test,15,1,1,
cnr-02002,test,26,1,1,
cnr-02003,test,81,1,1,
cnr-02004,test,22,1,1,
cnr-02005,dev,81,1,1,
cnr-02006,test,14,1,1,
cnr-02007,test,21,1,1,
cnr-02008,dev,47,1,1,
cnr-02009,test,12,1,1,
cnr-02010,test,15,1,1,
cnr-02011,dev,15,1,1,
cnr-02012,test,39,1,1,
cnr-02013,test,51,1,1,
cnr-02014,dev,31,1,1,
cnr-02015,test,10,1,1,
cnr-02016,test,31,1,1,
cnr-02017,test,13,1,1,
cnr-02018,test,96,1,1,
cnr-02019,test,29,1,1,
cnr-02020,test,16,1,1,
cnr-02021,dev,33,1,1,
cnr-02022,test,39,1,1,
cnr-02023,test,18,1,1,
cnr-02024,dev,10,1,1,
cnr-02025,test,20,1,1,
cnr-02026,test,10,1,1,
cnr-02027,test,45,1,1,
cnr-02028,test,23,1,1,
cnr-02029,dev,35,1,1,
cnr-02030,test,7,1,1,
cnr-02031,dev,26,1,1,
cnr-02032,dev,86,1,1,
cnr-02033,test,11,1,1,
cnr-02034,dev,21,1,1,
cnr-02035,dev,43,1,1,
cnr-02036,test,18,1,1,
cnr-02037,dev,56,1,1,
cnr-02038,dev,3,1,1,
cnr-02039,test,18,1,1,
cnr-02040,dev,12,1,1,
cnr-02041,test,44,1,1,
cnr-02042,test,17,1,1,
cnr-02043,test,47,1,1,
cnr-02044,dev,8,1,1,
cnr-02045,dev,24,1,1,
cnr-02046,dev,82,1,1,
cnr-02047,test,30,1,1,
cnr-02048,test,14,1,1,
cnr-02049,dev,20,1,1,
cnr-02050,test,30,1,1,
cnr-02051,dev,55,1,1,
cnr-02052,dev,19,1,1,
cnr-02053,dev,23,1,1,
cnr-02054,test,29,1,1,
cnr-02055,dev,25,1,1,
cnr-02056,test,11,1,1,
cnr-02057,dev,43,1,1,
cnr-02058,test,28,1,1,
cnr-02059,test,8,1,1,
cnr-02060,test,40,1,1,
cnr-02061,test,20,1,1,
cnr-02062,dev,39,1,1,
cnr-02063,test,27,1,1,
cnr-02064,dev,65,1,1,
cnr-02065,test,33,1,1,
cnr-02066,dev,16,1,1,
cnr-02067,test,9,1,1,
cnr-02068,test,9,1,1,
cnr-02069,test,23,1,1,
cnr-02070,test,25,1,1,
cnr-02071,test,14,1,1,
cnr-02072,test,76,1,1,
cnr-02073,dev,15,1,1,
cnr-02074,test,58,1,1,
cnr-02075,test,28,1,1,
cnr-02076,test,98,1,1,
cnr-02077,test,24,1,1,
cnr-02078,test,30,1,1,
cnr-02079,dev,9,1,1,
cnr-02080,test,25,1,1,
cnr-02081,test,17,1,1,
cnr-02082,dev,1,1,1,
cnr-02083,dev,23,1,1,
cnr-02084,test,43,1,1,
cnr-02085,test,10,1,1,
cnr-02086,test,2,1,1,
cnr-02087,test,29,1,1,
cnr-02088,test,47,1,1,
cnr-02089,dev,21,1,1,
cnr-02090,dev,18,1,1,
cnr-02091,test,12,1,1,
cnr-02092,dev,12,1,1,
cnr-02093,test,20,1,1,
cnr-02094,test,13,1,1,
cnr-02095,test,46,1,1,
cnr-02096,dev,26,1,1,
cnr-02097,dev,7,1,1,
cnr-02098,test,31,1,1,
cnr-02099,test,82,1,1,
cnr-02100,dev,21,1,1,
cnr-02101,dev,24,1,1,
cnr-02102,test,13,1,1,
cnr-02103,test,19,1,1,
cnr-02104,dev,29,1,1,
cnr-02105,test,17,1,1,
cnr-02106,test,21,1,1,
cnr-02107,test,20,1,1,
cnr-02108,test,10,1,1,
cnr-02109,test,26,1,1,
cnr-02110,test,36,1,1,
cnr-02111,test,47,1,1,
cnr-02112,dev,18,1,1,
cnr-02113,dev,26,1,1,
cnr-02114,dev,74,1,1,
cnr-02115,dev,50,1,1,
cnr-02116,test,14,1,1,
cnr-02117,test,65,1,1,
cnr-02118,test,36,1,1,
cnr-02119,test,7,1,1,
cnr-02120,test,17,1,1,
cnr-02121,test,80,1,1,
cnr-02122,test,32,1,1,
cnr-02123,dev,14,1,1,
cnr-02124,dev,19,1,1,
cnr-02125,test,38,1,1,
cnr-02126,test,11,1,1,
cnr-02127,test,25,1,1,
cnr-02128,test,10,1,1,
cnr-02129,dev,24,1,1,
cnr-02130,test,28,1,1,
cnr-02131,dev,12,1,1,
cnr-02132,dev,39,1,1,
cnr-02133,test,65,1,1,
cnr-02134,test,7,1,1,
cnr-02135,dev,11,1,1,
cnr-02136,dev,50,1,1,
cnr-02137,test,11,1,1,
cnr-02138,test,17,1,1,
cnr-02139,test,56,1,1,
cnr-02140,test,19,1,1,
cnr-02141,dev,18,1,1,
cnr-02142,test,15,1,1,
cnr-02143,dev,11,1,1,
cnr-02144,test,19,1,1,
cnr-02145,test,32,1,1,
cnr-02146,dev,30,1,1,
cnr-02147,test,27,1,1,
cnr-02148,test,17,1,1,
cnr-02149,test,20,1,1,
cnr-02150,test,16,1,1,
cnr-02151,dev,10,1,1,
cnr-02152,test,26,1,1,
cnr-02153,test,23,1,1,
cnr-02154,dev,26,1,1,
cnr-02155,dev,39,1,1,
cnr-02156,test,24,1,1,
cnr-02157,test,37,1,1,
cnr-02158,dev,12,1,1,
cnr-02159,test,6,1,1,
cnr-02160,test,14,1,1,
cnr-02161,test,18,1,1,
cnr-02162,dev,18,1,1,
cnr-02163,test,12,1,1,
cnr-02164,test,15,1,1,
cnr-02165,test,14,1,1,
cnr-02166,test,41,1,1,
cnr-02167,dev,17,1,1,
cnr-02168,test,18,1,1,
cnr-02169,test,18,1,1,
cnr-02170,dev,17,1,1,
cnr-02171,test,48,1,1,
cnr-02172,dev,45,1,1,
cnr-02173,test,43,1,1,
cnr-02174,dev,29,1,1,
cnr-02175,test,16,1,1,
cnr-02176,test,13,1,1,
cnr-02177,dev,12,1,1,
cnr-02178,dev,37,1,1,
cnr-02179,test,19,1,1,
cnr-02180,dev,13,1,1,
cnr-02181,test,7,1,1,
cnr-02182,test,23,1,1,
cnr-02183,test,49,1,1,
cnr-02184,test,15,1,1,
cnr-02185,dev,29,1,1,
cnr-02186,dev,27,1,1,
cnr-02187,test,14,1,1,
cnr-02188,test,15,1,1,
cnr-02189,test,18,1,1,
cnr-02190,dev,31,1,1,
cnr-02191,test,14,1,1,
cnr-02192,test,20,1,1,
cnr-02193,test,25,1,1,
cnr-02194,test,21,1,1,
cnr-02195,dev,26,1,1,
cnr-02196,dev,12,1,1,
cnr-02197,test,23,1,1,
cnr-02198,test,94,1,1,
cnr-02199,test,16,1,1,
cnr-02200,test,12,1,1,
cnr-02201,test,27,1,1,
cnr-02202,dev,20,1,1,
cnr-02203,test,23,1,1,
cnr-02204,dev,33,1,1,
cnr-02205,test,12,1,1,
cnr-02206,dev,14,1,1,
cnr-02207,test,26,1,1,
cnr-02208,test,6,1,1,
cnr-02209,dev,11,1,1,
cnr-02210,test,25,1,1,
cnr-02211,test,18,1,1,
cnr-02212,dev,43,1,1,
cnr-02213,dev,12,1,1,
cnr-02214,dev,84,1,1,
cnr-02215,test,14,1,1,
cnr-02216,test,39,1,1,
cnr-02217,test,44,1,1,
cnr-02218,test,46,1,1,
cnr-02219,test,42,1,1,
cnr-02220,test,60,1,1,
cnr-02221,dev,82,1,1,
cnr-02222,test,60,1,1,
cnr-02223,dev,33,1,1,
cnr-02224,dev,11,1,1,
cnr-02225,test,4,1,1,
cnr-02226,test,15,1,1,
cnr-02227,test,16,1,1,
cnr-02228,test,25,1,1,
cnr-02229,test,10,1,1,
cnr-02230,test,25,1,1,
cnr-02231,test,28,1,1,
cnr-02232,test,42,1,1,
cnr-02233,test,56,1,1,
cnr-02234,test,21,1,1,
cnr-02235,dev,14,1,1,
cnr-02236,dev,11,1,1,
cnr-02237,dev,16,1,1,
cnr-02238,test,28,1,1,
cnr-02239,test,23,1,1,
cnr-02240,dev,25,1,1,
cnr-02241,test,53,1,1,
cnr-02242,dev,12,1,1,
cnr-02243,test,14,1,1,
cnr-02244,dev,41,1,1,
cnr-02245,test,22,1,1,
cnr-02246,test,61,1,1,
cnr-02247,dev,60,1,1,
cnr-02248,test,28,1,1,
cnr-02249,test,65,1,1,
cnr-02250,test,8,1,1,
cnr-02251,dev,26,1,1,
cnr-02252,dev,28,1,1,
cnr-02253,dev,2,1,1,
cnr-02254,test,8,1,1,
cnr-02255,dev,45,1,1,
cnr-02256,test,12,1,1,
cnr-02257,test,20,1,1,
cnr-02258,dev,70,1,1,
cnr-02259,dev,12,1,1,
cnr-02260,test,48,1,1,
cnr-02261,dev,25,1,1,
cnr-02262,test,7,1,1,
cnr-02263,dev,58,1,1,
cnr-02264,dev,29,1,1,
cnr-02265,test,18,1,1,
cnr-02266,test,8,1,1,
cnr-02267,test,22,1,1,
cnr-02268,dev,10,1,1,
cnr-02269,dev,12,1,1,
cnr-02270,test,36,1,1,
cnr-02271,test,39,1,1,
cnr-02272,test,28,1,1,
cnr-02273,test,24,1,1,
cnr-02274,dev,8,1,1,
cnr-02275,test,67,1,1,
cnr-02276,test,28,1,1,
cnr-02277,test,62,1,1,
cnr-02278,test,14,1,1,
cnr-02279,test,19,1,1,
cnr-02280,test,21,1,1,
cnr-02281,test,21,1,1,
cnr-02282,test,9,1,1,
cnr-02283,test,21,1,1,
cnr-02284,test,20,1,1,
cnr-02285,test,20,1,1,
cnr-02286,test,16,1,1,
cnr-02287,test,9,1,1,
cnr-02288,dev,30,1,1,
cnr-02289,test,12,1,1,
cnr-02290,test,36,1,1,
cnr-02291,test,18,1,1,
cnr-02292,dev,27,1,1,
cnr-02293,test,59,1,1,
cnr-02294,test,67,1,1,
cnr-02295,test,9,1,1,
cnr-02296,dev,29,1,1,
cnr-02297,test,6,1,1,
cnr-02298,test,80,1,1,
cnr-02299,dev,32,1,1,
cnr-02300,test,9,1,1,
cnr-02301,test,91,1,1,
cnr-02302,test,23,1,1,
cnr-02303,test,56,1,1,
cnr-02304,test,25,1,1,
cnr-02305,test,8,1,1,
cnr-02306,test,15,1,1,
cnr-02307,dev,34,1,1,
cnr-02308,dev,26,1,1,
cnr-02309,dev,34,1,1,
cnr-02310,dev,8,1,1,
cnr-02311,test,12,1,1,
cnr-02312,dev,60,1,1,
cnr-02313,dev,24,1,1,
cnr-02314,test,14,1,1,
cnr-02315,test,26,1,1,
cnr-02316,test,37,1,1,
cnr-02317,dev,25,1,1,
cnr-02318,test,25,1,1,
cnr-02319,dev,63,1,1,
cnr-02320,test,19,1,1,
cnr-02321,test,6,1,1,
cnr-02322,dev,18,1,1,
cnr-02323,test,47,1,1,
cnr-02324,test,25,1,1,
cnr-02325,test,20,1,1,
cnr-02326,test,84,1,1,
cnr-02327,dev,5,1,1,
cnr-02328,test,21,1,1,
cnr-02329,dev,27,1,1,
cnr-02330,test,18,1,1,
cnr-02331,dev,54,1,1,
cnr-02332,test,8,1,1,
cnr-02333,test,20,1,1,
cnr-02334,test,23,1,1,
cnr-02335,test,51,1,1,
cnr-02336,dev,8,1,1,
cnr-02337,test,41,1,1,
cnr-02338,test,53,1,1,
cnr-02339,dev,9,1,1,
cnr-02340,test,15,1,1,
cnr-02341,dev,15,1,1,
cnr-02342,test,12,1,1,
cnr-02343,test,17,1,1,
cnr-02344,dev,18,1,1,
cnr-02345,dev,12,1,1,
cnr-02346,test,38,1,1,
cnr-02347,test,6,1,1,
cnr-02348,test,97,1,1,
cnr-02349,test,14,1,1,
cnr-02350,dev,30,1,1,
cnr-02351,test,14,1,1,
cnr-02352,test,9,1,1,
cnr-02353,test,58,1,1,
cnr-02354,test,17,1,1,
cnr-02355,test,15,1,1,
cnr-02356,test,47,1,1,
cnr-02357,test,5,1,1,
cnr-02358,test,7,1,1,
cnr-02359,dev,37,1,1,
cnr-02360,dev,28,1,1,
cnr-02361,dev,10,1,1,
cnr-02362,dev,19,1,1,
cnr-02363,dev,17,1,1,
cnr-02364,dev,14,1,1,
cnr-02365,test,13,1,1,
cnr-02366,test,10,1,1,
cnr-02367,test,66,1,1,
cnr-02368,test,24,1,1,
cnr-02369,test,12,1,1,
cnr-02370,dev,28,1,1,
cnr-02371,test,10,1,1,
cnr-02372,test,26,1,1,
cnr-02373,test,24,1,1,
cnr-02374,dev,9,1,1,
cnr-02375,test,31,1,1,
cnr-02376,test,27,1,1,
cnr-02377,dev,27,1,1,
cnr-02378,test,35,1,1,
cnr-02379,test,19,1,1,
cnr-02380,test,24,1,1,
cnr-02381,test,24,1,1,
cnr-02382,dev,9,1,1,
cnr-02383,dev,18,1,1,
cnr-02384,test,20,1,1,
cnr-02385,dev,11,1,1,
cnr-02386,test,37,1,1,
cnr-02387,test,21,1,1,
cnr-02388,dev,25,1,1,
cnr-02389,test,43,1,1,
cnr-02390,test,14,1,1,
cnr-02391,test,14,1,1,
cnr-02392,dev,51,1,1,
cnr-02393,test,36,1,1,
cnr-02394,test,27,1,1,
cnr-02395,dev,14,1,1,
cnr-02396,dev,16,1,1,
cnr-02397,test,37,1,1,
cnr-02398,test,23,1,1,
cnr-02399,test,62,1,1,
cnr-02400,dev,7,1,1,
cnr-02401,test,22,1,1,
cnr-02402,test,5,1,1,
cnr-02403,test,26,1,1,
cnr-02404,test,14,1,1,
cnr-02405,test,2,1,1,
cnr-02406,test,25,1,1,
cnr-02407,dev,32,1,1,
cnr-02408,test,21,1,1,
cnr-02409,test,8,1,1,
cnr-02410,test,22,1,1,
cnr-02411,test,35,1,1,
cnr-02412,test,48,1,1,
cnr-02413,dev,10,1,1,
cnr-02414,dev,70,1,1,
cnr-02415,dev,20,1,1,
cnr-02416,test,13,1,1,
cnr-02417,test,20,1,1,
cnr-02418,test,63,1,1,
cnr-02419,test,71,1,1,
cnr-02420,test,19,1,1,
cnr-02421,test,51,1,1,
cnr-02422,test,16,1,1,
cnr-02423,dev,13,1,1,
cnr-02424,test,30,1,1,
cnr-02425,dev,23,1,1,
cnr-02426,test,12,1,1,
cnr-02427,test,40,1,1,
cnr-02428,dev,72,1,1,
cnr-02429,dev,14,1,1,
cnr-02430,test,8,1,1,
cnr-02431,test,17,1,1,
cnr-02432,dev,24,1,1,
cnr-02433,test,14,1,1,
cnr-02434,test,23,1,1,
cnr-02435,dev,19,1,1,
cnr-02436,test,10,1,1,
cnr-02437,test,33,1,1,
cnr-02438,test,31,1,1,
cnr-02439,test,88,1,1,
cnr-02440,dev,14,1,1,
cnr-02441,dev,44,1,1,
cnr-02442,dev,12,1,1,
cnr-02443,test,27,1,1,
cnr-02444,test,20,1,1,
cnr-02445,test,43,1,1,
cnr-02446,test,16,1,1,
cnr-02447,test,15,1,1,
cnr-02448,dev,37,1,1,
cnr-02449,dev,12,1,1,
cnr-02450,test,19,1,1,
cnr-02451,test,33,1,1,
cnr-02452,test,19,1,1,
cnr-02453,test,48,1,1,
cnr-02454,test,51,1,1,
cnr-02455,test,30,1,1,
cnr-02456,dev,21,1,1,
cnr-02457,dev,68,1,1,
cnr-02458,dev,12,1,1,
cnr-02459,dev,32,1,1,
cnr-02460,test,8,1,1,
cnr-02461,dev,13,1,1,
cnr-02462,test,28,1,1,
cnr-02463,test,24,1,1,
cnr-02464,test,16,1,1,
cnr-02465,test,72,1,1,
cnr-02466,dev,63,1,1,
cnr-02467,test,38,1,1,
cnr-02468,dev,24,1,1,
cnr-02469,test,14,1,1,
cnr-02470,dev,34,1,1,
cnr-02471,dev,16,1,1,
cnr-02472,test,22,1,1,
cnr-02473,test,24,1,1,
cnr-02474,test,33,1,1,
cnr-02475,dev,85,1,1,
cnr-02476,test,21,1,1,
cnr-02477,test,38,1,1,
cnr-02478,test,4,1,1,
cnr-02479,dev,17,1,1,
cnr-02480,test,48,1,1,
cnr-02481,test,24,1,1,
cnr-02482,test,28,1,1,
cnr-02483,test,14,1,1,
cnr-02484,test,26,1,1,
cnr-02485,test,22,1,1,
cnr-02486,test,6,1,1,
cnr-02487,dev,20,1,1,
cnr-02488,test,46,1,1,
cnr-02489,test,14,1,1,
cnr-02490,test,24,1,1,
cnr-02491,test,34,1,1,
cnr-02492,dev,8,1,1,
cnr-02493,test,16,1,1,
cnr-02494,dev,22,1,1,
cnr-02495,test,35,1,1,
cnr-02496,dev,28,1,1,
cnr-02497,test,15,1,1,
cnr-02498,dev,11,1,1,
cnr-02499,test,10,1,1,
cnr-02500,test,12,1,1,
cnr-02501,test,31,1,1,
cnr-02502,test,25,1,1,
cnr-02503,test,35,1,1,
cnr-02504,test,45,1,1,
cnr-02505,dev,10,1,1,
cnr-02506,test,27,1,1,
cnr-02507,test,52,1,1,
cnr-02508,dev,44,1,1,
cnr-02509,test,20,1,1,
cnr-02510,dev,22,1,1,
cnr-02511,dev,35,1,1,
cnr-02512,test,27,1,1,
cnr-02513,dev,46,1,1,
cnr-02514,test,27,1,1,
cnr-02515,dev,22,1,1,
cnr-02516,test,61,1,1,
cnr-02517,test,65,1,1,
cnr-02518,test,67,1,1,
cnr-02519,test,17,1,1,
cnr-02520,test,82,1,1,
cnr-02521,test,41,1,1,
cnr-02522,test,22,1,1,
cnr-02523,test,15,1,1,
cnr-02524,test,21,1,1,
cnr-02525,dev,24,1,1,
cnr-02526,test,20,1,1,
cnr-02527,test,11,1,1,
cnr-02528,test,77,1,1,
cnr-02529,test,34,1,1,
cnr-02530,test,59,1,1,
cnr-02531,test,44,1,1,
cnr-02532,test,30,1,1,
cnr-02533,test,14,1,1,
cnr-02534,test,5,1,1,
cnr-02535,test,31,1,1,
cnr-02536,test,29,1,1,
cnr-02537,dev,32,1,1,
cnr-02538,test,17,1,1,
cnr-02539,test,13,1,1,
cnr-02540,dev,50,1,1,
cnr-02541,dev,21,1,1,
cnr-02542,dev,40,1,1,
cnr-02543,test,26,1,1,
cnr-02544,test,6,1,1,
cnr-02545,test,31,1,1,
cnr-02546,test,58,1,1,
cnr-02547,dev,16,1,1,
cnr-02548,dev,25,1,1,
cnr-02549,dev,10,1,1,
cnr-02550,dev,40,1,1,
cnr-02551,test,36,1,1,
cnr-02552,dev,48,1,1,
cnr-02553,dev,10,1,1,
cnr-02554,test,15,1,1,
cnr-02555,test,33,1,1,
cnr-02556,test,25,1,1,
cnr-02557,test,14,1,1,
cnr-02558,dev,10,1,1,
cnr-02559,dev,14,1,1,
cnr-02560,dev,68,1,1,
cnr-02561,dev,20,1,1,
cnr-02562,test,31,1,1,
cnr-02563,test,22,1,1,
cnr-02564,dev,7,1,1,
cnr-02565,test,45,1,1,
cnr-02566,test,27,1,1,
cnr-02567,test,50,1,1,
cnr-02568,test,11,1,1,
cnr-02569,test,21,1,1,
cnr-02570,dev,20,1,1,
cnr-02571,test,10,1,1,
cnr-02572,test,37,1,1,
cnr-02573,dev,37,1,1,
cnr-02574,test,14,1,1,
cnr-02575,test,35,1,1,
cnr-02576,test,22,1,1,
cnr-02577,test,18,1,1,
cnr-02578,dev,31,1,1,
cnr-02579,dev,64,1,1,
cnr-02580,test,25,1,1,
cnr-02581,test,7,1,1,
cnr-02582,test,56,1,1,
cnr-02583,test,72,1,1,
cnr-02584,test,55,1,1,
cnr-02585,test,11,1,1,
cnr-02586,test,29,1,1,
cnr-02587,test,34,1,1,
cnr-02588,test,31,1,1,
cnr-02589,dev,20,1,1,
cnr-02590,dev,14,1,1,
cnr-02591,test,34,1,1,
cnr-02592,dev,75,1,1,
cnr-02593,test,34,1,1,
cnr-02594,test,15,1,1,
cnr-02595,test,36,1,1,
cnr-02596,test,26,1,1,
cnr-02597,test,33,1,1,
cnr-02598,dev,12,1,1,
cnr-02599,test,24,1,1,
cnr-02600,dev,28,1,1,
cnr-02601,test,35,1,1,
cnr-02602,test,21,1,1,
cnr-02603,dev,23,1,1,
cnr-02604,test,7,1,1,
cnr-02605,test,12,1,1,
cnr-02606,dev,12,1,1,
cnr-02607,test,23,1,1,
cnr-02608,dev,12,1,1,
cnr-02609,test,27,1,1,
cnr-02610,test,32,1,1,
cnr-02611,test,81,1,1,
cnr-02612,test,8,1,1,
cnr-02613,test,15,1,1,
cnr-02614,dev,28,1,1,
cnr-02615,test,78,1,1,
cnr-02616,test,27,1,1,
cnr-02617,dev,54,1,1,
cnr-02618,test,19,1,1,
cnr-02619,test,16,1,1,
cnr-02620,test,7,1,1,
cnr-02621,test,16,1,1,
cnr-02622,test,50,1,1,
cnr-02623,dev,38,1,1,
cnr-02624,dev,12,1,1,
cnr-02625,test,12,1,1,
cnr-02626,test,8,1,1,
cnr-02627,test,11,1,1,
cnr-02628,test,24,1,1,
cnr-02629,test,42,1,1,
cnr-02630,test,12,1,1,
cnr-02631,test,18,1,1,
cnr-02632,dev,20,1,1,
cnr-02633,dev,14,1,1,
cnr-02634,test,16,1,1,
cnr-02635,dev,8,1,1,
cnr-02636,test,12,1,1,
cnr-02637,test,42,1,1,
cnr-02638,test,35,1,1,
cnr-02639,test,50,1,1,
cnr-02640,test,22,1,1,
cnr-02641,test,5,1,1,
cnr-02642,test,19,1,1,
cnr-02643,dev,15,1,1,
cnr-02644,test,6,1,1,
cnr-02645,test,9,1,1,
cnr-02646,test,24,1,1,
cnr-02647,test,28,1,1,
cnr-02648,dev,12,1,1,
cnr-02649,test,23,1,1,
cnr-02650,test,56,1,1,
cnr-02651,test,14,1,1,
cnr-02652,dev,63,1,1,
cnr-02653,test,16,1,1,
cnr-02654,dev,10,1,1,
cnr-02655,dev,26,1,1,
cnr-02656,test,18,1,1,
cnr-02657,dev,15,1,1,
cnr-02658,test,13,1,1,
cnr-02659,dev,9,1,1,
cnr-02660,dev,22,1,1,
cnr-02661,test,28,1,1,
cnr-02662,test,9,1,1,
cnr-02663,test,9,1,1,
cnr-02664,dev,48,1,1,
cnr-02665,test,21,1,1,
cnr-02666,dev,18,1,1,
cnr-02667,test,28,1,1,
cnr-02668,test,7,1,1,
cnr-02669,test,51,1,1,
cnr-02670,dev,8,1,1,
cnr-02671,dev,11,1,1,
cnr-02672,test,11,1,1,
cnr-02673,test,16,1,1,
cnr-02674,test,5,1,1,
cnr-02675,test,15,1,1,
cnr-02676,test,23,1,1,
cnr-02677,dev,42,1,1,
cnr-02678,test,37,1,1,
cnr-02679,test,44,1,1,
cnr-02680,test,107,1,1,
cnr-02681,dev,95,1,1,
cnr-02682,dev,8,1,1,
cnr-02683,dev,27,1,1,
cnr-02684,test,15,1,1,
cnr-02685,test,8,1,1,
cnr-02686,dev,21,1,1,
cnr-02687,test,24,1,1,
cnr-02688,test,36,1,1,
cnr-02689,test,45,1,1,
cnr-02690,test,9,1,1,
cnr-02691,test,13,1,1,
cnr-02692,test,31,1,1,
cnr-02693,dev,20,1,1,
cnr-02694,test,39,1,1,
cnr-02695,test,18,1,1,
cnr-02696,test,11,1,1,
cnr-02697,test,26,1,1,
cnr-02698,test,16,1,1,
cnr-02699,dev,15,1,1,
cnr-02700,test,19,1,1,
cnr-02701,dev,16,1,1,
cnr-02702,dev,12,1,1,
cnr-02703,dev,16,1,1,
cnr-02704,test,25,1,1,
cnr-02705,test,41,1,1,
cnr-02706,test,26,1,1,
cnr-02707,dev,28,1,1,
cnr-02708,test,17,1,1,
cnr-02709,dev,49,1,1,
cnr-02710,dev,16,1,1,
cnr-02711,dev,20,1,1,
cnr-02712,test,27,1,1,
cnr-02713,test,11,1,1,
cnr-02714,dev,12,1,1,
cnr-02715,test,26,1,1,
cnr-02716,test,28,1,1,
cnr-02717,test,37,1,1,
cnr-02718,test,22,1,1,
cnr-02719,test,36,1,1,
cnr-02720,test,17,1,1,
cnr-02721,test,16,1,1,
cnr-02722,test,10,1,1,
cnr-02723,test,41,1,1,
cnr-02724,test,15,1,1,
cnr-02725,test,37,1,1,
cnr-02726,test,13,1,1,
cnr-02727,test,6,1,1,
cnr-02728,test,43,1,1,
cnr-02729,test,15,1,1,
cnr-02730,dev,7,1,1,
cnr-02731,test,45,1,1,
cnr-02732,test,18,1,1,
cnr-02733,test,22,1,1,
cnr-02734,test,14,1,1,
cnr-02735,test,27,1,1,
cnr-02736,test,66,1,1,
cnr-02737,dev,18,1,1,
cnr-02738,test,62,1,1,
cnr-02739,test,24,1,1,
cnr-02740,test,50,1,1,
cnr-02741,test,59,1,1,
cnr-02742,test,2,1,1,
cnr-02743,dev,22,1,1,
cnr-02744,test,52,1,1,
cnr-02745,test,68,1,1,
cnr-02746,dev,17,1,1,
cnr-02747,test,49,1,1,
cnr-02748,test,28,1,1,
cnr-02749,test,55,1,1,
cnr-02750,test,44,1,1,
cnr-02751,dev,33,1,1,
cnr-02752,test,68,1,1,
cnr-02753,test,6,1,1,
cnr-02754,test,27,1,1,
cnr-02755,dev,18,1,1,
cnr-02756,dev,34,1,1,
cnr-02757,test,22,1,1,
cnr-02758,dev,16,1,1,
cnr-02759,test,16,1,1,
cnr-02760,test,8,1,1,
cnr-02761,test,58,1,1,
cnr-02762,test,57,1,1,
cnr-02763,test,23,1,1,
cnr-02764,test,8,1,1,
cnr-02765,test,40,1,1,
cnr-02766,test,12,1,1,
cnr-02767,dev,49,1,1,
cnr-02768,test,5,1,1,
cnr-02769,test,10,1,1,
cnr-02770,test,61,1,1,
cnr-02771,test,25,1,1,
cnr-02772,test,20,1,1,
cnr-02773,test,30,1,1,
cnr-02774,test,88,1,1,
cnr-02775,dev,31,1,1,
cnr-02776,test,27,1,1,
cnr-02777,dev,15,1,1,
cnr-02778,test,78,1,1,
cnr-02779,test,11,1,1,
cnr-02780,test,16,1,1,
cnr-02781,test,19,1,1,
cnr-02782,test,13,1,1,
cnr-02783,dev,25,1,1,
cnr-02784,test,14,1,1,
cnr-02785,test,23,1,1,
cnr-02786,test,14,1,1,
cnr-02787,test,16,1,1,
cnr-02788,dev,14,1,1,
cnr-02789,test,19,1,1,
cnr-02790,test,44,1,1,
cnr-02791,dev,51,1,1,
cnr-02792,dev,37,1,1,
cnr-02793,test,16,1,1,
cnr-02794,test,20,1,1,
cnr-02795,test,56,1,1,
cnr-02796,test,39,1,1,
cnr-02797,test,51,1,1,
cnr-02798,test,13,1,1,
cnr-02799,test,17,1,1,
cnr-02800,test,32,1,1,
cnr-02801,test,39,1,1,
cnr-02802,dev,93,1,1,
cnr-02803,dev,20,1,1,
cnr-02804,test,68,1,1,
cnr-02805,test,16,1,1,
cnr-02806,dev,22,1,1,
cnr-02807,test,44,1,1,
cnr-02808,dev,16,1,1,
cnr-02809,test,19,1,1,
cnr-02810,test,8,1,1,
cnr-02811,test,50,1,1,
cnr-02812,test,14,1,1,
cnr-02813,test,26,1,1,
cnr-02814,test,33,1,1,
cnr-02815,test,16,1,1,
cnr-02816,test,62,1,1,
cnr-02817,test,37,1,1,
cnr-02818,dev,26,1,1,
cnr-02819,test,126,1,1,
cnr-02820,dev,26,1,1,
cnr-02821,test,14,1,1,
cnr-02822,dev,14,1,1,
cnr-02823,dev,24,1,1,
cnr-02824,test,57,1,1,
cnr-02825,test,32,1,1,
cnr-02826,test,22,1,1,
cnr-02827,test,10,1,1,
cnr-02828,test,9,1,1,
cnr-02829,test,20,1,1,
cnr-02830,test,48,1,1,
cnr-02831,test,32,1,1,
cnr-02832,test,24,1,1,
cnr-02833,test,35,1,1,
cnr-02834,test,28,1,1,
cnr-02835,test,10,1,1,
cnr-02836,test,17,1,1,
cnr-02837,dev,48,1,1,
cnr-02838,test,13,1,1,
cnr-02839,test,18,1,1,
cnr-02840,dev,45,1,1,
cnr-02841,test,24,1,1,
cnr-02842,test,24,1,1,
cnr-02843,test,34,1,1,
cnr-02844,test,21,1,1,
cnr-02845,dev,13,1,1,
cnr-02846,test,50,1,1,
cnr-02847,test,12,1,1,
cnr-02848,dev,19,1,1,
cnr-02849,test,20,1,1,
cnr-02850,dev,19,1,1,
cnr-02851,dev,6,1,1,
cnr-02852,test,5,1,1,
cnr-02853,dev,88,1,1,
cnr-02854,test,21,1,1,
cnr-02855,dev,13,1,1,
cnr-02856,test,40,1,1,
cnr-02857,test,16,1,1,
cnr-02858,test,41,1,1,
cnr-02859,dev,13,1,1,
cnr-02860,test,54,1,1,
cnr-02861,test,6,1,1,
cnr-02862,test,56,1,1,
cnr-02863,test,100,1,1,
cnr-02864,dev,18,1,1,
cnr-02865,dev,37,1,1,
cnr-02866,dev,14,1,1,
cnr-02867,test,18,1,1,
cnr-02868,dev,16,1,1,
cnr-02869,dev,23,1,1,
cnr-02870,test,19,1,1,
cnr-02871,test,35,1,1,
cnr-02872,dev,19,1,1,
cnr-02873,dev,17,1,1,
cnr-02874,dev,106,1,1,
cnr-02875,test,42,1,1,
cnr-02876,test,26,1,1,
cnr-02877,test,14,1,1,
cnr-02878,test,16,1,1,
cnr-02879,dev,16,1,1,
cnr-02880,test,41,1,1,
cnr-02881,test,26,1,1,
cnr-02882,test,14,1,1,
cnr-02883,dev,70,1,1,
cnr-02884,test,19,1,1,
cnr-02885,test,15,1,1,
cnr-02886,test,32,1,1,
cnr-02887,test,27,1,1,
cnr-02888,test,14,1,1,
cnr-02889,test,46,1,1,
cnr-02890,dev,18,1,1,
cnr-02891,test,26,1,1,
cnr-02892,test,22,1,1,
cnr-02893,test,12,1,1,
cnr-02894,test,30,1,1,
cnr-02895,dev,32,1,1,
cnr-02896,test,43,1,1,
cnr-02897,test,50,1,1,
cnr-02898,test,14,1,1,
cnr-02899,dev,2,1,1,
cnr-02900,test,89,1,1,
cnr-02901,dev,7,1,1,
cnr-02902,test,17,1,1,
cnr-02903,test,18,1,1,
cnr-02904,dev,33,1,1,
cnr-02905,test,15,1,1,
cnr-02906,test,24,1,1,
cnr-02907,test,10,1,1,
cnr-02908,test,12,1,1,
cnr-02909,test,15,1,1,
cnr-02910,test,24,1,1,
cnr-02911,dev,27,1,1,
cnr-02912,test,11,1,1,
cnr-02913,dev,12,1,1,
cnr-02914,test,24,1,1,
cnr-02915,dev,29,1,1,
cnr-02916,dev,11,1,1,
cnr-02917,test,33,1,1,
cnr-02918,test,24,1,1,
cnr-02919,test,26,1,1,
cnr-02920,test,16,1,1,
cnr-02921,test,26,1,1,
cnr-02922,test,13,1,1,
cnr-02923,test,16,1,1,
cnr-02924,test,18,1,1,
cnr-02925,test,17,1,1,
cnr-02926,test,46,1,1,
cnr-02927,test,35,1,1,
cnr-02928,dev,10,1,1,
cnr-02929,test,81,1,1,
cnr-02930,dev,23,1,1,
cnr-02931,test,29,1,1,
cnr-02932,test,15,1,1,
cnr-02933,test,68,1,1,
cnr-02934,dev,11,1,1,
cnr-02935,dev,27,1,1,
cnr-02936,test,20,1,1,
cnr-02937,dev,12,1,1,
cnr-02938,dev,16,1,1,
cnr-02939,dev,14,1,1,
cnr-02940,test,18,1,1,
cnr-02941,test,14,1,1,
cnr-02942,dev,81,1,1,
cnr-02943,test,4,1,1,
cnr-02944,test,13,1,1,
cnr-02945,test,18,1,1,
cnr-02946,test,26,1,1,
cnr-02947,test,34,1,1,
cnr-02948,dev,110,1,1,
cnr-02949,test,13,1,1,
cnr-02950,test,59,1,1,
cnr-02951,test,76,1,1,
cnr-02952,test,10,1,1,
cnr-02953,dev,21,1,1,
cnr-02954,dev,15,1,1,
cnr-02955,test,18,1,1,
cnr-02956,test,31,1,1,
cnr-02957,test,9,1,1,
cnr-02958,test,5,1,1,
cnr-02959,dev,8,1,1,
cnr-02960,test,74,1,1,
cnr-02961,test,47,1,1,
cnr-02962,test,37,1,1,
cnr-02963,test,15,1,1,
cnr-02964,test,56,1,1,
cnr-02965,test,9,1,1,
cnr-02966,test,17,1,1,
cnr-02967,dev,20,1,1,
cnr-02968,test,34,1,1,
cnr-02969,test,9,1,1,
cnr-02970,test,25,1,1,
cnr-02971,test,34,1,1,
cnr-02972,test,24,1,1,
cnr-02973,test,64,1,1,
cnr-02974,test,12,1,1,
cnr-02975,test,20,1,1,
cnr-02976,dev,14,1,1,
cnr-02977,test,24,1,1,
cnr-02978,test,29,1,1,
cnr-02979,test,26,1,1,
cnr-02980,test,31,1,1,
cnr-02981,test,18,1,1,
cnr-02982,dev,19,1,1,
cnr-02983,test,24,1,1,
cnr-02984,test,7,1,1,
cnr-02985,test,12,1,1,
cnr-02986,test,17,1,1,
cnr-02987,dev,12,1,1,
cnr-02988,test,14,1,1,
cnr-02989,dev,12,1,1,
cnr-02990,test,8,1,1,
cnr-02991,dev,29,1,1,
cnr-02992,test,31,1,1,
cnr-02993,dev,26,1,1,
cnr-02994,dev,55,1,1,
cnr-02995,test,4,1,1,
cnr-02996,test,50,1,1,
cnr-02997,dev,41,1,1,
cnr-02998,test,15,1,1,
cnr-02999,test,85,1,1,
cnr-03000,test,53,1,1,
cnr-03001,test,9,1,1,
cnr-03002,test,11,1,1,
cnr-03003,test,30,1,1,
cnr-03004,dev,15,1,1,
cnr-03005,test,79,1,1,
cnr-03006,test,35,1,1,
cnr-03007,test,39,1,1,
cnr-03008,dev,15,1,1,
cnr-03009,test,14,1,1,
cnr-03010,test,12,1,1,
cnr-03011,test,36,1,1,
cnr-03012,test,20,1,1,
cnr-03013,dev,22,1,1,
cnr-03014,test,23,1,1,
cnr-03015,dev,24,1,1,
cnr-03016,dev,19,1,1,
cnr-03017,dev,42,1,1,
cnr-03018,dev,22,1,1,
cnr-03019,test,18,1,1,
cnr-03020,test,27,1,1,
cnr-03021,test,17,1,1,
cnr-03022,test,9,1,1,
cnr-03023,test,15,1,1,
cnr-03024,dev,29,1,1,
cnr-03025,test,15,1,1,
cnr-03026,test,13,1,1,
cnr-03027,dev,35,1,1,
cnr-03028,test,37,1,1,
cnr-03029,test,22,1,1,
cnr-03030,test,14,1,1,
cnr-03031,test,12,1,1,
cnr-03032,dev,40,1,1,
cnr-03033,test,23,1,1,
cnr-03034,test,75,1,1,
cnr-03035,test,16,1,1,
cnr-03036,test,26,1,1,
cnr-03037,test,19,1,1,
cnr-03038,test,15,1,1,
cnr-03039,test,60,1,1,
cnr-03040,test,56,1,1,
cnr-03041,test,17,1,1,
cnr-03042,dev,28,1,1,
cnr-03043,dev,35,1,1,
cnr-03044,test,32,1,1,
cnr-03045,dev,3,1,1,
cnr-03046,dev,24,1,1,
cnr-03047,test,13,1,1,
cnr-03048,dev,14,1,1,
cnr-03049,test,16,1,1,
cnr-03050,dev,33,1,1,
cnr-03051,test,16,1,1,
cnr-03052,test,17,1,1,
cnr-03053,dev,10,1,1,
cnr-03054,test,27,1,1,
cnr-03055,test,14,1,1,
cnr-03056,test,10,1,1,
cnr-03057,dev,32,1,1,
cnr-03058,test,11,1,1,
cnr-03059,test,46,1,1,
cnr-03060,test,36,1,1,
cnr-03061,dev,19,1,1,
cnr-03062,dev,62,1,1,
cnr-03063,test,63,1,1,
cnr-03064,test,12,1,1,
cnr-03065,test,24,1,1,
cnr-03066,dev,21,1,1,
cnr-03067,test,14,1,1,
cnr-03068,dev,23,1,1,
cnr-03069,test,10,1,1,
cnr-03070,test,13,1,1,
cnr-03071,dev,15,1,1,
cnr-03072,dev,18,1,1,
cnr-03073,dev,24,1,1,
cnr-03074,test,21,1,1,
cnr-03075,test,45,1,1,
cnr-03076,test,70,1,1,
cnr-03077,test,18,1,1,
cnr-03078,test,25,1,1,
cnr-03079,test,69,1,1,
cnr-03080,test,36,1,1,
cnr-03081,test,15,1,1,
cnr-03082,test,19,1,1,
cnr-03083,test,23,1,1,
cnr-03084,test,25,1,1,
cnr-03085,test,2,1,1,
cnr-03086,dev,38,1,1,
cnr-03087,test,20,1,1,
cnr-03088,test,20,1,1,
cnr-03089,test,47,1,1,
cnr-03090,dev,24,1,1,
cnr-03091,test,9,1,1,
cnr-03092,dev,27,1,1,
cnr-03093,dev,70,1,1,
cnr-03094,test,70,1,1,
cnr-03095,dev,60,1,1,
cnr-03096,test,29,1,1,
cnr-03097,test,46,1,1,
cnr-03098,test,14,1,1,
cnr-03099,test,6,1,1,
cnr-03100,test,34,1,1,
cnr-03101,dev,37,1,1,
cnr-03102,test,35,1,1,
cnr-03103,test,28,1,1,
cnr-03104,test,13,1,1,
cnr-03105,test,101,1,1,
cnr-03106,test,22,1,1,
cnr-03107,test,69,1,1,
cnr-03108,test,57,1,1,
cnr-03109,dev,24,1,1,
cnr-03110,test,19,1,1,
cnr-03111,dev,14,1,1,
cnr-03112,dev,22,1,1,
cnr-03113,test,64,1,1,
cnr-03114,test,96,1,1,
cnr-03115,test,25,1,1,
cnr-03116,test,28,1,1,
cnr-03117,test,13,1,1,
cnr-03118,test,14,1,1,
cnr-03119,dev,9,1,1,
cnr-03120,test,16,1,1,
cnr-03121,dev,20,1,1,
cnr-03122,dev,68,1,1,
cnr-03123,test,33,1,1,
cnr-03124,test,29,1,1,
cnr-03125,test,27,1,1,
cnr-03126,dev,36,1,1,
cnr-03127,test,10,1,1,
cnr-03128,test,11,1,1,
cnr-03129,dev,110,1,1,
cnr-03130,dev,20,1,1,
cnr-03131,test,7,1,1,
cnr-03132,test,32,1,1,
cnr-03133,test,32,1,1,
cnr-03134,dev,7,1,1,
cnr-03135,test,29,1,1,
cnr-03136,test,23,1,1,
cnr-03137,test,12,1,1,
cnr-03138,test,64,1,1,
cnr-03139,test,46,1,1,
cnr-03140,dev,19,1,1,
cnr-03141,test,52,1,1,
cnr-03142,dev,7,1,1,
cnr-03143,dev,9,1,1,
cnr-03144,dev,5,1,1,
cnr-03145,dev,6,1,1,
cnr-03146,test,12,1,1,
cnr-03147,dev,64,1,1,
cnr-03148,test,19,1,1,
cnr-03149,test,23,1,1,
cnr-03150,test,17,1,1,
cnr-03151,test,26,1,1,
cnr-03152,dev,10,1,1,
cnr-03153,test,67,1,1,
cnr-03154,test,9,1,1,
cnr-03155,dev,16,1,1,
cnr-03156,test,46,1,1,
cnr-03157,test,18,1,1,
cnr-03158,test,18,1,1,
cnr-03159,test,18,1,1,
cnr-03160,test,33,1,1,
cnr-03161,dev,43,1,1,
cnr-03162,test,5,1,1,
cnr-03163,test,17,1,1,
cnr-03164,test,58,1,1,
cnr-03165,dev,23,1,1,
cnr-03166,dev,6,1,1,
cnr-03167,test,19,1,1,
cnr-03168,test,15,1,1,
cnr-03169,test,18,1,1,
cnr-03170,test,60,1,1,
cnr-03171,dev,45,1,1,
cnr-03172,test,48,1,1,
cnr-03173,dev,23,1,1,
cnr-03174,test,7,1,1,
cnr-03175,test,22,1,1,
cnr-03176,dev,8,1,1,
cnr-03177,test,20,1,1,
cnr-03178,test,12,1,1,
cnr-03179,dev,28,1,1,
cnr-03180,test,18,1,1,
cnr-03181,test,24,1,1,
cnr-03182,test,17,1,1,
cnr-03183,dev,42,1,1,
cnr-03184,dev,13,1,1,
cnr-03185,test,17,1,1,
cnr-03186,test,13,1,1,
cnr-03187,dev,19,1,1,
cnr-03188,test,22,1,1,
cnr-03189,test,17,1,1,
cnr-03190,test,21,1,1,
cnr-03191,dev,12,1,1,
cnr-03192,test,22,1,1,
cnr-03193,test,15,1,1,
cnr-03194,dev,8,1,1,
cnr-03195,test,19,1,1,
cnr-03196,dev,33,1,1,
cnr-03197,test,14,1,1,
cnr-03198,dev,45,1,1,
cnr-03199,test,13,1,1,
cnr-03200,dev,47,1,1,
cnr-03201,test,35,1,1,
cnr-03202,test,10,1,1,
cnr-03203,test,7,1,1,
cnr-03204,test,25,1,1,
cnr-03205,test,8,1,1,
cnr-03206,test,15,1,1,
cnr-03207,test,54,1,1,
cnr-03208,test,49,1,1,
cnr-03209,test,7,1,1,
cnr-03210,test,20,1,1,
cnr-03211,test,19,1,1,
cnr-03212,test,14,1,1,
cnr-03213,test,75,1,1,
cnr-03214,dev,20,1,1,
cnr-03215,test,6,1,1,
cnr-03216,dev,16,1,1,
cnr-03217,dev,61,1,1,
cnr-03218,test,16,1,1,
cnr-03219,dev,9,1,1,
cnr-03220,test,30,1,1,
cnr-03221,test,11,1,1,
cnr-03222,dev,13,1,1,
cnr-03223,test,15,1,1,
cnr-03224,test,7,1,1,
cnr-03225,dev,38,1,1,
cnr-03226,test,15,1,1,
cnr-03227,test,23,1,1,
cnr-03228,test,37,1,1,
cnr-03229,test,7,1,1,
cnr-03230,dev,22,1,1,
cnr-03231,test,6,1,1,
cnr-03232,test,24,1,1,
cnr-03233,test,17,1,1,
cnr-03234,test,43,1,1,
cnr-03235,test,12,1,1,
cnr-03236,test,20,1,1,
cnr-03237,dev,8,1,1,
cnr-03238,dev,15,1,1,
cnr-03239,test,12,1,1,
cnr-03240,test,11,1,1,
cnr-03241,test,12,1,1,
cnr-03242,dev,11,1,1,
cnr-03243,test,28,1,1,
cnr-03244,test,15,1,1,
cnr-03245,test,7,1,1,
cnr-03246,test,17,1,1,
cnr-03247,test,13,1,1,
cnr-03248,dev,20,1,1,
cnr-03249,dev,5,1,1,
cnr-03250,test,18,1,1,
cnr-03251,test,40,1,1,
cnr-03252,test,37,1,1,
cnr-03253,test,12,1,1,
cnr-03254,test,38,1,1,
cnr-03255,test,20,1,1,
cnr-03256,test,29,1,1,
cnr-03257,test,16,1,1,
cnr-03258,dev,16,1,1,
cnr-03259,dev,16,1,1,
cnr-03260,dev,24,1,1,
cnr-03261,test,9,1,1,
cnr-03262,dev,12,1,1,
cnr-03263,dev,15,1,1,
cnr-03264,test,27,1,1,
cnr-03265,test,18,1,1,
cnr-03266,dev,44,1,1,
cnr-03267,test,12,1,1,
cnr-03268,dev,28,1,1,
cnr-03269,dev,32,1,1,
cnr-03270,dev,27,1,1,
cnr-03271,test,7,1,1,
cnr-03272,test,27,1,1,
cnr-03273,test,20,1,1,
cnr-03274,test,28,1,1,
cnr-03275,test,27,1,1,
cnr-03276,dev,23,1,1,
cnr-03277,test,84,1,1,
cnr-03278,test,13,1,1,
cnr-03279,test,44,1,1,
cnr-03280,test,14,1,1,
cnr-03281,test,32,1,1,
cnr-03282,dev,13,1,1,
cnr-03283,test,11,1,1,
cnr-03284,test,37,1,1,
cnr-03285,dev,15,1,1,
cnr-03286,test,21,1,1,
cnr-03287,dev,32,1,1,
cnr-03288,test,58,1,1,
cnr-03289,dev,21,1,1,
cnr-03290,dev,15,1,1,
cnr-03291,test,18,1,1,
cnr-03292,test,8,1,1,
cnr-03293,test,75,1,1,
cnr-03294,dev,15,1,1,
cnr-03295,dev,35,1,1,
cnr-03296,dev,20,1,1,
cnr-03297,test,19,1,1,
cnr-03298,test,22,1,1,
cnr-03299,test,32,1,1,
cnr-03300,test,14,1,1,
cnr-03301,test,18,1,1,
cnr-03302,dev,20,1,1,
cnr-03303,test,21,1,1,
cnr-03304,test,14,1,1,
cnr-03305,dev,21,1,1,
cnr-03306,test,3,1,1,
cnr-03307,test,21,1,1,
cnr-03308,test,74,1,1,
cnr-03309,test,55,1,1,
cnr-03310,test,11,1,1,
cnr-03311,test,15,1,1,
cnr-03312,test,14,1,1,
cnr-03313,test,13,1,1,
cnr-03314,test,30,1,1,
cnr-03315,dev,11,1,1,
cnr-03316,test,96,1,1,
cnr-03317,dev,36,1,1,
cnr-03318,test,31,1,1,
cnr-03319,test,64,1,1,
cnr-03320,dev,18,1,1,
cnr-03321,test,13,1,1,
cnr-03322,test,79,1,1,
cnr-03323,test,36,1,1,
cnr-03324,test,14,1,1,
cnr-03325,test,24,1,1,
cnr-03326,dev,33,1,1,
cnr-03327,test,31,1,1,
cnr-03328,dev,40,1,1,
cnr-03329,test,20,1,1,
cnr-03330,dev,17,1,1,
cnr-03331,dev,23,1,1,
cnr-03332,test,18,1,1,
cnr-03333,dev,18,1,1,
cnr-03334,dev,51,1,1,
cnr-03335,test,58,1,1,
cnr-03336,dev,27,1,1,
cnr-03337,test,14,1,1,
cnr-03338,test,19,1,1,
cnr-03339,test,25,1,1,
cnr-03340,dev,10,1,1,
cnr-03341,test,45,1,1,
cnr-03342,dev,7,1,1,
cnr-03343,dev,35,1,1,
cnr-03344,test,23,1,1,
cnr-03345,test,34,1,1,
cnr-03346,test,68,1,1,
cnr-03347,dev,16,1,1,
cnr-03348,test,22,1,1,
cnr-03349,dev,13,1,1,
cnr-03350,dev,35,1,1,
cnr-03351,dev,8,1,1,
cnr-03352,test,35,1,1,
cnr-03353,test,19,1,1,
cnr-03354,test,45,1,1,
cnr-03355,dev,10,1,1,
cnr-03356,test,8,1,1,
cnr-03357,test,44,1,1,
cnr-03358,dev,35,1,1,
cnr-03359,test,7,1,1,
cnr-03360,dev,22,1,1,
cnr-03361,test,79,1,1,
cnr-03362,dev,27,1,1,
cnr-03363,test,9,1,1,
cnr-03364,test,15,1,1,
cnr-03365,test,23,1,1,
cnr-03366,test,8,1,1,
cnr-03367,test,46,1,1,
cnr-03368,test,23,1,1,
cnr-03369,test,8,1,1,
cnr-03370,test,32,1,1,
cnr-03371,dev,28,1,1,
cnr-03372,test,9,1,1,
cnr-03373,test,26,1,1,
cnr-03374,dev,16,1,1,
cnr-03375,dev,56,1,1,
cnr-03376,test,58,1,1,
cnr-03377,test,10,1,1,
cnr-03378,test,24,1,1,
cnr-03379,dev,17,1,1,
cnr-03380,dev,17,1,1,
cnr-03381,dev,33,1,1,
cnr-03382,test,49,1,1,
cnr-03383,test,17,1,1,
cnr-03384,test,48,1,1,
cnr-03385,test,23,1,1,
cnr-03386,test,15,1,1,
cnr-03387,dev,10,1,1,
cnr-03388,dev,53,1,1,
cnr-03389,dev,27,1,1,
cnr-03390,test,75,1,1,
cnr-03391,test,13,1,1,
cnr-03392,test,6,1,1,
cnr-03393,dev,30,1,1,
cnr-03394,test,16,1,1,
cnr-03395,test,65,1,1,
cnr-03396,test,18,1,1,
cnr-03397,test,33,1,1,
cnr-03398,dev,20,1,1,
cnr-03399,dev,24,1,1,
cnr-03400,dev,18,1,1,
cnr-03401,dev,29,1,1,
cnr-03402,test,19,1,1,
cnr-03403,test,24,1,1,
cnr-03404,test,9,1,1,
cnr-03405,dev,20,1,1,
cnr-03406,test,17,1,1,
cnr-03407,dev,89,1,1,
cnr-03408,test,79,1,1,
cnr-03409,dev,12,1,1,
cnr-03410,test,37,1,1,
cnr-03411,test,17,1,1,
cnr-03412,test,28,1,1,
cnr-03413,dev,38,1,1,
cnr-03414,dev,9,1,1,
cnr-03415,test,26,1,1,
cnr-03416,test,19,1,1,
cnr-03417,test,16,1,1,
cnr-03418,test,18,1,1,
cnr-03419,test,42,1,1,
cnr-03420,dev,15,1,1,
cnr-03421,dev,25,1,1,
cnr-03422,test,42,1,1,
cnr-03423,dev,13,1,1,
cnr-03424,test,21,1,1,
cnr-03425,test,29,1,1,
cnr-03426,test,34,1,1,
cnr-03427,dev,18,1,1,
cnr-03428,test,32,1,1,
cnr-03429,dev,29,1,1,
cnr-03430,dev,34,1,1,
cnr-03431,test,10,1,1,
cnr-03432,test,26,1,1,
cnr-03433,test,20,1,1,
cnr-03434,test,12,1,1,
cnr-03435,test,23,1,1,
cnr-03436,test,22,1,1,
cnr-03437,test,49,1,1,
cnr-03438,test,5,1,1,
cnr-03439,test,15,1,1,
cnr-03440,test,28,1,1,
cnr-03441,test,16,1,1,
cnr-03442,test,17,1,1,
cnr-03443,dev,8,1,1,
cnr-03444,test,18,1,1,
cnr-03445,test,17,1,1,
cnr-03446,test,31,1,1,
cnr-03447,test,26,1,1,
cnr-03448,test,37,1,1,
cnr-03449,test,26,1,1,
cnr-03450,test,11,1,1,
cnr-03451,dev,31,1,1,
cnr-03452,test,25,1,1,
cnr-03453,test,22,1,1,
cnr-03454,dev,41,1,1,
cnr-03455,dev,9,1,1,
cnr-03456,dev,27,1,1,
cnr-03457,dev,44,1,1,
cnr-03458,test,23,1,1,
cnr-03459,test,25,1,1,
cnr-03460,dev,28,1,1,
cnr-03461,test,14,1,1,
cnr-03462,dev,15,1,1,
cnr-03463,dev,32,1,1,
cnr-03464,dev,15,1,1,
cnr-03465,test,14,1,1,
cnr-03466,test,51,1,1,
cnr-03467,dev,79,1,1,
cnr-03468,test,7,1,1,
cnr-03469,test,19,1,1,
cnr-03470,test,14,1,1,
cnr-03471,test,8,1,1,
cnr-03472,test,18,1,1,
cnr-03473,test,32,1,1,
cnr-03474,test,9,1,1,
cnr-03475,test,7,1,1,
cnr-03476,test,51,1,1,
cnr-03477,test,16,1,1,
cnr-03478,test,25,1,1,
cnr-03479,dev,24,1,1,
cnr-03480,test,27,1,1,
cnr-03481,test,22,1,1,
cnr-03482,test,20,1,1,
cnr-03483,test,6,1,1,
cnr-03484,dev,21,1,1,
cnr-03485,dev,17,1,1,
cnr-03486,test,32,1,1,
cnr-03487,test,26,1,1,
cnr-03488,dev,20,1,1,
cnr-03489,test,24,1,1,
cnr-03490,test,9,1,1,
cnr-03491,test,18,1,1,
cnr-03492,dev,16,1,1,
cnr-03493,dev,34,1,1,
cnr-03494,test,21,1,1,
cnr-03495,test,10,1,1,
cnr-03496,test,8,1,1,
cnr-03497,test,54,1,1,
cnr-03498,dev,10,1,1,
cnr-03499,test,21,1,1,
cnr-03500,dev,19,1,1,
cnr-03501,dev,48,1,1,
cnr-03502,test,12,1,1,
cnr-03503,test,29,1,1,
cnr-03504,test,23,1,1,
cnr-03505,dev,29,1,1,
cnr-03506,test,16,1,1,
cnr-03507,test,9,1,1,
cnr-03508,test,13,1,1,
cnr-03509,test,74,1,1,
cnr-03510,test,72,1,1,
cnr-03511,test,20,1,1,
cnr-03512,test,6,1,1,
cnr-03513,dev,13,1,1,
cnr-03514,test,67,1,1,
cnr-03515,test,10,1,1,
cnr-03516,test,16,1,1,
cnr-03517,dev,35,1,1,
cnr-03518,test,43,1,1,
cnr-03519,test,19,1,1,
cnr-03520,test,16,1,1,
cnr-03521,test,18,1,1,
cnr-03522,dev,6,1,1,
cnr-03523,test,34,1,1,
cnr-03524,test,30,1,1,
cnr-03525,dev,10,1,1,
cnr-03526,test,12,1,1,
cnr-03527,test,42,1,1,
cnr-03528,test,29,1,1,
cnr-03529,test,15,1,1,
cnr-03530,test,22,1,1,
cnr-03531,test,23,1,1,
cnr-03532,test,19,1,1,
cnr-03533,test,41,1,1,
cnr-03534,dev,26,1,1,
cnr-03535,test,46,1,1,
cnr-03536,test,44,1,1,
cnr-03537,dev,20,1,1,
cnr-03538,test,11,1,1,
cnr-03539,test,33,1,1,
cnr-03540,test,13,1,1,
cnr-03541,test,3,1,1,
cnr-03542,test,45,1,1,
cnr-03543,test,22,1,1,
cnr-03544,dev,94,1,1,
cnr-03545,test,18,1,1,
cnr-03546,dev,41,1,1,
cnr-03547,test,16,1,1,
cnr-03548,test,51,1,1,
cnr-03549,test,30,1,1,
cnr-03550,dev,22,1,1,
cnr-03551,test,7,1,1,
cnr-03552,dev,20,1,1,
cnr-03553,test,8,1,1,
cnr-03554,test,16,1,1,
cnr-03555,test,24,1,1,
cnr-03556,test,21,1,1,
cnr-03557,dev,16,1,1,
cnr-03558,dev,20,1,1,
cnr-03559,test,62,1,1,
cnr-03560,test,3,1,1,
cnr-03561,test,14,1,1,
cnr-03562,dev,23,1,1,
cnr-03563,dev,19,1,1,
cnr-03564,test,11,1,1,
cnr-03565,test,41,1,1,
cnr-03566,test,28,1,1,
cnr-03567,test,29,1,1,
cnr-03568,dev,13,1,1,
cnr-03569,dev,39,1,1,
cnr-03570,dev,66,1,1,
cnr-03571,test,26,1,1,
cnr-03572,dev,28,1,1,
cnr-03573,test,33,1,1,
cnr-03574,test,7,1,1,
cnr-03575,dev,12,1,1,
cnr-03576,dev,59,1,1,
cnr-03577,test,12,1,1,
cnr-03578,test,12,1,1,
cnr-03579,test,10,1,1,
cnr-03580,test,7,1,1,
cnr-03581,dev,53,1,1,
cnr-03582,dev,60,1,1,
cnr-03583,test,34,1,1,
cnr-03584,dev,24,1,1,
cnr-03585,test,34,1,1,
cnr-03586,dev,6,1,1,
cnr-03587,test,18,1,1,
cnr-03588,test,18,1,1,
cnr-03589,test,12,1,1,
cnr-03590,test,8,1,1,
cnr-03591,test,28,1,1,
cnr-03592,dev,39,1,1,
cnr-03593,test,6,1,1,
cnr-03594,dev,6,1,1,
cnr-03595,test,28,1,1,
cnr-03596,test,16,1,1,
cnr-03597,test,52,1,1,
cnr-03598,test,20,1,1,
cnr-03599,test,39,1,1,
cnr-03600,test,16,1,1,
cnr-03601,test,9,1,1,
cnr-03602,test,34,1,1,
cnr-03603,dev,12,1,1,
cnr-03604,test,28,1,1,
cnr-03605,test,14,1,1,
cnr-03606,test,31,1,1,
cnr-03607,test,18,1,1,
cnr-03608,test,35,1,1,
cnr-03609,dev,36,1,1,
cnr-03610,dev,11,1,1,
cnr-03611,dev,9,1,1,
cnr-03612,test,24,1,1,
cnr-03613,dev,22,1,1,
cnr-03614,dev,32,1,1,
cnr-03615,test,10,1,1,
cnr-03616,test,14,1,1,
cnr-03617,test,34,1,1,
cnr-03618,test,32,1,1,
cnr-03619,test,16,1,1,
cnr-03620,test,42,1,1,
cnr-03621,test,69,1,1,
cnr-03622,test,18,1,1,
cnr-03623,test,63,1,1,
cnr-03624,test,15,1,1,
cnr-03625,dev,9,1,1,
cnr-03626,test,52,1,1,
cnr-03627,dev,17,1,1,
cnr-03628,dev,16,1,1,
cnr-03629,test,75,1,1,
cnr-03630,dev,3,1,1,
cnr-03631,dev,101,1,1,
cnr-03632,test,57,1,1,
cnr-03633,test,51,1,1,
cnr-03634,test,27,1,1,
cnr-03635,test,14,1,1,
cnr-03636,test,17,1,1,
cnr-03637,test,37,1,1,
cnr-03638,test,70,1,1,
cnr-03639,test,24,1,1,
cnr-03640,test,16,1,1,
cnr-03641,test,26,1,1,
cnr-03642,test,35,1,1,
cnr-03643,test,7,1,1,
cnr-03644,test,11,1,1,
cnr-03645,test,13,1,1,
cnr-03646,dev,62,1,1,
cnr-03647,dev,23,1,1,
cnr-03648,test,11,1,1,
cnr-03649,test,14,1,1,
cnr-03650,test,9,1,1,
cnr-03651,dev,8,1,1,
cnr-03652,dev,23,1,1,
cnr-03653,dev,21,1,1,
cnr-03654,test,27,1,1,
cnr-03655,test,17,1,1,
cnr-03656,test,22,1,1,
cnr-03657,test,14,1,1,
cnr-03658,dev,16,1,1,
cnr-03659,dev,19,1,1,
cnr-03660,test,34,1,1,
cnr-03661,test,25,1,1,
cnr-03662,dev,24,1,1,
cnr-03663,test,16,1,1,
cnr-03664,test,21,1,1,
cnr-03665,test,11,1,1,
cnr-03666,test,22,1,1,
cnr-03667,test,98,1,1,
cnr-03668,test,17,1,1,
cnr-03669,test,8,1,1,
cnr-03670,dev,23,1,1,
cnr-03671,test,27,1,1,
cnr-03672,test,18,1,1,
cnr-03673,test,21,1,1,
cnr-03674,dev,13,1,1,
cnr-03675,test,11,1,1,
cnr-03676,test,17,1,1,
cnr-03677,test,9,1,1,
cnr-03678,dev,45,1,1,
cnr-03679,test,24,1,1,
cnr-03680,test,10,1,1,
cnr-03681,dev,50,1,1,
cnr-03682,dev,12,1,1,
cnr-03683,test,91,1,1,
cnr-03684,test,34,1,1,
cnr-03685,dev,52,1,1,
cnr-03686,dev,25,1,1,
cnr-03687,test,13,1,1,
cnr-03688,dev,33,1,1,
cnr-03689,test,46,1,1,
cnr-03690,test,21,1,1,
cnr-03691,test,38,1,1,
cnr-03692,dev,11,1,1,
cnr-03693,test,47,1,1,
cnr-03694,test,47,1,1,
cnr-03695,dev,44,1,1,
cnr-03696,test,15,1,1,
cnr-03697,test,50,1,1,
cnr-03698,test,24,1,1,
cnr-03699,test,57,1,1,
cnr-03700,dev,23,1,1,
cnr-03701,dev,6,1,1,
cnr-03702,test,31,1,1,
cnr-03703,test,33,1,1,
cnr-03704,test,25,1,1,
cnr-03705,test,20,1,1,
cnr-03706,test,12,1,1,
cnr-03707,test,41,1,1,
cnr-03708,test,17,1,1,
cnr-03709,test,34,1,1,
cnr-03710,dev,7,1,1,
cnr-03711,test,47,1,1,
cnr-03712,dev,18,1,1,
cnr-03713,test,15,1,1,
cnr-03714,test,24,1,1,
cnr-03715,test,29,1,1,
cnr-03716,test,29,1,1,
cnr-03717,dev,20,1,1,
cnr-03718,test,12,1,1,
cnr-03719,dev,20,1,1,
cnr-03720,test,37,1,1,
cnr-03721,test,16,1,1,
cnr-03722,test,69,1,1,
cnr-03723,test,17,1,1,
cnr-03724,test,2,1,1,
cnr-03725,dev,25,1,1,
cnr-03726,test,16,1,1,
cnr-03727,test,34,1,1,
cnr-03728,test,55,1,1,
cnr-03729,test,67,1,1,
cnr-03730,test,21,1,1,
cnr-03731,test,12,1,1,
cnr-03732,test,45,1,1,
cnr-03733,test,33,1,1,
cnr-03734,test,15,1,1,
cnr-03735,test,42,1,1,
cnr-03736,test,17,1,1,
cnr-03737,test,61,1,1,
cnr-03738,test,11,1,1,
cnr-03739,test,16,1,1,
cnr-03740,dev,6,1,1,
cnr-03741,test,18,1,1,
cnr-03742,test,13,1,1,
cnr-03743,test,19,1,1,
cnr-03744,test,22,1,1,
cnr-03745,test,25,1,1,
cnr-03746,dev,39,1,1,
cnr-03747,test,18,1,1,
cnr-03748,dev,17,1,1,
cnr-03749,test,19,1,1,
cnr-03750,test,18,1,1,
cnr-03751,test,5,1,1,
cnr-03752,test,20,1,1,
cnr-03753,test,33,1,1,
cnr-03754,test,26,1,1,
cnr-03755,test,17,1,1,
cnr-03756,dev,27,1,1,
cnr-03757,test,30,1,1,
cnr-03758,dev,23,1,1,
cnr-03759,test,43,1,1,
cnr-03760,dev,17,1,1,
cnr-03761,test,26,1,1,
cnr-03762,test,11,1,1,
cnr-03763,test,13,1,1,
cnr-03764,dev,13,1,1,
cnr-03765,test,10,1,1,
cnr-03766,dev,86,1,1,
cnr-03767,dev,26,1,1,
cnr-03768,test,48,1,1,
cnr-03769,test,42,1,1,
cnr-03770,dev,8,1,1,
cnr-03771,test,24,1,1,
cnr-03772,test,15,1,1,
cnr-03773,test,33,1,1,
cnr-03774,test,117,1,1,
cnr-03775,dev,29,1,1,
cnr-03776,test,57,1,1,
cnr-03777,dev,20,1,1,
cnr-03778,test,16,1,1,
cnr-03779,test,34,1,1,
cnr-03780,test,22,1,1,
cnr-03781,test,16,1,1,
cnr-03782,test,17,1,1,
cnr-03783,test,20,1,1,
cnr-03784,test,12,1,1,
cnr-03785,test,73,1,1,
cnr-03786,test,10,1,1,
cnr-03787,test,20,1,1,
cnr-03788,test,10,1,1,
cnr-03789,test,25,1,1,
cnr-03790,test,30,1,1,
cnr-03791,test,26,1,1,
cnr-03792,test,7,1,1,
cnr-03793,test,29,1,1,
cnr-03794,test,9,1,1,
cnr-03795,test,62,1,1,
cnr-03796,test,84,1,1,
cnr-03797,dev,7,1,1,
cnr-03798,dev,21,1,1,
cnr-03799,dev,21,1,1,
cnr-03800,test,22,1,1,
cnr-03801,test,13,1,1,
cnr-03802,test,46,1,1,
cnr-03803,test,20,1,1,
cnr-03804,test,39,1,1,
cnr-03805,test,21,1,1,
cnr-03806,test,23,1,1,
cnr-03807,test,26,1,1,
cnr-03808,test,30,1,1,
cnr-03809,test,42,1,1,
cnr-03810,dev,49,1,1,
cnr-03811,dev,26,1,1,
cnr-03812,test,74,1,1,
cnr-03813,test,19,1,1,
cnr-03814,test,63,1,1,
cnr-03815,test,19,1,1,
cnr-03816,test,12,1,1,
cnr-03817,test,61,1,1,
cnr-03818,test,10,1,1,
cnr-03819,dev,16,1,1,
cnr-03820,test,31,1,1,
cnr-03821,dev,67,1,1,
cnr-03822,dev,19,1,1,
cnr-03823,test,19,1,1,
cnr-03824,test,10,1,1,
cnr-03825,dev,11,1,1,
cnr-03826,test,8,1,1,
cnr-03827,dev,24,1,1,
cnr-03828,dev,12,1,1,
cnr-03829,test,32,1,1,
cnr-03830,dev,84,1,1,
cnr-03831,dev,12,1,1,
cnr-03832,dev,68,1,1,
cnr-03833,dev,19,1,1,
cnr-03834,test,15,1,1,
cnr-03835,dev,16,1,1,
cnr-03836,dev,17,1,1,
cnr-03837,test,22,1,1,
cnr-03838,test,15,1,1,
cnr-03839,dev,68,1,1,
cnr-03840,dev,15,1,1,
cnr-03841,test,85,1,1,
cnr-03842,test,14,1,1,
cnr-03843,test,26,1,1,
cnr-03844,test,19,1,1,
cnr-03845,test,21,1,1,
cnr-03846,test,7,1,1,
cnr-03847,test,27,1,1,
cnr-03848,dev,13,1,1,
cnr-03849,test,10,1,1,
cnr-03850,test,17,1,1,
cnr-03851,test,32,1,1,
cnr-03852,test,20,1,1,
cnr-03853,test,26,1,1,
cnr-03854,test,57,1,1,
cnr-03855,test,27,1,1,
cnr-03856,dev,14,1,1,
cnr-03857,test,20,1,1,
cnr-03858,dev,1,1,1,
cnr-03859,test,18,1,1,
cnr-03860,test,25,1,1,
cnr-03861,dev,14,1,1,
cnr-03862,test,34,1,1,
cnr-03863,dev,25,1,1,
cnr-03864,test,5,1,1,
cnr-03865,test,26,1,1,
cnr-03866,test,14,1,1,
cnr-03867,test,24,1,1,
cnr-03868,dev,14,1,1,
cnr-03869,test,21,1,1,
cnr-03870,dev,16,1,1,
cnr-03871,test,6,1,1,
cnr-03872,test,14,1,1,
cnr-03873,dev,3,1,1,
cnr-03874,test,44,1,1,
cnr-03875,dev,28,1,1,
cnr-03876,test,33,1,1,
cnr-03877,test,12,1,1,
cnr-03878,dev,25,1,1,
cnr-03879,dev,14,1,1,
cnr-03880,test,16,1,1,
cnr-03881,dev,13,1,1,
cnr-03882,dev,16,1,1,
cnr-03883,dev,20,1,1,
cnr-03884,test,12,1,1,
cnr-03885,dev,26,1,1,
cnr-03886,dev,14,1,1,
cnr-03887,dev,35,1,1,
cnr-03888,dev,5,1,1,
cnr-03889,test,27,1,1,
cnr-03890,test,13,1,1,
cnr-03891,test,86,1,1,
cnr-03892,dev,9,1,1,
cnr-03893,test,22,1,1,
cnr-03894,test,9,1,1,
cnr-03895,test,13,1,1,
cnr-03896,test,50,1,1,
cnr-03897,test,64,1,1,
cnr-03898,test,21,1,1,
cnr-03899,test,96,1,1,
cnr-03900,test,55,1,1,
cnr-03901,test,35,1,1,
cnr-03902,test,53,1,1,
cnr-03903,test,11,1,1,
cnr-03904,test,37,1,1,
cnr-03905,dev,22,1,1,
cnr-03906,dev,13,1,1,
cnr-03907,dev,18,1,1,
cnr-03908,test,57,1,1,
cnr-03909,test,21,1,1,
cnr-03910,test,13,1,1,
cnr-03911,test,6,1,1,
cnr-03912,dev,13,1,1,
cnr-03913,test,55,1,1,
cnr-03914,dev,21,1,1,
cnr-03915,dev,17,1,1,
cnr-03916,test,47,1,1,
cnr-03917,test,33,1,1,
cnr-03918,test,13,1,1,
cnr-03919,test,30,1,1,
cnr-03920,dev,42,1,1,
cnr-03921,dev,25,1,1,
cnr-03922,test,13,1,1,
cnr-03923,test,10,1,1,
cnr-03924,test,66,1,1,
cnr-03925,test,53,1,1,
cnr-03926,test,13,1,1,
cnr-03927,test,19,1,1,
cnr-03928,dev,75,1,1,
cnr-03929,test,21,1,1,
cnr-03930,test,15,1,1,
cnr-03931,dev,28,1,1,
cnr-03932,test,10,1,1,
cnr-03933,test,56,1,1,
cnr-03934,test,32,1,1,
cnr-03935,test,31,1,1,
cnr-03936,dev,66,1,1,
cnr-03937,test,18,1,1,
cnr-03938,test,25,1,1,
cnr-03939,test,14,1,1,
cnr-03940,test,55,1,1,
cnr-03941,dev,10,1,1,
cnr-03942,dev,46,1,1,
cnr-03943,test,14,1,1,
cnr-03944,test,10,1,1,
cnr-03945,test,82,1,1,
cnr-03946,dev,28,1,1,
cnr-03947,dev,17,1,1,
cnr-03948,test,30,1,1,
cnr-03949,test,12,1,1,
cnr-03950,test,31,1,1,
cnr-03951,dev,30,1,1,
cnr-03952,test,22,1,1,
cnr-03953,test,20,1,1,
cnr-03954,dev,30,1,1,
cnr-03955,dev,8,1,1,
cnr-03956,dev,81,1,1,
cnr-03957,test,17,1,1,
cnr-03958,dev,36,1,1,
cnr-03959,test,13,1,1,
cnr-03960,test,7,1,1,
cnr-03961,test,16,1,1,
cnr-03962,test,21,1,1,
cnr-03963,test,18,1,1,
cnr-03964,dev,6,1,1,
cnr-03965,test,8,1,1,
cnr-03966,test,58,1,1,
cnr-03967,test,41,1,1,
cnr-03968,test,16,1,1,
cnr-03969,dev,19,1,1,
cnr-03970,dev,13,1,1,
cnr-03971,dev,38,1,1,
cnr-03972,dev,27,1,1,
cnr-03973,dev,8,1,1,
cnr-03974,dev,24,1,1,
cnr-03975,test,57,1,1,
cnr-03976,dev,16,1,1,
cnr-03977,dev,51,1,1,
cnr-03978,test,12,1,1,
cnr-03979,test,66,1,1,
cnr-03980,test,18,1,1,
cnr-03981,test,37,1,1,
cnr-03982,dev,12,1,1,
cnr-03983,dev,28,1,1,
cnr-03984,dev,43,1,1,
cnr-03985,test,25,1,1,
cnr-03986,test,12,1,1,
cnr-03987,dev,35,1,1,
cnr-03988,test,30,1,1,
cnr-03989,dev,30,1,1,
cnr-03990,dev,35,1,1,
cnr-03991,dev,16,1,1,
cnr-03992,dev,20,1,1,
cnr-03993,test,8,1,1,
cnr-03994,test,19,1,1,
cnr-03995,test,21,1,1,
cnr-03996,test,54,1,1,
cnr-03997,test,17,1,1,
cnr-03998,test,76,1,1,
cnr-03999,test,20,1,1,
cnr-04000,test,26,1,1,
cnr-04001,test,37,1,1,
cnr-04002,test,15,1,1,
cnr-04003,test,22,1,1,
cnr-04004,test,12,1,1,
cnr-04005,test,56,1,1,
cnr-04006,test,28,1,1,
cnr-04007,test,11,1,1,
cnr-04008,dev,14,1,1,
cnr-04009,test,12,1,1,
cnr-04010,dev,8,1,1,
cnr-04011,test,25,1,1,
cnr-04012,test,50,1,1,
cnr-04013,test,22,1,1,
cnr-04014,test,20,1,1,
cnr-04015,test,13,1,1,
cnr-04016,dev,13,1,1,
cnr-04017,test,17,1,1,
cnr-04018,test,15,1,1,
cnr-04019,test,22,1,1,
cnr-04020,test,20,1,1,
cnr-04021,test,32,1,1,
cnr-04022,dev,10,1,1,
cnr-04023,test,38,1,1,
cnr-04024,test,53,1,1,
cnr-04025,test,17,1,1,
cnr-04026,test,36,1,1,
cnr-04027,dev,92,1,1,
cnr-04028,test,14,1,1,
cnr-04029,test,15,1,1,
cnr-04030,test,37,1,1,
cnr-04031,test,18,1,1,
cnr-04032,test,14,1,1,
cnr-04033,test,10,1,1,
cnr-04034,dev,17,1,1,
cnr-04035,test,63,1,1,
cnr-04036,test,20,1,1,
cnr-04037,test,13,1,1,
cnr-04038,dev,12,1,1,
cnr-04039,dev,40,1,1,
cnr-04040,dev,13,1,1,
cnr-04041,dev,18,1,1,
cnr-04042,test,13,1,1,
cnr-04043,test,23,1,1,
cnr-04044,test,18,1,1,
cnr-04045,test,17,1,1,
cnr-04046,dev,16,1,1,
cnr-04047,test,15,1,1,
cnr-04048,test,39,1,1,
cnr-04049,test,31,1,1,
cnr-04050,test,16,1,1,
cnr-04051,test,15,1,1,
cnr-04052,test,27,1,1,
cnr-04053,test,11,1,1,
cnr-04054,test,31,1,1,
cnr-04055,dev,11,1,1,
cnr-04056,test,13,1,1,
cnr-04057,dev,30,1,1,
cnr-04058,dev,25,1,1,
cnr-04059,test,79,1,1,
cnr-04060,test,31,1,1,
cnr-04061,test,18,1,1,
cnr-04062,dev,26,1,1,
cnr-04063,test,32,1,1,
cnr-04064,dev,15,1,1,
cnr-04065,test,10,1,1,
cnr-04066,test,27,1,1,
cnr-04067,test,11,1,1,
cnr-04068,test,69,1,1,
cnr-04069,test,31,1,1,
cnr-04070,dev,20,1,1,
cnr-04071,test,13,1,1,
cnr-04072,test,19,1,1,
cnr-04073,dev,19,1,1,
cnr-04074,dev,26,1,1,
cnr-04075,test,35,1,1,
cnr-04076,test,3,1,1,
cnr-04077,test,28,1,1,
cnr-04078,dev,57,1,1,
cnr-04079,test,21,1,1,
cnr-04080,dev,19,1,1,
cnr-04081,test,40,1,1,
cnr-04082,dev,39,1,1,
cnr-04083,test,24,1,1,
cnr-04084,test,11,1,1,
cnr-04085,test,13,1,1,
cnr-04086,dev,33,1,1,
cnr-04087,dev,21,1,1,
cnr-04088,test,11,1,1,
cnr-04089,test,34,1,1,
cnr-04090,test,82,1,1,
cnr-04091,test,16,1,1,
cnr-04092,test,27,1,1,
cnr-04093,dev,31,1,1,
cnr-04094,test,67,1,1,
cnr-04095,test,18,1,1,
cnr-04096,test,28,1,1,
cnr-04097,test,14,1,1,
cnr-04098,dev,22,1,1,
cnr-04099,dev,10,1,1,
cnr-04100,test,8,1,1,
cnr-04101,test,16,1,1,
cnr-04102,dev,50,1,1,
cnr-04103,dev,19,1,1,
cnr-04104,test,83,1,1,
cnr-04105,test,11,1,1,
cnr-04106,dev,38,1,1,
cnr-04107,test,28,1,1,
cnr-04108,dev,24,1,1,
cnr-04109,test,32,1,1,
cnr-04110,dev,26,1,1,
cnr-04111,test,16,1,1,
cnr-04112,dev,30,1,1,
cnr-04113,test,16,1,1,
cnr-04114,test,60,1,1,
cnr-04115,dev,21,1,1,
cnr-04116,test,30,1,1,
cnr-04117,test,20,1,1,
cnr-04118,test,13,1,1,
cnr-04119,test,31,1,1,
cnr-04120,test,80,1,1,
cnr-04121,test,4,1,1,
cnr-04122,test,10,1,1,
cnr-04123,test,16,1,1,
cnr-04124,dev,24,1,1,
cnr-04125,test,18,1,1,
cnr-04126,test,25,1,1,
cnr-04127,dev,11,1,1,
cnr-04128,test,44,1,1,
cnr-04129,dev,11,1,1,
cnr-04130,test,43,1,1,
cnr-04131,test,53,1,1,
cnr-04132,test,31,1,1,
cnr-04133,test,68,1,1,
cnr-04134,test,53,1,1,
cnr-04135,test,21,1,1,
cnr-04136,dev,66,1,1,
cnr-04137,test,6,1,1,
cnr-04138,test,25,1,1,
cnr-04139,dev,14,1,1,
cnr-04140,test,12,1,1,
cnr-04141,dev,25,1,1,
cnr-04142,test,74,1,1,
cnr-04143,test,37,1,1,
cnr-04144,dev,49,1,1,
cnr-04145,test,36,1,1,
cnr-04146,test,40,1,1,
cnr-04147,test,16,1,1,
cnr-04148,test,12,1,1,
cnr-04149,test,81,1,1,
cnr-04150,test,29,1,1,
cnr-04151,dev,34,1,1,
cnr-04152,test,6,1,1,
cnr-04153,dev,33,1,1,
cnr-04154,dev,26,1,1,
cnr-04155,dev,28,1,1,
cnr-04156,test,19,1,1,
cnr-04157,dev,20,1,1,
cnr-04158,test,54,1,1,
cnr-04159,test,13,1,1,
cnr-04160,dev,52,1,1,
cnr-04161,dev,10,1,1,
cnr-04162,test,38,1,1,
cnr-04163,dev,28,1,1,
cnr-04164,test,19,1,1,
cnr-04165,dev,15,1,1,
cnr-04166,dev,81,1,1,
cnr-04167,dev,6,1,1,
cnr-04168,dev,7,1,1,
cnr-04169,test,35,1,1,
cnr-04170,dev,13,1,1,
cnr-04171,test,25,1,1,
cnr-04172,test,13,1,1,
cnr-04173,test,19,1,1,
cnr-04174,test,29,1,1,
cnr-04175,dev,16,1,1,
cnr-04176,dev,21,1,1,
cnr-04177,test,20,1,1,
cnr-04178,test,18,1,1,
cnr-04179,dev,9,1,1,
cnr-04180,test,8,1,1,
cnr-04181,dev,20,1,1,
cnr-04182,dev,23,1,1,
cnr-04183,test,8,1,1,
cnr-04184,dev,22,1,1,
cnr-04185,test,17,1,1,
cnr-04186,test,30,1,1,
cnr-04187,test,56,1,1,
cnr-04188,test,33,1,1,
cnr-04189,test,23,1,1,
cnr-04190,test,29,1,1,
cnr-04191,dev,8,1,1,
cnr-04192,test,11,1,1,
cnr-04193,dev,69,1,1,
cnr-04194,test,20,1,1,
cnr-04195,test,62,1,1,
cnr-04196,test,16,1,1,
cnr-04197,test,23,1,1,
cnr-04198,test,14,1,1,
cnr-04199,dev,21,1,1,
cnr-04200,test,14,1,1,
cnr-04201,test,18,1,1,
cnr-04202,test,39,1,1,
cnr-04203,test,9,1,1,
cnr-04204,test,53,1,1,
cnr-04205,test,17,1,1,
cnr-04206,test,14,1,1,
cnr-04207,test,25,1,1,
cnr-04208,dev,11,1,1,
cnr-04209,test,21,1,1,
cnr-04210,test,79,1,1,
cnr-04211,test,66,1,1,
cnr-04212,dev,22,1,1,
cnr-04213,test,61,1,1,
cnr-04214,test,38,1,1,
cnr-04215,test,13,1,1,
cnr-04216,test,12,1,1,
cnr-04217,dev,10,1,1,
cnr-04218,test,39,1,1,
cnr-04219,test,21,1,1,
cnr-04220,test,16,1,1,
cnr-04221,test,16,1,1,
cnr-04222,dev,26,1,1,
cnr-04223,dev,3,1,1,
cnr-04224,test,14,1,1,
cnr-04225,test,53,1,1,
cnr-04226,test,54,1,1,
cnr-04227,test,15,1,1,
cnr-04228,dev,3,1,1,
cnr-04229,test,10,1,1,
cnr-04230,dev,17,1,1,
cnr-04231,test,76,1,1,
cnr-04232,test,29,1,1,
cnr-04233,test,29,1,1,
cnr-04234,test,16,1,1,
cnr-04235,test,13,1,1,
cnr-04236,test,27,1,1,
cnr-04237,dev,14,1,1,
cnr-04238,dev,38,1,1,
cnr-04239,dev,46,1,1,
cnr-04240,dev,36,1,1,
cnr-04241,test,14,1,1,
cnr-04242,test,15,1,1,
cnr-04243,test,16,1,1,
cnr-04244,dev,29,1,1,
cnr-04245,dev,22,1,1,
cnr-04246,test,21,1,1,
cnr-04247,dev,26,1,1,
cnr-04248,test,38,1,1,
cnr-04249,dev,34,1,1,
cnr-04250,test,34,1,1,
cnr-04251,test,26,1,1,
cnr-04252,dev,15,1,1,
cnr-04253,dev,92,1,1,
cnr-04254,test,34,1,1,
cnr-04255,dev,7,1,1,
cnr-04256,dev,31,1,1,
cnr-04257,test,19,1,1,
cnr-04258,dev,37,1,1,
cnr-04259,test,10,1,1,
cnr-04260,test,18,1,1,
cnr-04261,test,16,1,1,
cnr-04262,test,20,1,1,
cnr-04263,dev,33,1,1,
cnr-04264,dev,50,1,1,
cnr-04265,test,25,1,1,
cnr-04266,test,20,1,1,
cnr-04267,test,10,1,1,
cnr-04268,dev,62,1,1,
cnr-04269,test,11,1,1,
cnr-04270,test,31,1,1,
cnr-04271,dev,43,1,1,
cnr-04272,dev,103,1,1,
cnr-04273,test,18,1,1,
cnr-04274,dev,38,1,1,
cnr-04275,test,37,1,1,
cnr-04276,test,12,1,1,
cnr-04277,dev,20,1,1,
cnr-04278,dev,18,1,1,
cnr-04279,test,29,1,1,
cnr-04280,dev,22,1,1,
cnr-04281,test,12,1,1,
cnr-04282,test,76,1,1,
cnr-04283,test,17,1,1,
cnr-04284,test,24,1,1,
cnr-04285,dev,18,1,1,
cnr-04286,test,53,1,1,
cnr-04287,test,25,1,1,
cnr-04288,test,64,1,1,
cnr-04289,dev,12,1,1,
cnr-04290,dev,39,1,1,
cnr-04291,test,17,1,1,
cnr-04292,test,10,1,1,
cnr-04293,test,72,1,1,
cnr-04294,test,22,1,1,
cnr-04295,test,56,1,1,
cnr-04296,dev,30,1,1,
cnr-04297,test,3,1,1,
cnr-04298,test,19,1,1,
cnr-04299,test,17,1,1,
cnr-04300,test,21,1,1,
cnr-04301,test,19,1,1,
cnr-04302,dev,11,1,1,
cnr-04303,test,21,1,1,
cnr-04304,test,30,1,1,
cnr-04305,test,6,1,1,
cnr-04306,test,74,1,1,
cnr-04307,dev,26,1,1,
cnr-04308,test,17,1,1,
cnr-04309,test,17,1,1,
cnr-04310,test,26,1,1,
cnr-04311,test,21,1,1,
cnr-04312,test,51,1,1,
cnr-04313,test,18,1,1,
cnr-04314,test,59,1,1,
cnr-04315,dev,11,1,1,
cnr-04316,dev,11,1,1,
cnr-04317,test,19,1,1,
cnr-04318,dev,104,1,1,
cnr-04319,dev,47,1,1,
cnr-04320,test,20,1,1,
cnr-04321,test,19,1,1,
cnr-04322,dev,12,1,1,
cnr-04323,test,18,1,1,
cnr-04324,test,26,1,1,
cnr-04325,test,12,1,1,
cnr-04326,test,43,1,1,
cnr-04327,test,8,1,1,
cnr-04328,test,6,1,1,
cnr-04329,test,30,1,1,
cnr-04330,test,92,1,1,
cnr-04331,test,24,1,1,
cnr-04332,dev,40,1,1,
cnr-04333,dev,6,1,1,
cnr-04334,dev,15,1,1,
cnr-04335,test,51,1,1,
cnr-04336,dev,11,1,1,
cnr-04337,test,51,1,1,
cnr-04338,test,12,1,1,
cnr-04339,test,20,1,1,
cnr-04340,dev,30,1,1,
cnr-04341,dev,50,1,1,
cnr-04342,test,12,1,1,
cnr-04343,test,28,1,1,
cnr-04344,test,22,1,1,
cnr-04345,test,7,1,1,
cnr-04346,test,19,1,1,
cnr-04347,test,63,1,1,
cnr-04348,dev,21,1,1,
cnr-04349,dev,14,1,1,
cnr-04350,dev,12,1,1,
cnr-04351,dev,20,1,1,
cnr-04352,test,9,1,1,
cnr-04353,test,65,1,1,
cnr-04354,test,69,1,1,
cnr-04355,test,17,1,1,
cnr-04356,test,15,1,1,
cnr-04357,test,10,1,1,
cnr-04358,test,20,1,1,
cnr-04359,dev,39,1,1,
cnr-04360,test,62,1,1,
cnr-04361,dev,8,1,1,
cnr-04362,test,20,1,1,
cnr-04363,dev,14,1,1,
cnr-04364,test,18,1,1,
cnr-04365,dev,21,1,1,
cnr-04366,dev,21,1,1,
cnr-04367,test,7,1,1,
cnr-04368,test,18,1,1,
cnr-04369,test,38,1,1,
cnr-04370,test,11,1,1,
cnr-04371,dev,9,1,1,
cnr-04372,test,15,1,1,
cnr-04373,test,30,1,1,
cnr-04374,dev,33,1,1,
cnr-04375,dev,18,1,1,
cnr-04376,dev,18,1,1,
cnr-04377,test,30,1,1,
cnr-04378,test,37,1,1,
cnr-04379,test,37,1,1,
cnr-04380,test,16,1,1,
cnr-04381,dev,12,1,1,
cnr-04382,test,16,1,1,
cnr-04383,test,14,1,1,
cnr-04384,test,14,1,1,
cnr-04385,test,21,1,1,
cnr-04386,dev,24,1,1,
cnr-04387,dev,43,1,1,
cnr-04388,test,31,1,1,
cnr-04389,test,74,1,1,
cnr-04390,dev,16,1,1,
cnr-04391,dev,33,1,1,
cnr-04392,test,16,1,1,
cnr-04393,test,28,1,1,
cnr-04394,test,74,1,1,
cnr-04395,dev,14,1,1,
cnr-04396,test,7,1,1,
cnr-04397,test,13,1,1,
cnr-04398,test,41,1,1,
cnr-04399,test,3,1,1,
cnr-04400,test,42,1,1,
cnr-04401,test,27,1,1,
cnr-04402,test,16,1,1,
cnr-04403,test,18,1,1,
cnr-04404,test,38,1,1,
cnr-04405,test,41,1,1,
cnr-04406,test,16,1,1,
cnr-04407,test,20,1,1,
cnr-04408,dev,20,1,1,
cnr-04409,dev,31,1,1,
cnr-04410,test,36,1,1,
cnr-04411,test,14,1,1,
cnr-04412,dev,45,1,1,
cnr-04413,test,16,1,1,
cnr-04414,test,16,1,1,
cnr-04415,test,19,1,1,
cnr-04416,dev,19,1,1,
cnr-04417,test,8,1,1,
cnr-04418,dev,15,1,1,
cnr-04419,test,31,1,1,
cnr-04420,dev,29,1,1,
cnr-04421,test,20,1,1,
cnr-04422,test,10,1,1,
cnr-04423,dev,27,1,1,
cnr-04424,test,71,1,1,
cnr-04425,test,49,1,1,
cnr-04426,test,8,1,1,
cnr-04427,test,10,1,1,
cnr-04428,test,47,1,1,
cnr-04429,test,85,1,1,
cnr-04430,test,70,1,1,
cnr-04431,test,13,1,1,
cnr-04432,test,51,1,1,
cnr-04433,test,13,1,1,
cnr-04434,test,9,1,1,
cnr-04435,test,26,1,1,
cnr-04436,dev,22,1,1,
cnr-04437,dev,24,1,1,
cnr-04438,dev,48,1,1,
cnr-04439,test,15,1,1,
cnr-04440,test,36,1,1,
cnr-04441,dev,21,1,1,
cnr-04442,test,26,1,1,
cnr-04443,test,53,1,1,
cnr-04444,dev,19,1,1,
cnr-04445,test,4,1,1,
cnr-04446,test,17,1,1,
cnr-04447,test,14,1,1,
cnr-04448,test,17,1,1,
cnr-04449,test,9,1,1,
cnr-04450,test,14,1,1,
cnr-04451,dev,19,1,1,
cnr-04452,test,13,1,1,
cnr-04453,dev,51,1,1,
cnr-04454,test,8,1,1,
cnr-04455,dev,31,1,1,
cnr-04456,dev,12,1,1,
cnr-04457,test,7,1,1,
cnr-04458,test,38,1,1,
cnr-04459,test,40,1,1,
cnr-04460,dev,19,1,1,
cnr-04461,test,36,1,1,
cnr-04462,test,118,1,1,
cnr-04463,test,83,1,1,
cnr-04464,test,14,1,1,
cnr-04465,test,13,1,1,
cnr-04466,dev,23,1,1,
cnr-04467,test,26,1,1,
cnr-04468,test,59,1,1,
cnr-04469,dev,23,1,1,
cnr-04470,dev,41,1,1,
cnr-04471,dev,69,1,1,
cnr-04472,test,17,1,1,
cnr-04473,test,62,1,1,
cnr-04474,test,28,1,1,
cnr-04475,dev,22,1,1,
cnr-04476,dev,35,1,1,
cnr-04477,dev,21,1,1,
cnr-04478,dev,70,1,1,
cnr-04479,dev,17,1,1,
cnr-04480,dev,25,1,1,
cnr-04481,test,11,1,1,
cnr-04482,dev,19,1,1,
cnr-04483,test,81,1,1,
cnr-04484,dev,24,1,1,
cnr-04485,test,7,1,1,
cnr-04486,test,20,1,1,
cnr-04487,test,28,1,1,
cnr-04488,dev,14,1,1,
cnr-04489,test,36,1,1,
cnr-04490,test,12,1,1,
cnr-04491,dev,16,1,1,
cnr-04492,test,32,1,1,
cnr-04493,dev,11,1,1,
cnr-04494,dev,1,1,1,
cnr-04495,test,15,1,1,
cnr-04496,dev,45,1,1,
cnr-04497,test,69,1,1,
cnr-04498,dev,18,1,1,
cnr-04499,test,64,1,1,
cnr-04500,dev,19,1,1,
cnr-04501,test,16,1,1,
cnr-04502,test,15,1,1,
cnr-04503,test,20,1,1,
cnr-04504,test,28,1,1,
cnr-04505,test,24,1,1,
cnr-04506,dev,17,1,1,
cnr-04507,dev,18,1,1,
cnr-04508,dev,29,1,1,
cnr-04509,test,11,1,1,
cnr-04510,test,69,1,1,
cnr-04511,test,6,1,1,
cnr-04512,dev,15,1,1,
cnr-04513,test,14,1,1,
cnr-04514,test,13,1,1,
cnr-04515,test,33,1,1,
cnr-04516,dev,28,1,1,
cnr-04517,test,19,1,1,
cnr-04518,test,36,1,1,
cnr-04519,test,22,1,1,
cnr-04520,dev,36,1,1,
cnr-04521,test,15,1,1,
cnr-04522,test,30,1,1,
cnr-04523,dev,18,1,1,
cnr-04524,dev,24,1,1,
cnr-04525,test,44,1,1,
cnr-04526,dev,15,1,1,
cnr-04527,test,17,1,1,
cnr-04528,test,55,1,1,
cnr-04529,test,14,1,1,
cnr-04530,test,15,1,1,
cnr-04531,test,18,1,1,
cnr-04532,dev,26,1,1,
cnr-04533,test,19,1,1,
cnr-04534,test,18,1,1,
cnr-04535,test,32,1,1,
cnr-04536,dev,62,1,1,
cnr-04537,dev,95,1,1,
cnr-04538,dev,6,1,1,
cnr-04539,test,32,1,1,
cnr-04540,dev,61,1,1,
cnr-04541,test,10,1,1,
cnr-04542,test,11,1,1,
cnr-04543,test,21,1,1,
cnr-04544,dev,26,1,1,
cnr-04545,test,20,1,1,
cnr-04546,test,27,1,1,
cnr-04547,test,7,1,1,
cnr-04548,test,36,1,1,
cnr-04549,test,11,1,1,
cnr-04550,test,21,1,1,
cnr-04551,test,27,1,1,
cnr-04552,dev,41,1,1,
cnr-04553,test,62,1,1,
cnr-04554,test,26,1,1,
cnr-04555,test,13,1,1,
cnr-04556,test,49,1,1,
cnr-04557,dev,32,1,1,
cnr-04558,dev,45,1,1,
cnr-04559,dev,23,1,1,
cnr-04560,dev,54,1,1,
cnr-04561,test,48,1,1,
cnr-04562,dev,17,1,1,
cnr-04563,dev,15,1,1,
cnr-04564,test,42,1,1,
cnr-04565,test,20,1,1,
cnr-04566,test,23,1,1,
cnr-04567,test,41,1,1,
cnr-04568,test,29,1,1,
cnr-04569,test,23,1,1,
cnr-04570,test,23,1,1,
cnr-04571,test,22,1,1,
cnr-04572,test,18,1,1,
cnr-04573,test,15,1,1,
cnr-04574,test,18,1,1,
cnr-04575,test,19,1,1,
cnr-04576,dev,41,1,1,
cnr-04577,test,12,1,1,
cnr-04578,test,22,1,1,
cnr-04579,test,32,1,1,
cnr-04580,dev,31,1,1,
cnr-04581,dev,17,1,1,
cnr-04582,dev,33,1,1,
cnr-04583,test,7,1,1,
cnr-04584,test,39,1,1,
cnr-04585,test,18,1,1,
cnr-04586,test,77,1,1,
cnr-04587,test,22,1,1,
cnr-04588,test,25,1,1,
cnr-04589,dev,19,1,1,
cnr-04590,test,18,1,1,
cnr-04591,test,13,1,1,
cnr-04592,test,30,1,1,
cnr-04593,test,18,1,1,
cnr-04594,test,24,1,1,
cnr-04595,test,30,1,1,
cnr-04596,dev,51,1,1,
cnr-04597,dev,71,1,1,
cnr-04598,test,4,1,1,
cnr-04599,dev,19,1,1,
cnr-04600,dev,16,1,1,
cnr-04601,test,24,1,1,
cnr-04602,test,23,1,1,
cnr-04603,dev,22,1,1,
cnr-04604,test,18,1,1,
cnr-04605,dev,16,1,1,
cnr-04606,test,79,1,1,
cnr-04607,dev,20,1,1,
cnr-04608,dev,8,1,1,
cnr-04609,dev,68,1,1,
cnr-04610,test,33,1,1,
cnr-04611,test,83,1,1,
cnr-04612,test,22,1,1,
cnr-04613,dev,11,1,1,
cnr-04614,test,14,1,1,
cnr-04615,test,17,1,1,
cnr-04616,test,27,1,1,
cnr-04617,dev,52,1,1,
cnr-04618,dev,81,1,1,
cnr-04619,test,22,1,1,
cnr-04620,test,21,1,1,
cnr-04621,test,85,1,1,
cnr-04622,test,22,1,1,
cnr-04623,dev,17,1,1,
cnr-04624,test,17,1,1,
cnr-04625,test,15,1,1,
cnr-04626,test,11,1,1,
cnr-04627,test,11,1,1,
cnr-04628,dev,6,1,1,
cnr-04629,test,6,1,1,
cnr-04630,test,23,1,1,
cnr-04631,dev,22,1,1,
cnr-04632,test,17,1,1,
cnr-04633,test,44,1,1,
cnr-04634,dev,11,1,1,
cnr-04635,test,37,1,1,
cnr-04636,dev,15,1,1,
cnr-04637,test,19,1,1,
cnr-04638,test,25,1,1,
cnr-04639,test,26,1,1,
cnr-04640,test,29,1,1,
cnr-04641,dev,49,1,1,
cnr-04642,dev,12,1,1,
cnr-04643,test,3,1,1,
cnr-04644,test,9,1,1,
cnr-04645,test,14,1,1,
cnr-04646,dev,36,1,1,
cnr-04647,dev,41,1,1,
cnr-04648,dev,49,1,1,
cnr-04649,test,46,1,1,
cnr-04650,test,10,1,1,
cnr-04651,test,21,1,1,
cnr-04652,test,41,1,1,
cnr-04653,dev,46,1,1,
cnr-04654,dev,13,1,1,
cnr-04655,test,17,1,1,
cnr-04656,test,23,1,1,
cnr-04657,test,27,1,1,
cnr-04658,test,12,1,1,
cnr-04659,test,12,1,1,
cnr-04660,test,23,1,1,
cnr-04661,test,7,1,1,
cnr-04662,test,44,1,1,
cnr-04663,test,71,1,1,
cnr-04664,test,24,1,1,
cnr-04665,test,9,1,1,
cnr-04666,test,4,1,1,
cnr-04667,test,12,1,1,
cnr-04668,test,36,1,1,
cnr-04669,dev,21,1,1,
cnr-04670,dev,50,1,1,
cnr-04671,test,38,1,1,
cnr-04672,dev,19,1,1,
cnr-04673,test,31,1,1,
cnr-04674,test,86,1,1,
cnr-04675,test,32,1,1,
cnr-04676,test,43,1,1,
cnr-04677,test,17,1,1,
cnr-04678,test,9,1,1,
cnr-04679,test,14,1,1,
cnr-04680,dev,26,1,1,
cnr-04681,dev,17,1,1,
cnr-04682,test,19,1,1,
cnr-04683,test,16,1,1,
cnr-04684,test,48,1,1,
cnr-04685,test,21,1,1,
cnr-04686,test,25,1,1,
cnr-04687,test,30,1,1,
cnr-04688,test,12,1,1,
cnr-04689,dev,46,1,1,
cnr-04690,dev,105,1,1,
cnr-04691,test,53,1,1,
cnr-04692,dev,23,1,1,
cnr-04693,dev,19,1,1,
cnr-04694,test,24,1,1,
cnr-04695,dev,20,1,1,
cnr-04696,test,15,1,1,
cnr-04697,dev,44,1,1,
cnr-04698,test,35,1,1,
cnr-04699,test,23,1,1,
cnr-04700,test,11,1,1,
cnr-04701,dev,13,1,1,
cnr-04702,test,24,1,1,
cnr-04703,dev,47,1,1,
cnr-04704,test,17,1,1,
cnr-04705,dev,10,1,1,
cnr-04706,dev,11,1,1,
cnr-04707,dev,59,1,1,
cnr-04708,test,15,1,1,
cnr-04709,test,42,1,1,
cnr-04710,dev,11,1,1,
cnr-04711,dev,44,1,1,
cnr-04712,dev,33,1,1,
cnr-04713,test,21,1,1,
cnr-04714,test,20,1,1,
cnr-04715,dev,33,1,1,
cnr-04716,test,48,1,1,
cnr-04717,test,20,1,1,
cnr-04718,test,84,1,1,
cnr-04719,test,14,1,1,
cnr-04720,test,12,1,1,
cnr-04721,dev,59,1,1,
cnr-04722,test,7,1,1,
cnr-04723,dev,12,1,1,
cnr-04724,dev,49,1,1,
cnr-04725,test,71,1,1,
cnr-04726,test,18,1,1,
cnr-04727,test,20,1,1,
cnr-04728,test,13,1,1,
cnr-04729,test,60,1,1,
cnr-04730,test,10,1,1,
cnr-04731,test,61,1,1,
cnr-04732,test,21,1,1,
cnr-04733,test,14,1,1,
cnr-04734,test,14,1,1,
cnr-04735,dev,46,1,1,
cnr-04736,test,16,1,1,
cnr-04737,dev,13,1,1,
cnr-04738,test,19,1,1,
cnr-04739,test,17,1,1,
cnr-04740,test,16,1,1,
cnr-04741,test,7,1,1,
cnr-04742,test,22,1,1,
cnr-04743,test,16,1,1,
cnr-04744,test,12,1,1,
cnr-04745,dev,80,1,1,
cnr-04746,test,16,1,1,
cnr-04747,test,19,1,1,
cnr-04748,test,73,1,1,
cnr-04749,dev,36,1,1,
cnr-04750,test,19,1,1,
cnr-04751,test,20,1,1,
cnr-04752,dev,16,1,1,
cnr-04753,test,30,1,1,
cnr-04754,test,20,1,1,
cnr-04755,test,38,1,1,
cnr-04756,dev,4,1,1,
cnr-04757,dev,6,1,1,
cnr-04758,test,34,1,1,
cnr-04759,test,14,1,1,
cnr-04760,dev,15,1,1,
cnr-04761,test,31,1,1,
cnr-04762,dev,49,1,1,
cnr-04763,test,8,1,1,
cnr-04764,test,59,1,1,
cnr-04765,test,8,1,1,
cnr-04766,test,45,1,1,
cnr-04767,test,28,1,1,
cnr-04768,test,63,1,1,
cnr-04769,test,21,1,1,
cnr-04770,test,22,1,1,
cnr-04771,test,12,1,1,
cnr-04772,test,23,1,1,
cnr-04773,test,47,1,1,
cnr-04774,test,13,1,1,
cnr-04775,test,9,1,1,
cnr-04776,test,44,1,1,
cnr-04777,dev,80,1,1,
cnr-04778,test,36,1,1,
cnr-04779,dev,18,1,1,
cnr-04780,test,5,1,1,
cnr-04781,test,27,1,1,
cnr-04782,test,49,1,1,
cnr-04783,test,31,1,1,
cnr-04784,test,11,1,1,
cnr-04785,test,17,1,1,
cnr-04786,test,101,1,1,
cnr-04787,test,33,1,1,
cnr-04788,test,37,1,1,
cnr-04789,test,15,1,1,
cnr-04790,test,39,1,1,
cnr-04791,dev,7,1,1,
cnr-04792,test,47,1,1,
cnr-04793,test,35,1,1,
cnr-04794,test,39,1,1,
cnr-04795,test,9,1,1,
cnr-04796,test,20,1,1,
cnr-04797,dev,11,1,1,
cnr-04798,dev,19,1,1,
cnr-04799,dev,33,1,1,
cnr-04800,dev,21,1,1,
cnr-04801,test,7,1,1,
cnr-04802,test,10,1,1,
cnr-04803,test,14,1,1,
cnr-04804,dev,39,1,1,
cnr-04805,test,11,1,1,
cnr-04806,dev,31,1,1,
cnr-04807,dev,98,1,1,
cnr-04808,test,19,1,1,
cnr-04809,dev,11,1,1,
cnr-04810,test,9,1,1,
cnr-04811,test,24,1,1,
cnr-04812,test,18,1,1,
cnr-04813,test,34,1,1,
cnr-04814,test,11,1,1,
cnr-04815,dev,23,1,1,
cnr-04816,test,20,1,1,
cnr-04817,test,23,1,1,
cnr-04818,dev,23,1,1,
cnr-04819,dev,25,1,1,
cnr-04820,dev,15,1,1,
cnr-04821,test,7,1,1,
cnr-04822,test,111,1,1,
cnr-04823,dev,18,1,1,
cnr-04824,test,18,1,1,
cnr-04825,dev,48,1,1,
cnr-04826,test,21,1,1,
cnr-04827,dev,27,1,1,
cnr-04828,test,95,1,1,
cnr-04829,test,55,1,1,
cnr-04830,test,65,1,1,
cnr-04831,test,38,1,1,
cnr-04832,dev,22,1,1,
cnr-04833,dev,55,1,1,
cnr-04834,dev,13,1,1,
cnr-04835,dev,26,1,1,
cnr-04836,dev,27,1,1,
cnr-04837,test,41,1,1,
cnr-04838,test,12,1,1,
cnr-04839,test,6,1,1,
cnr-04840,test,11,1,1,
cnr-04841,test,46,1,1,
cnr-04842,test,22,1,1,
cnr-04843,test,56,1,1,
cnr-04844,test,10,1,1,
cnr-04845,test,3,1,1,
cnr-04846,test,32,1,1,
cnr-04847,test,70,1,1,
cnr-04848,dev,8,1,1,
cnr-04849,dev,25,1,1,
cnr-04850,test,30,1,1,
cnr-04851,dev,23,1,1,
cnr-04852,dev,58,1,1,
cnr-04853,dev,16,1,1,
cnr-04854,dev,36,1,1,
cnr-04855,test,27,1,1,
cnr-04856,test,39,1,1,
cnr-04857,test,69,1,1,
cnr-04858,test,12,1,1,
cnr-04859,test,16,1,1,
cnr-04860,test,53,1,1,
cnr-04861,test,20,1,1,
cnr-04862,test,15,1,1,
cnr-04863,test,61,1,1,
cnr-04864,test,28,1,1,
cnr-04865,dev,27,1,1,
cnr-04866,dev,30,1,1,
cnr-04867,dev,9,1,1,
cnr-04868,test,12,1,1,
cnr-04869,dev,53,1,1,
cnr-04870,test,21,1,1,
cnr-04871,test,41,1,1,
cnr-04872,dev,14,1,1,
cnr-04873,test,12,1,1,
cnr-04874,dev,49,1,1,
cnr-04875,test,25,1,1,
cnr-04876,test,20,1,1,
cnr-04877,test,9,1,1,
cnr-04878,test,22,1,1,
cnr-04879,test,16,1,1,
cnr-04880,dev,77,1,1,
cnr-04881,test,24,1,1,
cnr-04882,test,15,1,1,
cnr-04883,dev,31,1,1,
cnr-04884,test,21,1,1,
cnr-04885,test,4,1,1,
cnr-04886,dev,11,1,1,
cnr-04887,dev,7,1,1,
cnr-04888,dev,12,1,1,
cnr-04889,test,17,1,1,
cnr-04890,test,22,1,1,
cnr-04891,dev,78,1,1,
cnr-04892,dev,57,1,1,
cnr-04893,dev,14,1,1,
cnr-04894,dev,15,1,1,
cnr-04895,test,4,1,1,
cnr-04896,test,34,1,1,
cnr-04897,test,13,1,1,
cnr-04898,test,34,1,1,
cnr-04899,test,40,1,1,
cnr-04900,test,51,1,1,
cnr-04901,test,21,1,1,
cnr-04902,test,9,1,1,
cnr-04903,test,35,1,1,
cnr-04904,test,22,1,1,
cnr-04905,dev,16,1,1,
cnr-04906,dev,34,1,1,
cnr-04907,test,36,1,1,
cnr-04908,test,32,1,1,
cnr-04909,test,19,1,1,
cnr-04910,dev,17,1,1,
cnr-04911,test,37,1,1,
cnr-04912,test,16,1,1,
cnr-04913,test,14,1,1,
cnr-04914,test,23,1,1,
cnr-04915,dev,11,1,1,
cnr-04916,dev,10,1,1,
cnr-04917,test,19,1,1,
cnr-04918,test,30,1,1,
cnr-04919,test,34,1,1,
cnr-04920,test,12,1,1,
cnr-04921,test,7,1,1,
cnr-04922,test,7,1,1,
cnr-04923,dev,16,1,1,
cnr-04924,test,23,1,1,
cnr-04925,test,44,1,1,
cnr-04926,dev,16,1,1,
cnr-04927,dev,27,1,1,
cnr-04928,test,41,1,1,
cnr-04929,test,23,1,1,
cnr-04930,test,23,1,1,
cnr-04931,dev,44,1,1,
cnr-04932,test,28,1,1,
cnr-04933,test,6,1,1,
cnr-04934,dev,10,1,1,
cnr-04935,test,38,1,1,
cnr-04936,test,18,1,1,
cnr-04937,test,11,1,1,
cnr-04938,dev,17,1,1,
cnr-04939,test,68,1,1,
cnr-04940,test,9,1,1,
cnr-04941,test,78,1,1,
cnr-04942,dev,66,1,1,
cnr-04943,dev,42,1,1,
cnr-04944,dev,25,1,1,
cnr-04945,test,23,1,1,
cnr-04946,dev,31,1,1,
cnr-04947,dev,23,1,1,
cnr-04948,test,10,1,1,
cnr-04949,test,46,1,1,
cnr-04950,test,27,1,1,
cnr-04951,test,17,1,1,
cnr-04952,dev,17,1,1,
cnr-04953,test,15,1,1,
cnr-04954,test,78,1,1,
cnr-04955,test,4,1,1,
cnr-04956,dev,21,1,1,
cnr-04957,test,59,1,1,
cnr-04958,dev,32,1,1,
cnr-04959,dev,16,1,1,
cnr-04960,test,21,1,1,
cnr-04961,test,54,1,1,
cnr-04962,test,13,1,1,
cnr-04963,test,9,1,1,
cnr-04964,test,87,1,1,
cnr-04965,test,49,1,1,
cnr-04966,test,24,1,1,
cnr-04967,test,18,1,1,
cnr-04968,test,5,1,1,
cnr-04969,test,37,1,1,
cnr-04970,test,55,1,1,
cnr-04971,dev,48,1,1,
cnr-04972,test,18,1,1,
cnr-04973,dev,14,1,1,
cnr-04974,dev,23,1,1,
cnr-04975,test,28,1,1,
cnr-04976,dev,15,1,1,
cnr-04977,test,42,1,1,
cnr-04978,test,23,1,1,
cnr-04979,test,39,1,1,
cnr-04980,dev,68,1,1,
cnr-04981,test,19,1,1,
cnr-04982,test,29,1,1,
cnr-04983,dev,10,1,1,
cnr-04984,test,101,1,1,
cnr-04985,dev,19,1,1,
cnr-04986,test,11,1,1,
cnr-04987,dev,74,1,1,
cnr-04988,test,31,1,1,
cnr-04989,test,29,1,1,
cnr-04990,test,40,1,1,
cnr-04991,test,26,1,1,
cnr-04992,test,8,1,1,
cnr-04993,test,30,1,1,
cnr-04994,test,30,1,1,
cnr-04995,dev,19,1,1,
cnr-04996,test,58,1,1,
cnr-04997,dev,9,1,1,
cnr-04998,dev,79,1,1,
cnr-04999,test,65,1,1,
cnr-05000,test,36,1,1,
cnr-05001,test,15,1,1,
cnr-05002,test,16,1,1,
cnr-05003,test,36,1,1,
cnr-05004,test,75,1,1,
cnr-05005,test,12,1,1,
cnr-05006,test,101,1,1,
cnr-05007,test,11,1,1,
cnr-05008,test,21,1,1,
cnr-05009,dev,115,1,1,
cnr-05010,test,25,1,1,
cnr-05011,test,9,1,1,
cnr-05012,test,41,1,1,
cnr-05013,dev,21,1,1,
cnr-05014,test,49,1,1,
cnr-05015,test,13,1,1,
cnr-05016,test,15,1,1,
cnr-05017,test,52,1,1,
cnr-05018,dev,18,1,1,
cnr-05019,test,10,1,1,
cnr-05020,test,24,1,1,
cnr-05021,test,24,1,1,
cnr-05022,test,11,1,1,
cnr-05023,dev,19,1,1,
cnr-05024,test,10,1,1,
cnr-05025,test,14,1,1,
cnr-05026,test,13,1,1,
cnr-05027,dev,39,1,1,
cnr-05028,dev,20,1,1,
cnr-05029,dev,23,1,1,
cnr-05030,test,39,1,1,
cnr-05031,test,22,1,1,
cnr-05032,test,75,1,1,
cnr-05033,dev,67,1,1,
cnr-05034,dev,8,1,1,
cnr-05035,test,70,1,1,
cnr-05036,test,26,1,1,
cnr-05037,dev,11,1,1,
cnr-05038,test,40,1,1,
cnr-05039,test,15,1,1,
cnr-05040,test,17,1,1,
cnr-05041,test,15,1,1,
cnr-05042,test,18,1,1,
cnr-05043,dev,21,1,1,
cnr-05044,dev,37,1,1,
cnr-05045,test,27,1,1,
cnr-05046,test,50,1,1,
cnr-05047,dev,26,1,1,
cnr-05048,test,14,1,1,
cnr-05049,dev,21,1,1,
cnr-05050,test,39,1,1,
cnr-05051,dev,28,1,1,
cnr-05052,dev,22,1,1,
cnr-05053,dev,25,1,1,
cnr-05054,dev,64,1,1,
cnr-05055,dev,51,1,1,
cnr-05056,test,10,1,1,
cnr-05057,test,9,1,1,
cnr-05058,dev,33,1,1,
cnr-05059,test,22,1,1,
cnr-05060,test,20,1,1,
cnr-05061,test,7,1,1,
cnr-05062,test,18,1,1,
cnr-05063,test,16,1,1,
cnr-05064,test,35,1,1,
cnr-05065,dev,43,1,1,
cnr-05066,dev,9,1,1,
cnr-05067,dev,25,1,1,
cnr-05068,test,23,1,1,
cnr-05069,test,14,1,1,
cnr-05070,test,11,1,1,
cnr-05071,test,18,1,1,
cnr-05072,test,125,1,1,
cnr-05073,dev,47,1,1,
cnr-05074,test,25,1,1,
cnr-05075,test,27,1,1,
cnr-05076,test,36,1,1,
cnr-05077,test,26,1,1,
cnr-05078,test,28,1,1,
cnr-05079,test,11,1,1,
cnr-05080,test,84,1,1,
cnr-05081,test,19,1,1,
cnr-05082,test,8,1,1,
cnr-05083,test,38,1,1,
cnr-05084,dev,22,1,1,
cnr-05085,test,13,1,1,
cnr-05086,dev,4,1,1,
cnr-05087,dev,77,1,1,
cnr-05088,test,26,1,1,
cnr-05089,test,25,1,1,
cnr-05090,test,38,1,1,
cnr-05091,test,44,1,1,
cnr-05092,test,7,1,1,
cnr-05093,test,36,1,1,
cnr-05094,test,20,1,1,
cnr-05095,test,13,1,1,
cnr-05096,test,32,1,1,
cnr-05097,dev,14,1,1,
cnr-05098,test,6,1,1,
cnr-05099,dev,55,1,1,
cnr-05100,test,16,1,1,
cnr-05101,test,8,1,1,
cnr-05102,test,8,1,1,
cnr-05103,test,15,1,1,
cnr-05104,test,14,1,1,
cnr-05105,test,41,1,1,
cnr-05106,dev,21,1,1,
cnr-05107,test,56,1,1,
cnr-05108,test,19,1,1,
cnr-05109,test,33,1,1,
cnr-05110,test,19,1,1,
cnr-05111,test,10,1,1,
cnr-05112,test,32,1,1,
cnr-05113,dev,21,1,1,
cnr-05114,dev,96,1,1,
cnr-05115,test,58,1,1,
cnr-05116,test,11,1,1,
cnr-05117,dev,22,1,1,
cnr-05118,dev,8,1,1,
cnr-05119,dev,29,1,1,
cnr-05120,test,30,1,1,
cnr-05121,test,55,1,1,
cnr-05122,test,25,1,1,
cnr-05123,test,26,1,1,
cnr-05124,test,27,1,1,
cnr-05125,test,30,1,1,
cnr-05126,test,67,1,1,
cnr-05127,test,23,1,1,
cnr-05128,test,34,1,1,
cnr-05129,test,38,1,1,
cnr-05130,test,14,1,1,
cnr-05131,test,23,1,1,
cnr-05132,dev,68,1,1,
cnr-05133,dev,17,1,1,
cnr-05134,dev,20,1,1,
cnr-05135,test,26,1,1,
cnr-05136,dev,28,1,1,
cnr-05137,test,20,1,1,
cnr-05138,test,14,1,1,
cnr-05139,test,2,1,1,
cnr-05140,test,15,1,1,
cnr-05141,test,25,1,1,
cnr-05142,test,9,1,1,
cnr-05143,dev,46,1,1,
cnr-05144,dev,28,1,1,
cnr-05145,test,28,1,1,
cnr-05146,test,28,1,1,
cnr-05147,test,35,1,1,
cnr-05148,test,13,1,1,
cnr-05149,test,21,1,1,
cnr-05150,test,7,1,1,
cnr-05151,dev,13,1,1,
cnr-05152,test,19,1,1,
cnr-05153,dev,32,1,1,
cnr-05154,dev,31,1,1,
cnr-05155,test,20,1,1,
cnr-05156,test,69,1,1,
cnr-05157,test,23,1,1,
cnr-05158,test,25,1,1,
cnr-05159,test,28,1,1,
cnr-05160,test,26,1,1,
cnr-05161,test,38,1,1,
cnr-05162,test,39,1,1,
cnr-05163,dev,39,1,1,
cnr-05164,test,27,1,1,
cnr-05165,dev,19,1,1,
cnr-05166,test,37,1,1,
cnr-05167,test,29,1,1,
cnr-05168,dev,34,1,1,
cnr-05169,dev,16,1,1,
cnr-05170,test,8,1,1,
cnr-05171,test,26,1,1,
cnr-05172,test,14,1,1,
cnr-05173,test,6,1,1,
cnr-05174,dev,60,1,1,
cnr-05175,test,15,1,1,
cnr-05176,test,13,1,1,
cnr-05177,test,60,1,1,
cnr-05178,test,17,1,1,
cnr-05179,test,22,1,1,
cnr-05180,dev,19,1,1,
cnr-05181,test,37,1,1,
cnr-05182,test,16,1,1,
cnr-05183,test,10,1,1,
cnr-05184,test,28,1,1,
cnr-05185,test,37,1,1,
cnr-05186,test,10,1,1,
cnr-05187,dev,28,1,1,
cnr-05188,dev,52,1,1,
cnr-05189,test,46,1,1,
cnr-05190,dev,9,1,1,
cnr-05191,dev,38,1,1,
cnr-05192,test,52,1,1,
cnr-05193,test,20,1,1,
cnr-05194,test,33,1,1,
cnr-05195,test,28,1,1,
cnr-05196,test,15,1,1,
cnr-05197,test,77,1,1,
cnr-05198,test,25,1,1,
cnr-05199,test,19,1,1,
cnr-05200,test,26,1,1,
cnr-05201,test,24,1,1,
cnr-05202,dev,48,1,1,
cnr-05203,test,28,1,1,
cnr-05204,test,30,1,1,
cnr-05205,test,20,1,1,
cnr-05206,test,19,1,1,
cnr-05207,test,23,1,1,
cnr-05208,test,37,1,1,
cnr-05209,test,26,1,1,
cnr-05210,test,30,1,1,
cnr-05211,test,16,1,1,
cnr-05212,test,35,1,1,
cnr-05213,test,20,1,1,
cnr-05214,test,31,1,1,
cnr-05215,dev,27,1,1,
cnr-05216,test,24,1,1,
cnr-05217,test,23,1,1,
cnr-05218,test,25,1,1,
cnr-05219,dev,31,1,1,
cnr-05220,test,26,1,1,
cnr-05221,dev,29,1,1,
cnr-05222,dev,34,1,1,
cnr-05223,dev,8,1,1,
cnr-05224,dev,17,1,1,
cnr-05225,test,19,1,1,
cnr-05226,dev,12,1,1,
cnr-05227,test,27,1,1,
cnr-05228,dev,22,1,1,
cnr-05229,dev,23,1,1,
cnr-05230,test,21,1,1,
cnr-05231,test,11,1,1,
cnr-05232,dev,22,1,1,
cnr-05233,test,36,1,1,
cnr-05234,dev,19,1,1,
cnr-05235,test,44,1,1,
cnr-05236,dev,21,1,1,
cnr-05237,test,75,1,1,
cnr-05238,dev,27,1,1,
cnr-05239,test,28,1,1,
cnr-05240,test,48,1,1,
cnr-05241,dev,19,1,1,
cnr-05242,dev,28,1,1,
cnr-05243,test,10,1,1,
cnr-05244,dev,14,1,1,
cnr-05245,dev,30,1,1,
cnr-05246,test,19,1,1,
cnr-05247,test,7,1,1,
cnr-05248,test,18,1,1,
cnr-05249,test,46,1,1,
cnr-05250,dev,61,1,1,
cnr-05251,dev,38,1,1,
cnr-05252,test,15,1,1,
cnr-05253,test,10,1,1,
cnr-05254,test,28,1,1,
cnr-05255,dev,50,1,1,
cnr-05256,test,18,1,1,
cnr-05257,dev,29,1,1,
cnr-05258,test,60,1,1,
cnr-05259,dev,24,1,1,
cnr-05260,test,10,1,1,
cnr-05261,dev,14,1,1,
cnr-05262,dev,17,1,1,
cnr-05263,dev,17,1,1,
cnr-05264,test,17,1,1,
cnr-05265,dev,25,1,1,
cnr-05266,dev,29,1,1,
cnr-05267,test,23,1,1,
cnr-05268,test,45,1,1,
cnr-05269,test,44,1,1,
cnr-05270,test,87,1,1,
cnr-05271,test,18,1,1,
cnr-05272,test,39,1,1,
cnr-05273,test,62,1,1,
cnr-05274,dev,8,1,1,
cnr-05275,test,7,1,1,
cnr-05276,test,9,1,1,
cnr-05277,test,13,1,1,
cnr-05278,test,10,1,1,
cnr-05279,dev,51,1,1,
cnr-05280,test,44,1,1,
cnr-05281,test,22,1,1,
cnr-05282,test,15,1,1,
cnr-05283,test,11,1,1,
cnr-05284,test,9,1,1,
cnr-05285,dev,7,1,1,
cnr-05286,test,15,1,1,
cnr-05287,test,18,1,1,
cnr-05288,test,58,1,1,
cnr-05289,dev,32,1,1,
cnr-05290,test,10,1,1,
cnr-05291,test,46,1,1,
cnr-05292,test,56,1,1,
cnr-05293,test,18,1,1,
cnr-05294,test,20,1,1,
cnr-05295,dev,21,1,1,
cnr-05296,test,36,1,1,
cnr-05297,test,17,1,1,
cnr-05298,test,16,1,1,
cnr-05299,test,29,1,1,
cnr-05300,dev,13,1,1,
cnr-05301,test,46,1,1,
cnr-05302,test,19,1,1,
cnr-05303,dev,21,1,1,
cnr-05304,dev,62,1,1,
cnr-05305,dev,62,1,1,
cnr-05306,test,54,1,1,
cnr-05307,test,28,1,1,
cnr-05308,test,15,1,1,
cnr-05309,test,50,1,1,
cnr-05310,dev,27,1,1,
cnr-05311,test,52,1,1,
cnr-05312,test,16,1,1,
cnr-05313,test,13,1,1,
cnr-05314,test,23,1,1,
cnr-05315,test,22,1,1,
cnr-05316,test,2,1,1,
cnr-05317,test,29,1,1,
cnr-05318,dev,27,1,1,
cnr-05319,test,25,1,1,
cnr-05320,dev,12,1,1,
cnr-05321,test,12,1,1,
cnr-05322,test,21,1,1,
cnr-05323,test,15,1,1,
cnr-05324,dev,5,1,1,
cnr-05325,test,14,1,1,
cnr-05326,dev,16,1,1,
cnr-05327,test,18,1,1,
cnr-05328,test,4,1,1,
cnr-05329,test,23,1,1,
cnr-05330,test,16,1,1,
cnr-05331,test,12,1,1,
cnr-05332,test,18,1,1,
cnr-05333,dev,9,1,1,
cnr-05334,test,27,1,1,
cnr-05335,test,42,1,1,
cnr-05336,test,21,1,1,
cnr-05337,test,27,1,1,
cnr-05338,test,23,1,1,
cnr-05339,dev,20,1,1,
cnr-05340,test,19,1,1,
cnr-05341,dev,46,1,1,
cnr-05342,test,28,1,1,
cnr-05343,test,22,1,1,
cnr-05344,dev,16,1,1,
cnr-05345,test,10,1,1,
cnr-05346,test,21,1,1,
cnr-05347,test,23,1,1,
cnr-05348,dev,28,1,1,
cnr-05349,test,58,1,1,
cnr-05350,test,16,1,1,
cnr-05351,test,11,1,1,
cnr-05352,test,6,1,1,
cnr-05353,test,49,1,1,
cnr-05354,test,15,1,1,
cnr-05355,test,9,1,1,
cnr-05356,test,10,1,1,
cnr-05357,test,10,1,1,
cnr-05358,test,27,1,1,
cnr-05359,dev,27,1,1,
cnr-05360,test,13,1,1,
cnr-05361,test,70,1,1,
cnr-05362,test,56,1,1,
cnr-05363,test,19,1,1,
cnr-05364,test,10,1,1,
cnr-05365,test,11,1,1,
cnr-05366,test,29,1,1,
cnr-05367,test,26,1,1,
cnr-05368,dev,16,1,1,
cnr-05369,test,36,1,1,
cnr-05370,test,27,1,1,
cnr-05371,dev,27,1,1,
cnr-05372,test,12,1,1,
cnr-05373,dev,13,1,1,
cnr-05374,test,18,1,1,
cnr-05375,test,44,1,1,
cnr-05376,dev,55,1,1,
cnr-05377,test,7,1,1,
cnr-05378,test,8,1,1,
cnr-05379,dev,13,1,1,
cnr-05380,dev,59,1,1,
cnr-05381,test,14,1,1,
cnr-05382,test,76,1,1,
cnr-05383,dev,37,1,1,
cnr-05384,test,8,1,1,
cnr-05385,test,21,1,1,
cnr-05386,test,20,1,1,
cnr-05387,test,9,1,1,
cnr-05388,test,16,1,1,
cnr-05389,test,26,1,1,
cnr-05390,dev,59,1,1,
cnr-05391,dev,43,1,1,
cnr-05392,test,60,1,1,
cnr-05393,dev,20,1,1,
cnr-05394,dev,12,1,1,
cnr-05395,test,13,1,1,
cnr-05396,dev,15,1,1,
cnr-05397,test,14,1,1,
cnr-05398,dev,16,1,1,
cnr-05399,test,16,1,1,
cnr-05400,dev,32,1,1,
cnr-05401,test,4,1,1,
cnr-05402,dev,14,1,1,
cnr-05403,test,29,1,1,
cnr-05404,test,32,1,1,
cnr-05405,test,7,1,1,
cnr-05406,dev,68,1,1,
cnr-05407,test,5,1,1,
cnr-05408,test,26,1,1,
cnr-05409,test,6,1,1,
cnr-05410,test,15,1,1,
cnr-05411,dev,18,1,1,
cnr-05412,dev,6,1,1,
cnr-05413,test,32,1,1,
cnr-05414,test,30,1,1,
cnr-05415,test,11,1,1,
cnr-05416,test,29,1,1,
cnr-05417,dev,22,1,1,
cnr-05418,test,5,1,1,
cnr-05419,dev,22,1,1,
cnr-05420,test,36,1,1,
cnr-05421,test,37,1,1,
cnr-05422,test,18,1,1,
cnr-05423,test,20,1,1,
cnr-05424,dev,50,1,1,
cnr-05425,test,36,1,1,
cnr-05426,dev,9,1,1,
cnr-05427,test,16,1,1,
cnr-05428,test,15,1,1,
cnr-05429,test,57,1,1,
cnr-05430,test,40,1,1,
cnr-05431,test,26,1,1,
cnr-05432,test,21,1,1,
cnr-05433,test,72,1,1,
cnr-05434,dev,14,1,1,
cnr-05435,dev,7,1,1,
cnr-05436,test,36,1,1,
cnr-05437,test,53,1,1,
cnr-05438,test,17,1,1,
cnr-05439,dev,29,1,1,
cnr-05440,test,16,1,1,
cnr-05441,test,7,1,1,
cnr-05442,test,35,1,1,
cnr-05443,dev,6,1,1,
cnr-05444,test,19,1,1,
cnr-05445,test,19,1,1,
cnr-05446,dev,38,1,1,
cnr-05447,test,51,1,1,
cnr-05448,test,15,1,1,
cnr-05449,test,12,1,1,
cnr-05450,dev,13,1,1,
cnr-05451,test,16,1,1,
cnr-05452,dev,7,1,1,
cnr-05453,test,38,1,1,
cnr-05454,dev,45,1,1,
cnr-05455,test,34,1,1,
cnr-05456,test,24,1,1,
cnr-05457,test,38,1,1,
cnr-05458,test,14,1,1,
cnr-05459,test,17,1,1,
cnr-05460,test,68,1,1,
cnr-05461,test,74,1,1,
cnr-05462,test,34,1,1,
cnr-05463,test,17,1,1,
cnr-05464,dev,71,1,1,
cnr-05465,dev,44,1,1,
cnr-05466,test,16,1,1,
cnr-05467,test,16,1,1,
cnr-05468,test,15,1,1,
cnr-05469,test,38,1,1,
cnr-05470,test,17,1,1,
cnr-05471,test,70,1,1,
cnr-05472,test,38,1,1,
cnr-05473,dev,60,1,1,
cnr-05474,dev,38,1,1,
cnr-05475,test,20,1,1,
cnr-05476,dev,56,1,1,
cnr-05477,test,5,1,1,
cnr-05478,dev,31,1,1,
cnr-05479,test,13,1,1,
cnr-05480,test,22,1,1,
cnr-05481,dev,6,1,1,
cnr-05482,test,38,1,1,
cnr-05483,test,9,1,1,
cnr-05484,test,52,1,1,
cnr-05485,dev,33,1,1,
cnr-05486,test,26,1,1,
cnr-05487,dev,32,1,1,
cnr-05488,test,24,1,1,
cnr-05489,dev,14,1,1,
cnr-05490,dev,11,1,1,
cnr-05491,dev,13,1,1,
cnr-05492,dev,37,1,1,
cnr-05493,dev,35,1,1,
cnr-05494,test,24,1,1,
cnr-05495,dev,9,1,1,
cnr-05496,test,18,1,1,
cnr-05497,test,59,1,1,
cnr-05498,test,56,1,1,
cnr-05499,test,18,1,1,
cnr-05500,dev,41,1,1,
cnr-05501,test,26,1,1,
cnr-05502,test,4,1,1,
cnr-05503,test,12,1,1,
cnr-05504,test,68,1,1,
cnr-05505,test,13,1,1,
cnr-05506,test,12,1,1,
cnr-05507,test,20,1,1,
cnr-05508,test,30,1,1,
cnr-05509,dev,12,1,1,
cnr-05510,test,49,1,1,
cnr-05511,test,6,1,1,
cnr-05512,test,17,1,1,
cnr-05513,test,59,1,1,
cnr-05514,test,54,1,1,
cnr-05515,test,17,1,1,
cnr-05516,test,28,1,1,
cnr-05517,test,16,1,1,
cnr-05518,test,19,1,1,
cnr-05519,test,50,1,1,
cnr-05520,test,24,1,1,
cnr-05521,dev,26,1,1,
cnr-05522,dev,39,1,1,
cnr-05523,dev,43,1,1,
cnr-05524,test,29,1,1,
cnr-05525,dev,16,1,1,
cnr-05526,test,19,1,1,
cnr-05527,test,13,1,1,
cnr-05528,test,33,1,1,
cnr-05529,test,8,1,1,
cnr-05530,test,49,1,1,
cnr-05531,dev,30,1,1,
cnr-05532,test,18,1,1,
cnr-05533,test,33,1,1,
cnr-05534,test,24,1,1,
cnr-05535,test,17,1,1,
cnr-05536,dev,8,1,1,
cnr-05537,test,29,1,1,
cnr-05538,dev,68,1,1,
cnr-05539,test,34,1,1,
cnr-05540,test,114,1,1,
cnr-05541,dev,29,1,1,
cnr-05542,dev,61,1,1,
cnr-05543,test,11,1,1,
cnr-05544,dev,17,1,1,
cnr-05545,dev,21,1,1,
cnr-05546,dev,15,1,1,
cnr-05547,dev,15,1,1,
cnr-05548,dev,18,1,1,
cnr-05549,test,17,1,1,
cnr-05550,test,41,1,1,
cnr-05551,dev,60,1,1,
cnr-05552,test,16,1,1,
cnr-05553,test,18,1,1,
cnr-05554,test,77,1,1,
cnr-05555,test,46,1,1,
cnr-05556,test,12,1,1,
cnr-05557,test,28,1,1,
cnr-05558,dev,11,1,1,
cnr-05559,test,41,1,1,
cnr-05560,dev,24,1,1,
cnr-05561,test,23,1,1,
cnr-05562,dev,10,1,1,
cnr-05563,test,13,1,1,
cnr-05564,dev,20,1,1,
cnr-05565,dev,47,1,1,
cnr-05566,test,22,1,1,
cnr-05567,test,17,1,1,
cnr-05568,test,18,1,1,
cnr-05569,test,17,1,1,
cnr-05570,test,12,1,1,
cnr-05571,dev,67,1,1,
cnr-05572,test,52,1,1,
cnr-05573,dev,14,1,1,
cnr-05574,test,43,1,1,
cnr-05575,test,26,1,1,
cnr-05576,test,9,1,1,
cnr-05577,test,18,1,1,
cnr-05578,test,5,1,1,
cnr-05579,dev,26,1,1,
cnr-05580,dev,15,1,1,
cnr-05581,test,15,1,1,
cnr-05582,test,42,1,1,
cnr-05583,test,24,1,1,
cnr-05584,test,19,1,1,
cnr-05585,test,21,1,1,
cnr-05586,test,23,1,1,
cnr-05587,dev,30,1,1,
cnr-05588,test,15,1,1,
cnr-05589,test,38,1,1,
cnr-05590,test,71,1,1,
cnr-05591,dev,60,1,1,
cnr-05592,test,14,1,1,
cnr-05593,test,44,1,1,
cnr-05594,test,5,1,1,
cnr-05595,test,40,1,1,
cnr-05596,test,12,1,1,
cnr-05597,dev,23,1,1,
cnr-05598,dev,22,1,1,
cnr-05599,dev,41,1,1,
cnr-05600,test,9,1,1,
cnr-05601,test,15,1,1,
cnr-05602,test,33,1,1,
cnr-05603,test,13,1,1,
cnr-05604,test,23,1,1,
cnr-05605,dev,69,1,1,
cnr-05606,test,78,1,1,
cnr-05607,dev,49,1,1,
cnr-05608,test,12,1,1,
cnr-05609,test,15,1,1,
cnr-05610,test,12,1,1,
cnr-05611,test,22,1,1,
cnr-05612,test,65,1,1,
cnr-05613,test,34,1,1,
cnr-05614,test,24,1,1,
cnr-05615,test,13,1,1,
cnr-05616,dev,27,1,1,
cnr-05617,test,15,1,1,
cnr-05618,test,19,1,1,
cnr-05619,test,22,1,1,
cnr-05620,test,28,1,1,
cnr-05621,dev,66,1,1,
cnr-05622,dev,4,1,1,
cnr-05623,test,14,1,1,
cnr-05624,test,49,1,1,
cnr-05625,dev,26,1,1,
cnr-05626,test,54,1,1,
cnr-05627,test,9,1,1,
cnr-05628,dev,18,1,1,
cnr-05629,dev,45,1,1,
cnr-05630,dev,22,1,1,
cnr-05631,dev,50,1,1,
cnr-05632,test,6,1,1,
cnr-05633,test,8,1,1,
cnr-05634,test,41,1,1,
cnr-05635,test,18,1,1,
cnr-05636,test,12,1,1,
cnr-05637,test,14,1,1,
cnr-05638,test,15,1,1,
cnr-05639,test,42,1,1,
cnr-05640,test,29,1,1,
cnr-05641,test,26,1,1,
cnr-05642,test,12,1,1,
cnr-05643,test,29,1,1,
cnr-05644,dev,43,1,1,
cnr-05645,test,27,1,1,
cnr-05646,test,25,1,1,
cnr-05647,test,21,1,1,
cnr-05648,test,6,1,1,
cnr-05649,dev,93,1,1,
cnr-05650,test,16,1,1,
cnr-05651,test,59,1,1,
cnr-05652,test,4,1,1,
cnr-05653,dev,19,1,1,
cnr-05654,test,9,1,1,
cnr-05655,test,11,1,1,
cnr-05656,test,8,1,1,
cnr-05657,test,17,1,1,
cnr-05658,dev,49,1,1,
cnr-05659,test,20,1,1,
cnr-05660,test,21,1,1,
cnr-05661,dev,30,1,1,
cnr-05662,test,10,1,1,
cnr-05663,test,13,1,1,
cnr-05664,dev,45,1,1,
cnr-05665,test,81,1,1,
cnr-05666,test,20,1,1,
cnr-05667,test,70,1,1,
cnr-05668,test,39,1,1,
cnr-05669,dev,26,1,1,
cnr-05670,test,23,1,1,
cnr-05671,dev,6,1,1,
cnr-05672,dev,24,1,1,
cnr-05673,test,13,1,1,
cnr-05674,test,31,1,1,
cnr-05675,dev,46,1,1,
cnr-05676,test,9,1,1,
cnr-05677,test,36,1,1,
cnr-05678,dev,8,1,1,
cnr-05679,test,69,1,1,
cnr-05680,test,19,1,1,
cnr-05681,test,21,1,1,
cnr-05682,test,29,1,1,
cnr-05683,dev,27,1,1,
cnr-05684,test,25,1,1,
cnr-05685,test,21,1,1,
cnr-05686,test,59,1,1,
cnr-05687,test,106,1,1,
cnr-05688,dev,52,1,1,
cnr-05689,test,20,1,1,
cnr-05690,test,55,1,1,
cnr-05691,test,22,1,1,
cnr-05692,test,61,1,1,
cnr-05693,dev,26,1,1,
cnr-05694,dev,27,1,1,
cnr-05695,dev,14,1,1,
cnr-05696,test,29,1,1,
cnr-05697,dev,19,1,1,
cnr-05698,test,19,1,1,
cnr-05699,dev,33,1,1,
cnr-05700,test,20,1,1,
cnr-05701,dev,23,1,1,
cnr-05702,test,11,1,1,
cnr-05703,test,49,1,1,
cnr-05704,test,30,1,1,
cnr-05705,test,11,1,1,
cnr-05706,test,17,1,1,
cnr-05707,dev,32,1,1,
cnr-05708,test,19,1,1,
cnr-05709,test,21,1,1,
cnr-05710,dev,39,1,1,
cnr-05711,dev,13,1,1,
cnr-05712,test,6,1,1,
cnr-05713,test,22,1,1,
cnr-05714,test,16,1,1,
cnr-05715,test,12,1,1,
cnr-05716,dev,6,1,1,
cnr-05717,test,29,1,1,
cnr-05718,dev,26,1,1,
cnr-05719,test,54,1,1,
cnr-05720,test,14,1,1,
cnr-05721,test,12,1,1,
cnr-05722,test,12,1,1,
cnr-05723,test,20,1,1,
cnr-05724,test,17,1,1,
cnr-05725,test,42,1,1,
cnr-05726,test,20,1,1,
cnr-05727,test,9,1,1,
cnr-05728,test,58,1,1,
cnr-05729,dev,89,1,1,
cnr-05730,test,30,1,1,
cnr-05731,dev,40,1,1,
cnr-05732,test,20,1,1,
cnr-05733,test,38,1,1,
cnr-05734,dev,32,1,1,
cnr-05735,test,21,1,1,
cnr-05736,test,15,1,1,
cnr-05737,dev,18,1,1,
cnr-05738,test,44,1,1,
cnr-05739,test,9,1,1,
cnr-05740,test,11,1,1,
cnr-05741,dev,7,1,1,
cnr-05742,test,31,1,1,
cnr-05743,dev,19,1,1,
cnr-05744,dev,23,1,1,
cnr-05745,dev,18,1,1,
cnr-05746,test,16,1,1,
cnr-05747,dev,43,1,1,
cnr-05748,test,51,1,1,
cnr-05749,test,15,1,1,
cnr-05750,dev,17,1,1,
cnr-05751,dev,6,1,1,
cnr-05752,dev,50,1,1,
cnr-05753,test,10,1,1,
cnr-05754,test,22,1,1,
cnr-05755,test,63,1,1,
cnr-05756,test,11,1,1,
cnr-05757,test,49,1,1,
cnr-05758,dev,13,1,1,
cnr-05759,test,23,1,1,
cnr-05760,test,12,1,1,
cnr-05761,test,17,1,1,
cnr-05762,test,41,1,1,
cnr-05763,test,27,1,1,
cnr-05764,test,54,1,1,
cnr-05765,dev,77,1,1,
cnr-05766,dev,33,1,1,
cnr-05767,dev,17,1,1,
cnr-05768,dev,49,1,1,
cnr-05769,dev,48,1,1,
cnr-05770,dev,58,1,1,
cnr-05771,test,56,1,1,
cnr-05772,test,29,1,1,
cnr-05773,dev,16,1,1,
cnr-05774,test,41,1,1,
cnr-05775,test,28,1,1,
cnr-05776,test,58,1,1,
cnr-05777,test,43,1,1,
cnr-05778,test,90,1,1,
cnr-05779,test,22,1,1,
cnr-05780,test,20,1,1,
cnr-05781,test,30,1,1,
cnr-05782,test,9,1,1,
cnr-05783,dev,24,1,1,
cnr-05784,test,12,1,1,
cnr-05785,test,16,1,1,
cnr-05786,test,74,1,1,
cnr-05787,test,53,1,1,
cnr-05788,test,27,1,1,
cnr-05789,test,84,1,1,
cnr-05790,dev,20,1,1,
cnr-05791,test,20,1,1,
cnr-05792,test,9,1,1,
cnr-05793,test,4,1,1,
cnr-05794,test,28,1,1,
cnr-05795,test,60,1,1,
cnr-05796,test,35,1,1,
cnr-05797,test,26,1,1,
cnr-05798,dev,33,1,1,
cnr-05799,dev,15,1,1,
cnr-05800,dev,29,1,1,
cnr-05801,dev,14,1,1,
cnr-05802,test,27,1,1,
cnr-05803,test,27,1,1,
cnr-05804,test,11,1,1,
cnr-05805,test,32,1,1,
cnr-05806,test,54,1,1,
cnr-05807,test,18,1,1,
cnr-05808,dev,40,1,1,
cnr-05809,test,57,1,1,
cnr-05810,test,29,1,1,
cnr-05811,test,21,1,1,
cnr-05812,test,26,1,1,
cnr-05813,dev,18,1,1,
cnr-05814,test,19,1,1,
cnr-05815,test,31,1,1,
cnr-05816,dev,42,1,1,
cnr-05817,test,16,1,1,
cnr-05818,test,15,1,1,
cnr-05819,test,59,1,1,
cnr-05820,test,65,1,1,
cnr-05821,dev,20,1,1,
cnr-05822,test,6,1,1,
cnr-05823,dev,18,1,1,
cnr-05824,test,23,1,1,
cnr-05825,test,58,1,1,
cnr-05826,test,15,1,1,
cnr-05827,test,15,1,1,
cnr-05828,test,23,1,1,
cnr-05829,test,46,1,1,
cnr-05830,test,8,1,1,
cnr-05831,test,12,1,1,
cnr-05832,test,16,1,1,
cnr-05833,test,52,1,1,
cnr-05834,test,28,1,1,
cnr-05835,test,13,1,1,
cnr-05836,test,16,1,1,
cnr-05837,test,56,1,1,
cnr-05838,test,51,1,1,
cnr-05839,test,24,1,1,
cnr-05840,test,42,1,1,
cnr-05841,test,40,1,1,
cnr-05842,test,21,1,1,
cnr-05843,test,20,1,1,
cnr-05844,dev,14,1,1,
cnr-05845,test,35,1,1,
cnr-05846,test,38,1,1,
cnr-05847,test,58,1,1,
cnr-05848,test,31,1,1,
cnr-05849,test,17,1,1,
cnr-05850,dev,29,1,1,
cnr-05851,test,13,1,1,
cnr-05852,test,29,1,1,
cnr-05853,dev,10,1,1,
cnr-05854,dev,91,1,1,
cnr-05855,test,6,1,1,
cnr-05856,test,16,1,1,
cnr-05857,dev,30,1,1,
cnr-05858,dev,26,1,1,
cnr-05859,test,47,1,1,
cnr-05860,test,15,1,1,
cnr-05861,test,52,1,1,
cnr-05862,test,28,1,1,
cnr-05863,dev,18,1,1,
cnr-05864,test,67,1,1,
cnr-05865,test,12,1,1,
cnr-05866,dev,15,1,1,
cnr-05867,dev,43,1,1,
cnr-05868,test,12,1,1,
cnr-05869,test,17,1,1,
cnr-05870,test,17,1,1,
cnr-05871,test,8,1,1,
cnr-05872,dev,17,1,1,
cnr-05873,test,33,1,1,
cnr-05874,test,18,1,1,
cnr-05875,test,56,1,1,
cnr-05876,test,23,1,1,
cnr-05877,test,70,1,1,
cnr-05878,test,19,1,1,
cnr-05879,dev,27,1,1,
cnr-05880,dev,66,1,1,
cnr-05881,test,8,1,1,
cnr-05882,test,13,1,1,
cnr-05883,dev,32,1,1,
cnr-05884,test,10,1,1,
cnr-05885,test,121,1,1,
cnr-05886,test,6,1,1,
cnr-05887,test,24,1,1,
cnr-05888,dev,27,1,1,
cnr-05889,test,62,1,1,
cnr-05890,test,29,1,1,
cnr-05891,test,13,1,1,
cnr-05892,test,26,1,1,
cnr-05893,test,8,1,1,
cnr-05894,test,40,1,1,
cnr-05895,test,18,1,1,
cnr-05896,test,32,1,1,
cnr-05897,test,14,1,1,
cnr-05898,test,17,1,1,
cnr-05899,test,13,1,1,
cnr-05900,test,32,1,1,
cnr-05901,dev,17,1,1,
cnr-05902,test,15,1,1,
cnr-05903,test,13,1,1,
cnr-05904,test,25,1,1,
cnr-05905,test,87,1,1,
cnr-05906,test,54,1,1,
cnr-05907,dev,17,1,1,
cnr-05908,test,44,1,1,
cnr-05909,test,38,1,1,
cnr-05910,dev,29,1,1,
cnr-05911,dev,54,1,1,
cnr-05912,test,7,1,1,
cnr-05913,dev,39,1,1,
cnr-05914,test,32,1,1,
cnr-05915,dev,6,1,1,
cnr-05916,test,19,1,1,
cnr-05917,test,38,1,1,
cnr-05918,test,16,1,1,
cnr-05919,test,26,1,1,
cnr-05920,test,23,1,1,
cnr-05921,dev,27,1,1,
cnr-05922,dev,9,1,1,
cnr-05923,test,36,1,1,
cnr-05924,test,33,1,1,
cnr-05925,test,22,1,1,
cnr-05926,test,22,1,1,
cnr-05927,test,40,1,1,
cnr-05928,dev,20,1,1,
cnr-05929,test,18,1,1,
cnr-05930,test,57,1,1,
cnr-05931,test,22,1,1,
cnr-05932,test,27,1,1,
cnr-05933,test,50,1,1,
cnr-05934,dev,23,1,1,
cnr-05935,test,13,1,1,
cnr-05936,test,15,1,1,
cnr-05937,test,21,1,1,
cnr-05938,test,16,1,1,
cnr-05939,dev,35,1,1,
cnr-05940,test,88,1,1,
cnr-05941,test,94,1,1,
cnr-05942,dev,10,1,1,
cnr-05943,test,86,1,1,
cnr-05944,dev,31,1,1,
cnr-05945,dev,16,1,1,
cnr-05946,test,22,1,1,
cnr-05947,test,24,1,1,
cnr-05948,test,25,1,1,
cnr-05949,test,23,1,1,
cnr-05950,test,20,1,1,
cnr-05951,test,81,1,1,
cnr-05952,dev,18,1,1,
cnr-05953,test,20,1,1,
cnr-05954,dev,24,1,1,
cnr-05955,dev,14,1,1,
cnr-05956,test,24,1,1,
cnr-05957,dev,39,1,1,
cnr-05958,dev,48,1,1,
cnr-05959,test,14,1,1,
cnr-05960,dev,32,1,1,
cnr-05961,test,36,1,1,
cnr-05962,test,23,1,1,
cnr-05963,dev,74,1,1,
cnr-05964,test,30,1,1,
cnr-05965,dev,10,1,1,
cnr-05966,dev,47,1,1,
cnr-05967,dev,11,1,1,
cnr-05968,test,31,1,1,
cnr-05969,dev,8,1,1,
cnr-05970,test,34,1,1,
cnr-05971,test,8,1,1,
cnr-05972,test,50,1,1,
cnr-05973,test,29,1,1,
cnr-05974,dev,11,1,1,
cnr-05975,test,38,1,1,
cnr-05976,test,63,1,1,
cnr-05977,test,15,1,1,
cnr-05978,test,20,1,1,
cnr-05979,test,30,1,1,
cnr-05980,test,12,1,1,
cnr-05981,test,34,1,1,
cnr-05982,test,36,1,1,
cnr-05983,test,25,1,1,
cnr-05984,test,37,1,1,
cnr-05985,test,6,1,1,
cnr-05986,test,40,1,1,
cnr-05987,dev,21,1,1,
cnr-05988,dev,41,1,1,
cnr-05989,test,16,1,1,
cnr-05990,test,44,1,1,
cnr-05991,test,16,1,1,
cnr-05992,test,22,1,1,
cnr-05993,dev,11,1,1,
cnr-05994,test,55,1,1,
cnr-05995,test,38,1,1,
cnr-05996,test,10,1,1,
cnr-05997,dev,15,1,1,
cnr-05998,test,20,1,1,
cnr-05999,test,14,1,1,
cnr-06000,test,71,1,1,
cnr-06001,test,24,1,1,
cnr-06002,test,58,1,1,
cnr-06003,test,66,1,1,
cnr-06004,dev,51,1,1,
cnr-06005,dev,11,1,1,
cnr-06006,dev,19,1,1,
cnr-06007,test,61,1,1,
cnr-06008,dev,7,1,1,
cnr-06009,dev,14,1,1,
cnr-06010,test,9,1,1,
cnr-06011,test,24,1,1,
cnr-06012,test,50,1,1,
cnr-06013,dev,33,1,1,
cnr-06014,test,12,1,1,
cnr-06015,test,7,1,1,
cnr-06016,dev,11,1,1,
cnr-06017,test,25,1,1,
cnr-06018,test,73,1,1,
cnr-06019,test,114,1,1,
cnr-06020,dev,18,1,1,
cnr-06021,test,20,1,1,
cnr-06022,dev,35,1,1,
cnr-06023,test,32,1,1,
cnr-06024,dev,51,1,1,
cnr-06025,test,23,1,1,
cnr-06026,dev,48,1,1,
cnr-06027,test,4,1,1,
cnr-06028,test,13,1,1,
cnr-06029,test,20,1,1,
cnr-06030,test,9,1,1,
cnr-06031,test,16,1,1,
cnr-06032,dev,15,1,1,
cnr-06033,dev,16,1,1,
cnr-06034,dev,99,1,1,
cnr-06035,test,19,1,1,
cnr-06036,test,55,1,1,
cnr-06037,test,16,1,1,
cnr-06038,test,17,1,1,
cnr-06039,dev,81,1,1,
cnr-06040,dev,15,1,1,
cnr-06041,test,9,1,1,
cnr-06042,dev,24,1,1,
cnr-06043,test,62,1,1,
cnr-06044,dev,7,1,1,
cnr-06045,test,18,1,1,
cnr-06046,test,14,1,1,
cnr-06047,dev,11,1,1,
cnr-06048,test,12,1,1,
cnr-06049,test,10,1,1,
cnr-06050,dev,13,1,1,
cnr-06051,dev,32,1,1,
cnr-06052,test,15,1,1,
cnr-06053,dev,45,1,1,
cnr-06054,test,5,1,1,
cnr-06055,dev,29,1,1,
cnr-06056,dev,7,1,1,
cnr-06057,test,52,1,1,
cnr-06058,test,27,1,1,
cnr-06059,test,32,1,1,
cnr-06060,dev,3,1,1,
cnr-06061,test,60,1,1,
cnr-06062,test,30,1,1,
cnr-06063,test,10,1,1,
cnr-06064,test,9,1,1,
cnr-06065,dev,13,1,1,
cnr-06066,test,19,1,1,
cnr-06067,dev,69,1,1,
cnr-06068,test,9,1,1,
cnr-06069,test,11,1,1,
cnr-06070,test,15,1,1,
cnr-06071,test,26,1,1,
cnr-06072,test,50,1,1,
cnr-06073,test,63,1,1,
cnr-06074,test,15,1,1,
cnr-06075,test,38,1,1,
cnr-06076,dev,60,1,1,
cnr-06077,dev,19,1,1,
cnr-06078,test,21,1,1,
cnr-06079,test,18,1,1,
cnr-06080,dev,74,1,1,
cnr-06081,test,25,1,1,
cnr-06082,test,19,1,1,
cnr-06083,dev,46,1,1,
cnr-06084,dev,14,1,1,
cnr-06085,test,13,1,1,
cnr-06086,test,78,1,1,
cnr-06087,test,11,1,1,
cnr-06088,test,26,1,1,
cnr-06089,dev,44,1,1,
cnr-06090,test,21,1,1,
cnr-06091,dev,34,1,1,
cnr-06092,test,13,1,1,
cnr-06093,test,43,1,1,
cnr-06094,dev,24,1,1,
cnr-06095,test,14,1,1,
cnr-06096,test,30,1,1,
cnr-06097,test,37,1,1,
cnr-06098,test,54,1,1,
cnr-06099,test,9,1,1,
cnr-06100,dev,10,1,1,
cnr-06101,test,92,1,1,
cnr-06102,test,17,1,1,
cnr-06103,test,18,1,1,
cnr-06104,test,59,1,1,
cnr-06105,test,57,1,1,
cnr-06106,dev,31,1,1,
cnr-06107,test,8,1,1,
cnr-06108,test,62,1,1,
cnr-06109,test,22,1,1,
cnr-06110,test,63,1,1,
cnr-06111,test,13,1,1,
cnr-06112,test,14,1,1,
cnr-06113,dev,10,1,1,
cnr-06114,dev,16,1,1,
cnr-06115,test,9,1,1,
cnr-06116,dev,15,1,1,
cnr-06117,test,37,1,1,
cnr-06118,test,77,1,1,
cnr-06119,test,9,1,1,
cnr-06120,test,15,1,1,
cnr-06121,test,38,1,1,
cnr-06122,test,18,1,1,
cnr-06123,test,31,1,1,
cnr-06124,test,22,1,1,
cnr-06125,test,16,1,1,
cnr-06126,test,23,1,1,
cnr-06127,test,42,1,1,
cnr-06128,test,28,1,1,
cnr-06129,dev,45,1,1,
cnr-06130,test,35,1,1,
cnr-06131,test,10,1,1,
cnr-06132,test,65,1,1,
cnr-06133,test,3,1,1,
cnr-06134,test,12,1,1,
cnr-06135,dev,12,1,1,
cnr-06136,test,20,1,1,
cnr-06137,test,61,1,1,
cnr-06138,test,20,1,1,
cnr-06139,dev,27,1,1,
cnr-06140,dev,38,1,1,
cnr-06141,test,9,1,1,
cnr-06142,dev,37,1,1,
cnr-06143,test,22,1,1,
cnr-06144,test,11,1,1,
cnr-06145,dev,24,1,1,
cnr-06146,test,8,1,1,
cnr-06147,test,13,1,1,
cnr-06148,test,15,1,1,
cnr-06149,dev,39,1,1,
cnr-06150,dev,31,1,1,
cnr-06151,dev,33,1,1,
cnr-06152,dev,12,1,1,
cnr-06153,test,7,1,1,
cnr-06154,test,13,1,1,
cnr-06155,test,26,1,1,
cnr-06156,dev,66,1,1,
cnr-06157,test,24,1,1,
cnr-06158,dev,74,1,1,
cnr-06159,test,10,1,1,
cnr-06160,test,15,1,1,
cnr-06161,dev,11,1,1,
cnr-06162,test,24,1,1,
cnr-06163,dev,23,1,1,
cnr-06164,dev,34,1,1,
cnr-06165,test,10,1,1,
cnr-06166,dev,6,1,1,
cnr-06167,dev,67,1,1,
cnr-06168,test,21,1,1,
cnr-06169,test,26,1,1,
cnr-06170,dev,25,1,1,
cnr-06171,test,12,1,1,
cnr-06172,test,26,1,1,
cnr-06173,test,23,1,1,
cnr-06174,dev,33,1,1,
cnr-06175,test,40,1,1,
cnr-06176,test,21,1,1,
cnr-06177,test,28,1,1,
cnr-06178,test,29,1,1,
cnr-06179,test,14,1,1,
cnr-06180,test,26,1,1,
cnr-06181,test,37,1,1,
cnr-06182,test,36,1,1,
cnr-06183,test,20,1,1,
cnr-06184,test,82,1,1,
cnr-06185,test,32,1,1,
cnr-06186,test,42,1,1,
cnr-06187,test,15,1,1,
cnr-06188,test,19,1,1,
cnr-06189,dev,38,1,1,
cnr-06190,dev,17,1,1,
cnr-06191,test,13,1,1,
cnr-06192,test,33,1,1,
cnr-06193,dev,13,1,1,
cnr-06194,test,36,1,1,
cnr-06195,test,25,1,1,
cnr-06196,dev,13,1,1,
cnr-06197,test,23,1,1,
cnr-06198,dev,55,1,1,
cnr-06199,test,13,1,1,
cnr-06200,test,16,1,1,
cnr-06201,test,32,1,1,
cnr-06202,test,15,1,1,
cnr-06203,dev,42,1,1,
cnr-06204,dev,10,1,1,
cnr-06205,test,30,1,1,
cnr-06206,dev,21,1,1,
cnr-06207,test,83,1,1,
cnr-06208,test,11,1,1,
cnr-06209,test,33,1,1,
cnr-06210,test,21,1,1,
cnr-06211,test,14,1,1,
cnr-06212,test,54,1,1,
cnr-06213,test,16,1,1,
cnr-06214,dev,35,1,1,
cnr-06215,dev,42,1,1,
cnr-06216,test,42,1,1,
cnr-06217,dev,44,1,1,
cnr-06218,test,22,1,1,
cnr-06219,test,21,1,1,
cnr-06220,dev,19,1,1,
cnr-06221,test,26,1,1,
cnr-06222,test,23,1,1,
cnr-06223,test,21,1,1,
cnr-06224,test,7,1,1,
cnr-06225,test,18,1,1,
cnr-06226,test,21,1,1,
cnr-06227,test,4,1,1,
cnr-06228,test,23,1,1,
cnr-06229,test,62,1,1,
cnr-06230,test,15,1,1,
cnr-06231,test,27,1,1,
cnr-06232,test,1,1,1,
cnr-06233,test,14,1,1,
cnr-06234,dev,65,1,1,
cnr-06235,test,10,1,1,
cnr-06236,dev,35,1,1,
cnr-06237,dev,17,1,1,
cnr-06238,dev,30,1,1,
cnr-06239,test,22,1,1,
cnr-06240,dev,42,1,1,
cnr-06241,test,5,1,1,
cnr-06242,test,34,1,1,
cnr-06243,test,75,1,1,
cnr-06244,test,17,1,1,
cnr-06245,test,12,1,1,
cnr-06246,test,29,1,1,
cnr-06247,test,6,1,1,
cnr-06248,test,45,1,1,
cnr-06249,test,22,1,1,
cnr-06250,test,15,1,1,
cnr-06251,test,12,1,1,
cnr-06252,dev,16,1,1,
cnr-06253,test,17,1,1,
cnr-06254,dev,10,1,1,
cnr-06255,test,25,1,1,
cnr-06256,test,23,1,1,
cnr-06257,dev,21,1,1,
cnr-06258,test,28,1,1,
cnr-06259,dev,20,1,1,
cnr-06260,dev,52,1,1,
cnr-06261,test,26,1,1,
cnr-06262,test,26,1,1,
cnr-06263,test,80,1,1,
cnr-06264,test,20,1,1,
cnr-06265,test,13,1,1,
cnr-06266,test,24,1,1,
cnr-06267,test,19,1,1,
cnr-06268,test,3,1,1,
cnr-06269,test,11,1,1,
cnr-06270,test,26,1,1,
cnr-06271,test,51,1,1,
cnr-06272,dev,19,1,1,
cnr-06273,test,33,1,1,
cnr-06274,test,78,1,1,
cnr-06275,dev,6,1,1,
cnr-06276,test,45,1,1,
cnr-06277,test,16,1,1,
cnr-06278,test,24,1,1,
cnr-06279,test,44,1,1,
cnr-06280,test,21,1,1,
cnr-06281,test,9,1,1,
cnr-06282,test,17,1,1,
cnr-06283,test,4,1,1,
cnr-06284,dev,36,1,1,
cnr-06285,test,5,1,1,
cnr-06286,test,77,1,1,
cnr-06287,test,16,1,1,
cnr-06288,dev,52,1,1,
cnr-06289,test,35,1,1,
cnr-06290,test,23,1,1,
cnr-06291,dev,58,1,1,
cnr-06292,dev,12,1,1,
cnr-06293,dev,29,1,1,
cnr-06294,test,17,1,1,
cnr-06295,dev,20,1,1,
cnr-06296,test,27,1,1,
cnr-06297,dev,20,1,1,
cnr-06298,dev,16,1,1,
cnr-06299,dev,41,1,1,
cnr-06300,test,7,1,1,
cnr-06301,test,32,1,1,
cnr-06302,test,107,1,1,
cnr-06303,test,101,1,1,
cnr-06304,test,17,1,1,
cnr-06305,test,21,1,1,
cnr-06306,test,20,1,1,
cnr-06307,test,18,1,1,
cnr-06308,dev,14,1,1,
cnr-06309,dev,19,1,1,
cnr-06310,test,7,1,1,
cnr-06311,dev,64,1,1,
cnr-06312,dev,25,1,1,
cnr-06313,dev,34,1,1,
cnr-06314,test,17,1,1,
cnr-06315,test,44,1,1,
cnr-06316,test,12,1,1,
cnr-06317,dev,50,1,1,
cnr-06318,test,63,1,1,
cnr-06319,test,60,1,1,
cnr-06320,dev,22,1,1,
cnr-06321,test,40,1,1,
cnr-06322,test,26,1,1,
cnr-06323,test,58,1,1,
cnr-06324,test,51,1,1,
cnr-06325,test,35,1,1,
cnr-06326,dev,14,1,1,
cnr-06327,test,34,1,1,
cnr-06328,test,8,1,1,
cnr-06329,test,8,1,1,
cnr-06330,dev,29,1,1,
cnr-06331,test,11,1,1,
cnr-06332,test,16,1,1,
cnr-06333,dev,17,1,1,
cnr-06334,test,21,1,1,
cnr-06335,dev,8,1,1,
cnr-06336,test,17,1,1,
cnr-06337,dev,15,1,1,
cnr-06338,test,10,1,1,
cnr-06339,test,25,1,1,
cnr-06340,test,68,1,1,
cnr-06341,test,25,1,1,
cnr-06342,test,10,1,1,
cnr-06343,dev,14,1,1,
cnr-06344,dev,61,1,1,
cnr-06345,test,9,1,1,
cnr-06346,test,8,1,1,
cnr-06347,test,12,1,1,
cnr-06348,dev,11,1,1,
cnr-06349,test,23,1,1,
cnr-06350,dev,18,1,1,
cnr-06351,test,36,1,1,
cnr-06352,dev,42,1,1,
cnr-06353,dev,7,1,1,
cnr-06354,dev,27,1,1,
cnr-06355,test,37,1,1,
cnr-06356,test,48,1,1,
cnr-06357,test,8,1,1,
cnr-06358,dev,14,1,1,
cnr-06359,test,20,1,1,
cnr-06360,test,20,1,1,
cnr-06361,test,40,1,1,
cnr-06362,dev,19,1,1,
cnr-06363,dev,12,1,1,
cnr-06364,test,25,1,1,
cnr-06365,dev,47,1,1,
cnr-06366,test,51,1,1,
cnr-06367,dev,33,1,1,
cnr-06368,dev,7,1,1,
cnr-06369,dev,18,1,1,
cnr-06370,test,8,1,1,
cnr-06371,dev,12,1,1,
cnr-06372,dev,6,1,1,
cnr-06373,dev,25,1,1,
cnr-06374,test,12,1,1,
cnr-06375,dev,28,1,1,
cnr-06376,dev,84,1,1,
cnr-06377,test,55,1,1,
cnr-06378,test,25,1,1,
cnr-06379,dev,21,1,1,
cnr-06380,test,7,1,1,
cnr-06381,test,20,1,1,
cnr-06382,dev,11,1,1,
cnr-06383,dev,22,1,1,
cnr-06384,test,13,1,1,
cnr-06385,test,14,1,1,
cnr-06386,test,68,1,1,
cnr-06387,test,16,1,1,
cnr-06388,test,14,1,1,
cnr-06389,dev,23,1,1,
cnr-06390,test,58,1,1,
cnr-06391,dev,12,1,1,
cnr-06392,dev,10,1,1,
cnr-06393,dev,120,1,1,
cnr-06394,dev,14,1,1,
cnr-06395,test,14,1,1,
cnr-06396,test,41,1,1,
cnr-06397,test,16,1,1,
cnr-06398,test,13,1,1,
cnr-06399,test,16,1,1,
cnr-06400,dev,76,1,1,
cnr-06401,dev,27,1,1,
cnr-06402,test,74,1,1,
cnr-06403,test,12,1,1,
cnr-06404,test,12,1,1,
cnr-06405,test,6,1,1,
cnr-06406,test,28,1,1,
cnr-06407,test,25,1,1,
cnr-06408,test,60,1,1,
cnr-06409,test,5,1,1,
cnr-06410,test,22,1,1,
cnr-06411,test,21,1,1,
cnr-06412,test,21,1,1,
cnr-06413,dev,16,1,1,
cnr-06414,dev,11,1,1,
cnr-06415,test,22,1,1,
cnr-06416,test,18,1,1,
cnr-06417,test,9,1,1,
cnr-06418,test,32,1,1,
cnr-06419,test,41,1,1,
cnr-06420,test,21,1,1,
cnr-06421,test,82,1,1,
cnr-06422,test,17,1,1,
cnr-06423,dev,27,1,1,
cnr-06424,test,38,1,1,
cnr-06425,test,28,1,1,
cnr-06426,test,26,1,1,
cnr-06427,test,28,1,1,
cnr-06428,dev,53,1,1,
cnr-06429,test,77,1,1,
cnr-06430,test,15,1,1,
cnr-06431,dev,15,1,1,
cnr-06432,dev,3,1,1,
cnr-06433,dev,37,1,1,
cnr-06434,test,41,1,1,
cnr-06435,test,12,1,1,
cnr-06436,test,20,1,1,
cnr-06437,test,16,1,1,
cnr-06438,test,25,1,1,
cnr-06439,dev,22,1,1,
cnr-06440,test,11,1,1,
cnr-06441,test,22,1,1,
cnr-06442,test,43,1,1,
cnr-06443,dev,7,1,1,
cnr-06444,test,7,1,1,
cnr-06445,dev,20,1,1,
cnr-06446,test,23,1,1,
cnr-06447,dev,23,1,1,
cnr-06448,test,17,1,1,
cnr-06449,test,35,1,1,
cnr-06450,dev,93,1,1,
cnr-06451,test,27,1,1,
cnr-06452,test,35,1,1,
cnr-06453,dev,37,1,1,
cnr-06454,test,10,1,1,
cnr-06455,test,16,1,1,
cnr-06456,test,55,1,1,
cnr-06457,test,19,1,1,
cnr-06458,test,20,1,1,
cnr-06459,test,25,1,1,
cnr-06460,dev,14,1,1,
cnr-06461,test,16,1,1,
cnr-06462,test,9,1,1,
cnr-06463,dev,43,1,1,
cnr-06464,test,24,1,1,
cnr-06465,test,13,1,1,
cnr-06466,test,28,1,1,
cnr-06467,test,3,1,1,
cnr-06468,test,30,1,1,
cnr-06469,test,23,1,1,
cnr-06470,test,121,1,1,
cnr-06471,test,9,1,1,
cnr-06472,test,75,1,1,
cnr-06473,test,7,1,1,
cnr-06474,test,16,1,1,
cnr-06475,test,8,1,1,
cnr-06476,test,100,1,1,
cnr-06477,test,9,1,1,
cnr-06478,test,12,1,1,
cnr-06479,test,11,1,1,
cnr-06480,test,27,1,1,
cnr-06481,test,62,1,1,
cnr-06482,test,51,1,1,
cnr-06483,test,12,1,1,
cnr-06484,test,31,1,1,
cnr-06485,test,27,1,1,
cnr-06486,dev,6,1,1,
cnr-06487,test,20,1,1,
cnr-06488,test,15,1,1,
cnr-06489,dev,11,1,1,
cnr-06490,dev,9,1,1,
cnr-06491,test,16,1,1,
cnr-06492,test,63,1,1,
cnr-06493,dev,22,1,1,
cnr-06494,dev,12,1,1,
cnr-06495,test,11,1,1,
cnr-06496,test,28,1,1,
cnr-06497,test,13,1,1,
cnr-06498,test,57,1,1,
cnr-06499,test,17,1,1,
cnr-06500,test,4,1,1,
cnr-06501,test,45,1,1,
cnr-06502,dev,22,1,1,
cnr-06503,test,53,1,1,
cnr-06504,dev,3,1,1,
cnr-06505,test,45,1,1,
cnr-06506,test,38,1,1,
cnr-06507,dev,51,1,1,
cnr-06508,test,20,1,1,
cnr-06509,test,104,1,1,
cnr-06510,dev,48,1,1,
cnr-06511,test,17,1,1,
cnr-06512,test,15,1,1,
cnr-06513,dev,58,1,1,
cnr-06514,test,32,1,1,
cnr-06515,test,22,1,1,
cnr-06516,test,16,1,1,
cnr-06517,test,13,1,1,
cnr-06518,test,16,1,1,
cnr-06519,test,31,1,1,
cnr-06520,test,19,1,1,
cnr-06521,test,31,1,1,
cnr-06522,test,24,1,1,
cnr-06523,test,17,1,1,
cnr-06524,dev,10,1,1,
cnr-06525,test,40,1,1,
cnr-06526,test,8,1,1,
cnr-06527,test,29,1,1,
cnr-06528,test,26,1,1,
cnr-06529,test,39,1,1,
cnr-06530,test,18,1,1,
cnr-06531,dev,22,1,1,
cnr-06532,test,18,1,1,
cnr-06533,test,32,1,1,
cnr-06534,test,49,1,1,
cnr-06535,test,42,1,1,
cnr-06536,test,9,1,1,
cnr-06537,test,11,1,1,
cnr-06538,test,7,1,1,
cnr-06539,test,25,1,1,
cnr-06540,test,6,1,1,
cnr-06541,test,12,1,1,
cnr-06542,dev,17,1,1,
cnr-06543,test,22,1,1,
cnr-06544,dev,18,1,1,
cnr-06545,test,20,1,1,
cnr-06546,test,10,1,1,
cnr-06547,test,13,1,1,
cnr-06548,dev,10,1,1,
cnr-06549,test,16,1,1,
cnr-06550,test,42,1,1,
cnr-06551,test,22,1,1,
cnr-06552,test,20,1,1,
cnr-06553,dev,31,1,1,
cnr-06554,test,17,1,1,
cnr-06555,test,38,1,1,
cnr-06556,dev,24,1,1,
cnr-06557,dev,17,1,1,
cnr-06558,test,9,1,1,
cnr-06559,dev,7,1,1,
cnr-06560,test,53,1,1,
cnr-06561,test,16,1,1,
cnr-06562,test,62,1,1,
cnr-06563,test,11,1,1,
cnr-06564,test,8,1,1,
cnr-06565,dev,18,1,1,
cnr-06566,dev,14,1,1,
cnr-06567,test,33,1,1,
cnr-06568,test,30,1,1,
cnr-06569,test,18,1,1,
cnr-06570,test,9,1,1,
cnr-06571,test,24,1,1,
cnr-06572,test,9,1,1,
cnr-06573,test,58,1,1,
cnr-06574,test,15,1,1,
cnr-06575,dev,9,1,1,
cnr-06576,test,36,1,1,
cnr-06577,test,3,1,1,
cnr-06578,test,18,1,1,
cnr-06579,test,25,1,1,
cnr-06580,test,35,1,1,
cnr-06581,dev,11,1,1,
cnr-06582,dev,67,1,1,
cnr-06583,test,12,1,1,
cnr-06584,dev,20,1,1,
cnr-06585,test,12,1,1,
cnr-06586,test,53,1,1,
cnr-06587,test,30,1,1,
cnr-06588,test,37,1,1,
cnr-06589,dev,14,1,1,
cnr-06590,test,10,1,1,
cnr-06591,test,12,1,1,
cnr-06592,dev,25,1,1,
cnr-06593,test,24,1,1,
cnr-06594,test,35,1,1,
cnr-06595,test,57,1,1,
cnr-06596,test,32,1,1,
cnr-06597,dev,17,1,1,
cnr-06598,dev,8,1,1,
cnr-06599,test,25,1,1,
cnr-06600,test,12,1,1,
cnr-06601,test,27,1,1,
cnr-06602,dev,87,1,1,
cnr-06603,test,15,1,1,
cnr-06604,test,32,1,1,
cnr-06605,test,15,1,1,
cnr-06606,dev,55,1,1,
cnr-06607,test,71,1,1,
cnr-06608,test,21,1,1,
cnr-06609,test,12,1,1,
cnr-06610,test,20,1,1,
cnr-06611,test,33,1,1,
cnr-06612,test,20,1,1,
cnr-06613,dev,13,1,1,
cnr-06614,test,12,1,1,
cnr-06615,test,17,1,1,
cnr-06616,test,11,1,1,
cnr-06617,dev,7,1,1,
cnr-06618,test,18,1,1,
cnr-06619,test,9,1,1,
cnr-06620,test,46,1,1,
cnr-06621,dev,6,1,1,
cnr-06622,dev,12,1,1,
cnr-06623,test,15,1,1,
cnr-06624,test,6,1,1,
cnr-06625,test,5,1,1,
cnr-06626,test,25,1,1,
cnr-06627,test,6,1,1,
cnr-06628,test,17,1,1,
cnr-06629,test,39,1,1,
cnr-06630,test,43,1,1,
cnr-06631,test,41,1,1,
cnr-06632,test,23,1,1,
cnr-06633,test,24,1,1,
cnr-06634,test,18,1,1,
cnr-06635,test,10,1,1,
cnr-06636,test,50,1,1,
cnr-06637,test,7,1,1,
cnr-06638,test,40,1,1,
cnr-06639,dev,18,1,1,
cnr-06640,test,20,1,1,
cnr-06641,test,33,1,1,
cnr-06642,dev,48,1,1,
cnr-06643,dev,29,1,1,
cnr-06644,test,12,1,1,
cnr-06645,dev,17,1,1,
cnr-06646,test,50,1,1,
cnr-06647,dev,12,1,1,
cnr-06648,test,47,1,1,
cnr-06649,test,16,1,1,
cnr-06650,test,5,1,1,
cnr-06651,test,63,1,1,
cnr-06652,test,29,1,1,
cnr-06653,test,71,1,1,
cnr-06654,test,12,1,1,
cnr-06655,dev,38,1,1,
cnr-06656,test,24,1,1,
cnr-06657,test,39,1,1,
cnr-06658,test,50,1,1,
cnr-06659,dev,26,1,1,
cnr-06660,test,47,1,1,
cnr-06661,dev,36,1,1,
cnr-06662,test,9,1,1,
cnr-06663,test,26,1,1,
cnr-06664,test,19,1,1,
cnr-06665,test,85,1,1,
cnr-06666,test,13,1,1,
cnr-06667,dev,21,1,1,
cnr-06668,dev,49,1,1,
cnr-06669,test,19,1,1,
cnr-06670,test,23,1,1,
cnr-06671,test,22,1,1,
cnr-06672,test,18,1,1,
cnr-06673,test,24,1,1,
cnr-06674,dev,38,1,1,
cnr-06675,test,34,1,1,
cnr-06676,test,41,1,1,
cnr-06677,test,20,1,1,
cnr-06678,test,15,1,1,
cnr-06679,test,82,1,1,
cnr-06680,test,39,1,1,
cnr-06681,test,24,1,1,
cnr-06682,test,66,1,1,
cnr-06683,dev,22,1,1,
cnr-06684,dev,1,1,1,
cnr-06685,test,27,1,1,
cnr-06686,test,24,1,1,
cnr-06687,test,46,1,1,
cnr-06688,dev,16,1,1,
cnr-06689,dev,25,1,1,
cnr-06690,test,20,1,1,
cnr-06691,dev,22,1,1,
cnr-06692,test,40,1,1,
cnr-06693,test,27,1,1,
cnr-06694,test,13,1,1,
cnr-06695,test,11,1,1,
cnr-06696,test,25,1,1,
cnr-06697,test,4,1,1,
cnr-06698,test,15,1,1,
cnr-06699,dev,16,1,1,
cnr-06700,test,11,1,1,
cnr-06701,test,44,1,1,
cnr-06702,dev,24,1,1,
cnr-06703,test,78,1,1,
cnr-06704,test,11,1,1,
cnr-06705,test,25,1,1,
cnr-06706,dev,20,1,1,
cnr-06707,test,88,1,1,
cnr-06708,test,2,1,1,
cnr-06709,test,18,1,1,
cnr-06710,dev,10,1,1,
cnr-06711,test,34,1,1,
cnr-06712,test,69,1,1,
cnr-06713,test,56,1,1,
cnr-06714,dev,17,1,1,
cnr-06715,dev,17,1,1,
cnr-06716,test,34,1,1,
cnr-06717,test,3,1,1,
cnr-06718,test,121,1,1,
cnr-06719,test,26,1,1,
cnr-06720,dev,17,1,1,
cnr-06721,test,16,1,1,
cnr-06722,test,6,1,1,
cnr-06723,test,41,1,1,
cnr-06724,dev,8,1,1,
cnr-06725,test,12,1,1,
cnr-06726,dev,71,1,1,
cnr-06727,test,30,1,1,
cnr-06728,dev,48,1,1,
cnr-06729,test,25,1,1,
cnr-06730,test,17,1,1,
cnr-06731,test,6,1,1,
cnr-06732,dev,25,1,1,
cnr-06733,dev,29,1,1,
cnr-06734,test,51,1,1,
cnr-06735,test,30,1,1,
cnr-06736,test,15,1,1,
cnr-06737,test,60,1,1,
cnr-06738,test,7,1,1,
cnr-06739,test,15,1,1,
cnr-06740,test,22,1,1,
cnr-06741,dev,61,1,1,
cnr-06742,test,51,1,1,
cnr-06743,test,17,1,1,
cnr-06744,dev,17,1,1,
cnr-06745,test,7,1,1,
cnr-06746,test,32,1,1,
cnr-06747,test,56,1,1,
cnr-06748,test,63,1,1,
cnr-06749,dev,23,1,1,
cnr-06750,test,56,1,1,
cnr-06751,test,32,1,1,
cnr-06752,test,10,1,1,
cnr-06753,test,80,1,1,
cnr-06754,dev,10,1,1,
cnr-06755,test,9,1,1,
cnr-06756,test,45,1,1,
cnr-06757,dev,19,1,1,
cnr-06758,test,9,1,1,
cnr-06759,test,26,1,1,
cnr-06760,test,11,1,1,
cnr-06761,test,28,1,1,
cnr-06762,test,18,1,1,
cnr-06763,dev,46,1,1,
cnr-06764,test,23,1,1,
cnr-06765,dev,20,1,1,
cnr-06766,test,28,1,1,
cnr-06767,test,17,1,1,
cnr-06768,test,23,1,1,
cnr-06769,test,33,1,1,
cnr-06770,test,41,1,1,
cnr-06771,dev,25,1,1,
cnr-06772,dev,15,1,1,
cnr-06773,dev,16,1,1,
cnr-06774,test,10,1,1,
cnr-06775,dev,23,1,1,
cnr-06776,test,10,1,1,
cnr-06777,test,13,1,1,
cnr-06778,test,27,1,1,
cnr-06779,test,31,1,1,
cnr-06780,dev,21,1,1,
cnr-06781,test,10,1,1,
cnr-06782,test,25,1,1,
cnr-06783,test,30,1,1,
cnr-06784,test,15,1,1,
cnr-06785,test,27,1,1,
cnr-06786,test,77,1,1,
cnr-06787,test,91,1,1,
cnr-06788,test,12,1,1,
cnr-06789,test,45,1,1,
cnr-06790,dev,20,1,1,
cnr-06791,test,77,1,1,
cnr-06792,dev,15,1,1,
cnr-06793,test,33,1,1,
cnr-06794,dev,42,1,1,
cnr-06795,test,10,1,1,
cnr-06796,test,27,1,1,
cnr-06797,test,22,1,1,
cnr-06798,test,19,1,1,
cnr-06799,test,54,1,1,
cnr-06800,test,29,1,1,
cnr-06801,test,23,1,1,
cnr-06802,test,40,1,1,
cnr-06803,dev,11,1,1,
cnr-06804,dev,28,1,1,
cnr-06805,test,39,1,1,
cnr-06806,test,18,1,1,
cnr-06807,test,40,1,1,
cnr-06808,test,36,1,1,
cnr-06809,dev,58,1,1,
cnr-06810,test,47,1,1,
cnr-06811,test,75,1,1,
cnr-06812,dev,11,1,1,
cnr-06813,test,24,1,1,
cnr-06814,test,19,1,1,
cnr-06815,test,64,1,1,
cnr-06816,test,42,1,1,
cnr-06817,test,22,1,1,
cnr-06818,test,22,1,1,
cnr-06819,dev,34,1,1,
cnr-06820,test,6,1,1,
cnr-06821,test,23,1,1,
cnr-06822,dev,20,1,1,
cnr-06823,test,13,1,1,
cnr-06824,test,50,1,1,
cnr-06825,dev,39,1,1,
cnr-06826,test,12,1,1,
cnr-06827,dev,40,1,1,
cnr-06828,test,50,1,1,
cnr-06829,test,15,1,1,
cnr-06830,test,27,1,1,
cnr-06831,test,24,1,1,
cnr-06832,test,33,1,1,
cnr-06833,test,37,1,1,
cnr-06834,test,10,1,1,
cnr-06835,test,10,1,1,
cnr-06836,test,25,1,1,
cnr-06837,test,20,1,1,
cnr-06838,dev,24,1,1,
cnr-06839,test,21,1,1,
cnr-06840,test,60,1,1,
cnr-06841,dev,8,1,1,
cnr-06842,dev,32,1,1,
cnr-06843,test,20,1,1,
cnr-06844,test,23,1,1,
cnr-06845,test,49,1,1,
cnr-06846,test,77,1,1,
cnr-06847,dev,14,1,1,
cnr-06848,test,10,1,1,
cnr-06849,dev,40,1,1,
cnr-06850,test,16,1,1,
cnr-06851,test,11,1,1,
cnr-06852,test,18,1,1,
cnr-06853,test,61,1,1,
cnr-06854,dev,17,1,1,
cnr-06855,dev,15,1,1,
cnr-06856,test,33,1,1,
cnr-06857,dev,26,1,1,
cnr-06858,test,21,1,1,
cnr-06859,test,9,1,1,
cnr-06860,test,26,1,1,
cnr-06861,dev,27,1,1,
cnr-06862,test,19,1,1,
cnr-06863,test,8,1,1,
cnr-06864,test,17,1,1,
cnr-06865,test,26,1,1,
cnr-06866,test,30,1,1,
cnr-06867,test,11,1,1,
cnr-06868,test,42,1,1,
cnr-06869,test,50,1,1,
cnr-06870,dev,44,1,1,
cnr-06871,test,29,1,1,
cnr-06872,test,18,1,1,
cnr-06873,test,14,1,1,
cnr-06874,dev,20,1,1,
cnr-06875,dev,19,1,1,
cnr-06876,test,6,1,1,
cnr-06877,test,16,1,1,
cnr-06878,dev,46,1,1,
cnr-06879,dev,11,1,1,
cnr-06880,test,35,1,1,
cnr-06881,test,13,1,1,
cnr-06882,test,27,1,1,
cnr-06883,test,36,1,1,
cnr-06884,test,11,1,1,
cnr-06885,test,8,1,1,
cnr-06886,test,11,1,1,
cnr-06887,test,27,1,1,
cnr-06888,test,17,1,1,
cnr-06889,test,15,1,1,
cnr-06890,dev,28,1,1,
cnr-06891,test,53,1,1,
cnr-06892,test,49,1,1,
cnr-06893,dev,12,1,1,
cnr-06894,dev,16,1,1,
cnr-06895,dev,72,1,1,
cnr-06896,test,21,1,1,
cnr-06897,dev,33,1,1,
cnr-06898,dev,13,1,1,
cnr-06899,test,46,1,1,
cnr-06900,test,47,1,1,
cnr-06901,test,16,1,1,
cnr-06902,test,16,1,1,
cnr-06903,test,14,1,1,
cnr-06904,test,14,1,1,
cnr-06905,test,76,1,1,
cnr-06906,test,21,1,1,
cnr-06907,test,9,1,1,
cnr-06908,test,23,1,1,
cnr-06909,test,32,1,1,
cnr-06910,dev,18,1,1,
cnr-06911,test,22,1,1,
cnr-06912,dev,10,1,1,
cnr-06913,dev,46,1,1,
cnr-06914,test,65,1,1,
cnr-06915,dev,45,1,1,
cnr-06916,test,30,1,1,
cnr-06917,dev,63,1,1,
cnr-06918,dev,29,1,1,
cnr-06919,dev,19,1,1,
cnr-06920,test,24,1,1,
cnr-06921,dev,7,1,1,
cnr-06922,test,13,1,1,
cnr-06923,test,65,1,1,
cnr-06924,dev,18,1,1,
cnr-06925,dev,13,1,1,
cnr-06926,test,18,1,1,
cnr-06927,dev,35,1,1,
cnr-06928,test,12,1,1,
cnr-06929,test,25,1,1,
cnr-06930,test,17,1,1,
cnr-06931,test,11,1,1,
cnr-06932,test,22,1,1,
cnr-06933,dev,18,1,1,
cnr-06934,test,14,1,1,
cnr-06935,dev,6,1,1,
cnr-06936,dev,18,1,1,
cnr-06937,dev,7,1,1,
cnr-06938,test,48,1,1,
cnr-06939,test,25,1,1,
cnr-06940,test,33,1,1,
cnr-06941,test,12,1,1,
cnr-06942,test,23,1,1,
cnr-06943,test,57,1,1,
cnr-06944,test,19,1,1,
cnr-06945,test,17,1,1,
cnr-06946,dev,32,1,1,
cnr-06947,test,52,1,1,
cnr-06948,dev,28,1,1,
cnr-06949,test,33,1,1,
cnr-06950,test,37,1,1,
cnr-06951,test,9,1,1,
cnr-06952,test,43,1,1,
cnr-06953,test,27,1,1,
cnr-06954,test,25,1,1,
cnr-06955,dev,16,1,1,
cnr-06956,dev,12,1,1,
cnr-06957,dev,14,1,1,
cnr-06958,test,43,1,1,
cnr-06959,dev,52,1,1,
cnr-06960,test,2,1,1,
cnr-06961,test,60,1,1,
cnr-06962,test,13,1,1,
cnr-06963,test,9,1,1,
cnr-06964,test,19,1,1,
cnr-06965,test,10,1,1,
cnr-06966,test,17,1,1,
cnr-06967,test,17,1,1,
cnr-06968,test,9,1,1,
cnr-06969,test,5,1,1,
cnr-06970,test,19,1,1,
cnr-06971,test,41,1,1,
cnr-06972,test,49,1,1,
cnr-06973,dev,13,1,1,
cnr-06974,dev,22,1,1,
cnr-06975,dev,21,1,1,
cnr-06976,test,25,1,1,
cnr-06977,dev,28,1,1,
cnr-06978,test,24,1,1,
cnr-06979,dev,29,1,1,
cnr-06980,dev,71,1,1,
cnr-06981,test,8,1,1,
cnr-06982,dev,32,1,1,
cnr-06983,test,15,1,1,
cnr-06984,test,20,1,1,
cnr-06985,dev,44,1,1,
cnr-06986,test,11,1,1,
cnr-06987,dev,13,1,1,
cnr-06988,test,75,1,1,
cnr-06989,test,11,1,1,
cnr-06990,test,13,1,1,
cnr-06991,test,26,1,1,
cnr-06992,test,29,1,1,
cnr-06993,dev,19,1,1,
cnr-06994,test,19,1,1,
cnr-06995,dev,5,1,1,
cnr-06996,test,16,1,1,
cnr-06997,test,24,1,1,
cnr-06998,dev,18,1,1,
cnr-06999,test,15,1,1,
cnr-07000,test,3,1,1,
cnr-07001,dev,15,1,1,
cnr-07002,test,73,1,1,
cnr-07003,test,50,1,1,
cnr-07004,test,14,1,1,
cnr-07005,test,7,1,1,
cnr-07006,test,52,1,1,
cnr-07007,test,6,1,1,
cnr-07008,test,34,1,1,
cnr-07009,test,90,1,1,
cnr-07010,test,55,1,1,
cnr-07011,test,38,1,1,
cnr-07012,test,27,1,1,
cnr-07013,test,7,1,1,
cnr-07014,test,12,1,1,
cnr-07015,test,41,1,1,
cnr-07016,test,16,1,1,
cnr-07017,test,22,1,1,
cnr-07018,test,23,1,1,
cnr-07019,test,18,1,1,
cnr-07020,dev,47,1,1,
cnr-07021,dev,19,1,1,
cnr-07022,test,73,1,1,
cnr-07023,dev,10,1,1,
cnr-07024,test,11,1,1,
cnr-07025,test,8,1,1,
cnr-07026,test,25,1,1,
cnr-07027,test,33,1,1,
cnr-07028,dev,29,1,1,
cnr-07029,test,30,1,1,
cnr-07030,dev,19,1,1,
cnr-07031,test,74,1,1,
cnr-07032,test,49,1,1,
cnr-07033,dev,14,1,1,
cnr-07034,dev,15,1,1,
cnr-07035,test,11,1,1,
cnr-07036,test,31,1,1,
cnr-07037,dev,11,1,1,
cnr-07038,test,44,1,1,
cnr-07039,dev,3,1,1,
cnr-07040,test,8,1,1,
cnr-07041,test,35,1,1,
cnr-07042,test,45,1,1,
cnr-07043,dev,42,1,1,
cnr-07044,test,21,1,1,
cnr-07045,test,23,1,1,
cnr-07046,dev,63,1,1,
cnr-07047,dev,30,1,1,
cnr-07048,test,98,1,1,
cnr-07049,dev,6,1,1,
cnr-07050,test,3,1,1,
cnr-07051,test,13,1,1,
cnr-07052,test,33,1,1,
cnr-07053,test,48,1,1,
cnr-07054,test,73,1,1,
cnr-07055,test,47,1,1,
cnr-07056,test,101,1,1,
cnr-07057,test,7,1,1,
cnr-07058,dev,17,1,1,
cnr-07059,dev,37,1,1,
cnr-07060,dev,9,1,1,
cnr-07061,test,51,1,1,
cnr-07062,test,11,1,1,
cnr-07063,test,26,1,1,
cnr-07064,test,27,1,1,
cnr-07065,dev,13,1,1,
cnr-07066,test,18,1,1,
cnr-07067,test,50,1,1,
cnr-07068,test,11,1,1,
cnr-07069,test,19,1,1,
cnr-07070,test,37,1,1,
cnr-07071,test,8,1,1,
cnr-07072,test,13,1,1,
cnr-07073,dev,50,1,1,
cnr-07074,dev,8,1,1,
cnr-07075,test,23,1,1,
cnr-07076,test,6,1,1,
cnr-07077,test,23,1,1,
cnr-07078,test,18,1,1,
cnr-07079,dev,11,1,1,
cnr-07080,test,13,1,1,
cnr-07081,test,27,1,1,
cnr-07082,dev,4,1,1,
cnr-07083,test,11,1,1,
cnr-07084,dev,7,1,1,
cnr-07085,dev,10,1,1,
cnr-07086,dev,54,1,1,
cnr-07087,test,16,1,1,
cnr-07088,test,19,1,1,
cnr-07089,test,22,1,1,
cnr-07090,dev,35,1,1,
cnr-07091,test,15,1,1,
cnr-07092,dev,45,1,1,
cnr-07093,dev,19,1,1,
cnr-07094,test,22,1,1,
cnr-07095,test,27,1,1,
cnr-07096,dev,26,1,1,
cnr-07097,test,42,1,1,
cnr-07098,test,12,1,1,
cnr-07099,dev,26,1,1,
cnr-07100,dev,22,1,1,
cnr-07101,test,17,1,1,
cnr-07102,dev,68,1,1,
cnr-07103,test,12,1,1,
cnr-07104,test,15,1,1,
cnr-07105,test,6,1,1,
cnr-07106,test,15,1,1,
cnr-07107,test,32,1,1,
cnr-07108,test,83,1,1,
cnr-07109,dev,51,1,1,
cnr-07110,test,26,1,1,
cnr-07111,test,6,1,1,
cnr-07112,dev,10,1,1,
cnr-07113,dev,7,1,1,
cnr-07114,test,26,1,1,
cnr-07115,dev,14,1,1,
cnr-07116,test,11,1,1,
cnr-07117,test,54,1,1,
cnr-07118,test,61,1,1,
cnr-07119,test,42,1,1,
cnr-07120,test,24,1,1,
cnr-07121,dev,22,1,1,
cnr-07122,test,16,1,1,
cnr-07123,test,14,1,1,
cnr-07124,test,49,1,1,
cnr-07125,dev,25,1,1,
cnr-07126,test,65,1,1,
cnr-07127,test,27,1,1,
cnr-07128,test,19,1,1,
cnr-07129,test,27,1,1,
cnr-07130,dev,48,1,1,
cnr-07131,test,20,1,1,
cnr-07132,test,15,1,1,
cnr-07133,test,10,1,1,
cnr-07134,test,17,1,1,
cnr-07135,test,25,1,1,
cnr-07136,test,18,1,1,
cnr-07137,test,15,1,1,
cnr-07138,dev,41,1,1,
cnr-07139,test,14,1,1,
cnr-07140,test,28,1,1,
cnr-07141,test,6,1,1,
cnr-07142,dev,28,1,1,
cnr-07143,test,80,1,1,
cnr-07144,test,14,1,1,
cnr-07145,dev,26,1,1,
cnr-07146,test,95,1,1,
cnr-07147,test,22,1,1,
cnr-07148,test,24,1,1,
cnr-07149,test,37,1,1,
cnr-07150,dev,31,1,1,
cnr-07151,dev,11,1,1,
cnr-07152,dev,22,1,1,
cnr-07153,dev,57,1,1,
cnr-07154,test,21,1,1,
cnr-07155,dev,25,1,1,
cnr-07156,test,18,1,1,
cnr-07157,test,7,1,1,
cnr-07158,test,9,1,1,
cnr-07159,test,22,1,1,
cnr-07160,test,22,1,1,
cnr-07161,test,20,1,1,
cnr-07162,test,40,1,1,
cnr-07163,dev,12,1,1,
cnr-07164,test,37,1,1,
cnr-07165,dev,30,1,1,
cnr-07166,test,11,1,1,
cnr-07167,dev,20,1,1,
cnr-07168,dev,16,1,1,
cnr-07169,dev,19,1,1,
cnr-07170,test,24,1,1,
cnr-07171,test,22,1,1,
cnr-07172,dev,30,1,1,
cnr-07173,dev,18,1,1,
cnr-07174,test,14,1,1,
cnr-07175,dev,25,1,1,
cnr-07176,test,15,1,1,
cnr-07177,dev,23,1,1,
cnr-07178,test,36,1,1,
cnr-07179,test,22,1,1,
cnr-07180,test,14,1,1,
cnr-07181,test,24,1,1,
cnr-07182,test,11,1,1,
cnr-07183,test,15,1,1,
cnr-07184,test,25,1,1,
cnr-07185,dev,11,1,1,
cnr-07186,dev,37,1,1,
cnr-07187,dev,56,1,1,
cnr-07188,dev,37,1,1,
cnr-07189,test,33,1,1,
cnr-07190,test,76,1,1,
cnr-07191,dev,24,1,1,
cnr-07192,test,38,1,1,
cnr-07193,test,63,1,1,
cnr-07194,dev,15,1,1,
cnr-07195,test,28,1,1,
cnr-07196,dev,25,1,1,
cnr-07197,test,12,1,1,
cnr-07198,test,35,1,1,
cnr-07199,test,14,1,1,
cnr-07200,test,59,1,1,
cnr-07201,dev,31,1,1,
cnr-07202,test,18,1,1,
cnr-07203,test,6,1,1,
cnr-07204,test,19,1,1,
cnr-07205,test,23,1,1,
cnr-07206,test,19,1,1,
cnr-07207,test,52,1,1,
cnr-07208,test,27,1,1,
cnr-07209,test,29,1,1,
cnr-07210,test,26,1,1,
cnr-07211,test,16,1,1,
cnr-07212,test,29,1,1,
cnr-07213,test,28,1,1,
cnr-07214,test,37,1,1,
cnr-07215,test,12,1,1,
cnr-07216,test,22,1,1,
cnr-07217,test,35,1,1,
cnr-07218,dev,10,1,1,
cnr-07219,test,20,1,1,
cnr-07220,dev,26,1,1,
cnr-07221,dev,3,1,1,
cnr-07222,test,18,1,1,
cnr-07223,test,15,1,1,
cnr-07224,test,17,1,1,
cnr-07225,test,11,1,1,
cnr-07226,test,17,1,1,
cnr-07227,test,24,1,1,
cnr-07228,test,18,1,1,
cnr-07229,test,15,1,1,
cnr-07230,test,5,1,1,
cnr-07231,test,14,1,1,
cnr-07232,test,12,1,1,
cnr-07233,test,28,1,1,
cnr-07234,dev,81,1,1,
cnr-07235,dev,13,1,1,
cnr-07236,test,6,1,1,
cnr-07237,test,13,1,1,
cnr-07238,test,13,1,1,
cnr-07239,test,48,1,1,
cnr-07240,test,2,1,1,
cnr-07241,dev,50,1,1,
cnr-07242,test,20,1,1,
cnr-07243,test,5,1,1,
cnr-07244,dev,19,1,1,
cnr-07245,test,38,1,1,
cnr-07246,dev,18,1,1,
cnr-07247,test,7,1,1,
cnr-07248,test,17,1,1,
cnr-07249,test,28,1,1,
cnr-07250,test,32,1,1,
cnr-07251,test,23,1,1,
cnr-07252,test,28,1,1,
cnr-07253,dev,38,1,1,
cnr-07254,test,24,1,1,
cnr-07255,test,17,1,1,
cnr-07256,test,92,1,1,
cnr-07257,test,13,1,1,
cnr-07258,dev,34,1,1,
cnr-07259,dev,57,1,1,
cnr-07260,test,13,1,1,
cnr-07261,test,28,1,1,
cnr-07262,test,95,1,1,
cnr-07263,test,49,1,1,
cnr-07264,test,54,1,1,
cnr-07265,test,23,1,1,
cnr-07266,test,60,1,1,
cnr-07267,test,64,1,1,
cnr-07268,dev,46,1,1,
cnr-07269,test,17,1,1,
cnr-07270,test,13,1,1,
cnr-07271,test,25,1,1,
cnr-07272,test,53,1,1,
cnr-07273,test,73,1,1,
cnr-07274,test,9,1,1,
cnr-07275,dev,122,1,1,
cnr-07276,test,73,1,1,
cnr-07277,test,6,1,1,
cnr-07278,dev,22,1,1,
cnr-07279,test,27,1,1,
cnr-07280,test,103,1,1,
cnr-07281,test,8,1,1,
cnr-07282,test,9,1,1,
cnr-07283,test,23,1,1,
cnr-07284,test,38,1,1,
cnr-07285,test,21,1,1,
cnr-07286,dev,14,1,1,
cnr-07287,test,19,1,1,
cnr-07288,test,32,1,1,
cnr-07289,test,13,1,1,
cnr-07290,dev,13,1,1,
cnr-07291,dev,16,1,1,
cnr-07292,test,15,1,1,
cnr-07293,test,12,1,1,
cnr-07294,test,29,1,1,
cnr-07295,test,89,1,1,
cnr-07296,test,65,1,1,
cnr-07297,test,67,1,1,
cnr-07298,test,34,1,1,
cnr-07299,test,89,1,1,
cnr-07300,test,22,1,1,
cnr-07301,test,19,1,1,
cnr-07302,dev,39,1,1,
cnr-07303,dev,11,1,1,
cnr-07304,dev,49,1,1,
cnr-07305,test,5,1,1,
cnr-07306,test,11,1,1,
cnr-07307,test,23,1,1,
cnr-07308,test,55,1,1,
cnr-07309,test,12,1,1,
cnr-07310,dev,16,1,1,
cnr-07311,test,4,1,1,
cnr-07312,test,34,1,1,
cnr-07313,test,52,1,1,
cnr-07314,dev,27,1,1,
cnr-07315,dev,9,1,1,
cnr-07316,dev,33,1,1,
cnr-07317,test,15,1,1,
cnr-07318,test,49,1,1,
cnr-07319,test,27,1,1,
cnr-07320,test,28,1,1,
cnr-07321,dev,14,1,1,
cnr-07322,test,4,1,1,
cnr-07323,dev,54,1,1,
cnr-07324,dev,32,1,1,
cnr-07325,test,13,1,1,
cnr-07326,test,24,1,1,
cnr-07327,test,44,1,1,
cnr-07328,test,12,1,1,
cnr-07329,test,40,1,1,
cnr-07330,test,33,1,1,
cnr-07331,dev,23,1,1,
cnr-07332,dev,10,1,1,
cnr-07333,test,24,1,1,
cnr-07334,test,25,1,1,
cnr-07335,test,8,1,1,
cnr-07336,test,23,1,1,
cnr-07337,dev,21,1,1,
cnr-07338,test,25,1,1,
cnr-07339,test,18,1,1,
cnr-07340,test,80,1,1,
cnr-07341,dev,25,1,1,
cnr-07342,test,44,1,1,
cnr-07343,test,72,1,1,
cnr-07344,test,13,1,1,
cnr-07345,dev,27,1,1,
cnr-07346,test,17,1,1,
cnr-07347,dev,19,1,1,
cnr-07348,test,9,1,1,
cnr-07349,test,8,1,1,
cnr-07350,test,23,1,1,
cnr-07351,dev,20,1,1,
cnr-07352,test,128,1,1,
cnr-07353,dev,59,1,1,
cnr-07354,dev,41,1,1,
cnr-07355,test,17,1,1,
cnr-07356,test,26,1,1,
cnr-07357,test,28,1,1,
cnr-07358,test,26,1,1,
cnr-07359,test,20,1,1,
cnr-07360,test,9,1,1,
cnr-07361,test,12,1,1,
cnr-07362,test,27,1,1,
cnr-07363,dev,10,1,1,
cnr-07364,test,28,1,1,
cnr-07365,test,47,1,1,
cnr-07366,test,14,1,1,
cnr-07367,test,10,1,1,
cnr-07368,test,53,1,1,
cnr-07369,dev,55,1,1,
cnr-07370,test,17,1,1,
cnr-07371,test,21,1,1,
cnr-07372,test,31,1,1,
cnr-07373,test,17,1,1,
cnr-07374,dev,12,1,1,
cnr-07375,test,15,1,1,
cnr-07376,test,15,1,1,
cnr-07377,dev,7,1,1,
cnr-07378,dev,16,1,1,
cnr-07379,dev,18,1,1,
cnr-07380,test,9,1,1,
cnr-07381,test,21,1,1,
cnr-07382,test,37,1,1,
cnr-07383,test,23,1,1,
cnr-07384,dev,34,1,1,
cnr-07385,test,84,1,1,
cnr-07386,test,34,1,1,
cnr-07387,test,11,1,1,
cnr-07388,dev,19,1,1,
cnr-07389,test,14,1,1,
cnr-07390,test,11,1,1,
cnr-07391,test,34,1,1,
cnr-07392,test,29,1,1,
cnr-07393,test,15,1,1,
cnr-07394,dev,11,1,1,
cnr-07395,test,9,1,1,
cnr-07396,test,35,1,1,
cnr-07397,test,28,1,1,
cnr-07398,dev,59,1,1,
cnr-07399,dev,16,1,1,
cnr-07400,test,14,1,1,
cnr-07401,test,24,1,1,
cnr-07402,dev,61,1,1,
cnr-07403,dev,56,1,1,
cnr-07404,test,14,1,1,
cnr-07405,dev,21,1,1,
cnr-07406,test,75,1,1,
cnr-07407,test,16,1,1,
cnr-07408,dev,42,1,1,
cnr-07409,test,5,1,1,
cnr-07410,dev,33,1,1,
cnr-07411,test,14,1,1,
cnr-07412,dev,50,1,1,
cnr-07413,dev,15,1,1,
cnr-07414,test,15,1,1,
cnr-07415,dev,26,1,1,
cnr-07416,test,13,1,1,
cnr-07417,test,20,1,1,
cnr-07418,dev,26,1,1,
cnr-07419,test,66,1,1,
cnr-07420,test,11,1,1,
cnr-07421,dev,5,1,1,
cnr-07422,test,38,1,1,
cnr-07423,test,17,1,1,
cnr-07424,test,14,1,1,
cnr-07425,dev,40,1,1,
cnr-07426,test,12,1,1,
cnr-07427,test,63,1,1,
cnr-07428,test,16,1,1,
cnr-07429,dev,15,1,1,
cnr-07430,test,10,1,1,
cnr-07431,test,10,1,1,
cnr-07432,test,23,1,1,
cnr-07433,test,47,1,1,
cnr-07434,test,26,1,1,
cnr-07435,dev,33,1,1,
cnr-07436,test,43,1,1,
cnr-07437,dev,29,1,1,
cnr-07438,dev,25,1,1,
cnr-07439,dev,23,1,1,
cnr-07440,test,11,1,1,
cnr-07441,test,20,1,1,
cnr-07442,test,25,1,1,
cnr-07443,dev,36,1,1,
cnr-07444,test,34,1,1,
cnr-07445,test,27,1,1,
cnr-07446,test,27,1,1,
cnr-07447,dev,70,1,1,
cnr-07448,dev,42,1,1,
cnr-07449,dev,11,1,1,
cnr-07450,test,9,1,1,
cnr-07451,test,26,1,1,
cnr-07452,test,19,1,1,
cnr-07453,test,27,1,1,
cnr-07454,test,27,1,1,
cnr-07455,dev,16,1,1,
cnr-07456,dev,19,1,1,
cnr-07457,dev,13,1,1,
cnr-07458,test,33,1,1,
cnr-07459,test,25,1,1,
cnr-07460,test,28,1,1,
cnr-07461,test,60,1,1,
cnr-07462,test,10,1,1,
cnr-07463,dev,89,1,1,
cnr-07464,dev,13,1,1,
cnr-07465,test,11,1,1,
cnr-07466,test,28,1,1,
cnr-07467,test,7,1,1,
cnr-07468,dev,20,1,1,
cnr-07469,dev,11,1,1,
cnr-07470,test,25,1,1,
cnr-07471,test,12,1,1,
cnr-07472,dev,47,1,1,
cnr-07473,test,10,1,1,
cnr-07474,test,18,1,1,
cnr-07475,test,12,1,1,
cnr-07476,test,15,1,1,
cnr-07477,dev,70,1,1,
cnr-07478,dev,20,1,1,
cnr-07479,test,38,1,1,
cnr-07480,dev,62,1,1,
cnr-07481,test,39,1,1,
cnr-07482,test,20,1,1,
cnr-07483,test,44,1,1,
cnr-07484,dev,41,1,1,
cnr-07485,test,14,1,1,
cnr-07486,dev,9,1,1,
cnr-07487,test,15,1,1,
cnr-07488,test,29,1,1,
cnr-07489,test,38,1,1,
cnr-07490,dev,15,1,1,
cnr-07491,dev,11,1,1,
cnr-07492,dev,36,1,1,
cnr-07493,test,30,1,1,
cnr-07494,test,26,1,1,
cnr-07495,test,53,1,1,
cnr-07496,dev,23,1,1,
cnr-07497,dev,19,1,1,
cnr-07498,test,35,1,1,
cnr-07499,test,31,1,1,
cnr-07500,test,5,1,1,
cnr-07501,dev,81,1,1,
cnr-07502,test,12,1,1,
cnr-07503,dev,21,1,1,
cnr-07504,test,39,1,1,
cnr-07505,test,17,1,1,
cnr-07506,dev,12,1,1,
cnr-07507,test,11,1,1,
cnr-07508,dev,11,1,1,
cnr-07509,test,21,1,1,
cnr-07510,test,15,1,1,
cnr-07511,dev,9,1,1,
cnr-07512,dev,29,1,1,
cnr-07513,test,61,1,1,
cnr-07514,test,12,1,1,
cnr-07515,dev,15,1,1,
cnr-07516,test,69,1,1,
cnr-07517,test,32,1,1,
cnr-07518,dev,38,1,1,
cnr-07519,test,9,1,1,
cnr-07520,test,89,1,1,
cnr-07521,test,61,1,1,
cnr-07522,dev,23,1,1,
cnr-07523,test,20,1,1,
cnr-07524,test,10,1,1,
cnr-07525,test,10,1,1,
cnr-07526,test,6,1,1,
cnr-07527,dev,28,1,1,
cnr-07528,dev,37,1,1,
cnr-07529,test,6,1,1,
cnr-07530,test,27,1,1,
cnr-07531,test,17,1,1,
cnr-07532,test,11,1,1,
cnr-07533,test,37,1,1,
cnr-07534,dev,16,1,1,
cnr-07535,dev,40,1,1,
cnr-07536,test,11,1,1,
cnr-07537,dev,41,1,1,
cnr-07538,dev,11,1,1,
cnr-07539,dev,30,1,1,
cnr-07540,test,31,1,1,
cnr-07541,test,15,1,1,
cnr-07542,test,16,1,1,
cnr-07543,test,28,1,1,
cnr-07544,dev,19,1,1,
cnr-07545,dev,37,1,1,
cnr-07546,test,6,1,1,
cnr-07547,dev,13,1,1,
cnr-07548,test,10,1,1,
cnr-07549,test,15,1,1,
cnr-07550,dev,15,1,1,
cnr-07551,test,40,1,1,
cnr-07552,dev,78,1,1,
cnr-07553,dev,24,1,1,
cnr-07554,dev,9,1,1,
cnr-07555,test,28,1,1,
cnr-07556,test,13,1,1,
cnr-07557,test,14,1,1,
cnr-07558,dev,52,1,1,
cnr-07559,test,70,1,1,
cnr-07560,test,15,1,1,
cnr-07561,dev,11,1,1,
cnr-07562,test,83,1,1,
cnr-07563,test,70,1,1,
cnr-07564,test,26,1,1,
cnr-07565,dev,7,1,1,
cnr-07566,test,39,1,1,
cnr-07567,test,18,1,1,
cnr-07568,test,9,1,1,
cnr-07569,test,24,1,1,
cnr-07570,test,24,1,1,
cnr-07571,dev,34,1,1,
cnr-07572,test,48,1,1,
cnr-07573,test,16,1,1,
cnr-07574,test,16,1,1,
cnr-07575,test,58,1,1,
cnr-07576,dev,35,1,1,
cnr-07577,test,72,1,1,
cnr-07578,test,20,1,1,
cnr-07579,test,20,1,1,
cnr-07580,test,27,1,1,
cnr-07581,test,18,1,1,
cnr-07582,dev,20,1,1,
cnr-07583,test,39,1,1,
cnr-07584,test,24,1,1,
cnr-07585,dev,39,1,1,
cnr-07586,dev,17,1,1,
cnr-07587,test,7,1,1,
cnr-07588,test,21,1,1,
cnr-07589,test,46,1,1,
cnr-07590,test,19,1,1,
cnr-07591,test,19,1,1,
cnr-07592,test,10,1,1,
cnr-07593,test,33,1,1,
cnr-07594,test,164,1,1,
cnr-07595,test,6,1,1,
cnr-07596,test,23,1,1,
cnr-07597,dev,39,1,1,
cnr-07598,test,89,1,1,
cnr-07599,dev,14,1,1,
cnr-07600,test,24,1,1,
cnr-07601,test,16,1,1,
cnr-07602,test,7,1,1,
cnr-07603,dev,22,1,1,
cnr-07604,test,32,1,1,
cnr-07605,dev,30,1,1,
cnr-07606,dev,50,1,1,
cnr-07607,test,22,1,1,
cnr-07608,test,13,1,1,
cnr-07609,test,14,1,1,
cnr-07610,test,10,1,1,
cnr-07611,test,16,1,1,
cnr-07612,test,15,1,1,
cnr-07613,test,6,1,1,
cnr-07614,test,14,1,1,
cnr-07615,dev,40,1,1,
cnr-07616,dev,47,1,1,
cnr-07617,test,27,1,1,
cnr-07618,test,22,1,1,
cnr-07619,dev,10,1,1,
cnr-07620,dev,14,1,1,
cnr-07621,test,29,1,1,
cnr-07622,test,31,1,1,
cnr-07623,test,22,1,1,
cnr-07624,test,25,1,1,
cnr-07625,test,27,1,1,
cnr-07626,test,23,1,1,
cnr-07627,test,18,1,1,
cnr-07628,test,8,1,1,
cnr-07629,test,28,1,1,
cnr-07630,test,20,1,1,
cnr-07631,dev,29,1,1,
cnr-07632,test,6,1,1,
cnr-07633,dev,33,1,1,
cnr-07634,dev,69,1,1,
cnr-07635,test,26,1,1,
cnr-07636,test,71,1,1,
cnr-07637,test,22,1,1,
cnr-07638,test,17,1,1,
cnr-07639,test,27,1,1,
cnr-07640,test,16,1,1,
cnr-07641,dev,14,1,1,
cnr-07642,dev,78,1,1,
cnr-07643,test,23,1,1,
cnr-07644,test,29,1,1,
cnr-07645,test,36,1,1,
cnr-07646,test,5,1,1,
cnr-07647,test,63,1,1,
cnr-07648,test,10,1,1,
cnr-07649,test,43,1,1,
cnr-07650,test,41,1,1,
cnr-07651,test,27,1,1,
cnr-07652,test,53,1,1,
cnr-07653,dev,16,1,1,
cnr-07654,test,21,1,1,
cnr-07655,test,41,1,1,
cnr-07656,test,84,1,1,
cnr-07657,dev,20,1,1,
cnr-07658,dev,15,1,1,
cnr-07659,test,17,1,1,
cnr-07660,test,11,1,1,
cnr-07661,test,37,1,1,
cnr-07662,dev,3,1,1,
cnr-07663,test,8,1,1,
cnr-07664,test,40,1,1,
cnr-07665,dev,7,1,1,
cnr-07666,test,23,1,1,
cnr-07667,test,17,1,1,
cnr-07668,test,29,1,1,
cnr-07669,test,50,1,1,
cnr-07670,test,10,1,1,
cnr-07671,test,32,1,1,
cnr-07672,dev,25,1,1,
cnr-07673,test,38,1,1,
cnr-07674,test,17,1,1,
cnr-07675,test,18,1,1,
cnr-07676,test,32,1,1,
cnr-07677,dev,70,1,1,
cnr-07678,test,12,1,1,
cnr-07679,test,19,1,1,
cnr-07680,test,32,1,1,
cnr-07681,test,24,1,1,
cnr-07682,test,48,1,1,
cnr-07683,test,48,1,1,
cnr-07684,test,12,1,1,
cnr-07685,dev,58,1,1,
cnr-07686,dev,3,1,1,
cnr-07687,dev,68,1,1,
cnr-07688,test,27,1,1,
cnr-07689,dev,30,1,1,
cnr-07690,test,17,1,1,
cnr-07691,test,47,1,1,
cnr-07692,test,24,1,1,
cnr-07693,test,29,1,1,
cnr-07694,dev,25,1,1,
cnr-07695,dev,22,1,1,
cnr-07696,test,33,1,1,
cnr-07697,dev,11,1,1,
cnr-07698,test,58,1,1,
cnr-07699,test,69,1,1,
cnr-07700,dev,46,1,1,
cnr-07701,test,28,1,1,
cnr-07702,dev,36,1,1,
cnr-07703,test,30,1,1,
cnr-07704,test,3,1,1,
cnr-07705,dev,28,1,1,
cnr-07706,test,87,1,1,
cnr-07707,dev,12,1,1,
cnr-07708,test,45,1,1,
cnr-07709,test,33,1,1,
cnr-07710,test,51,1,1,
cnr-07711,test,10,1,1,
cnr-07712,dev,12,1,1,
cnr-07713,dev,18,1,1,
cnr-07714,test,14,1,1,
cnr-07715,test,11,1,1,
cnr-07716,test,14,1,1,
cnr-07717,test,14,1,1,
cnr-07718,test,4,1,1,
cnr-07719,test,42,1,1,
cnr-07720,test,20,1,1,
cnr-07721,test,12,1,1,
cnr-07722,test,17,1,1,
cnr-07723,test,43,1,1,
cnr-07724,test,17,1,1,
cnr-07725,test,49,1,1,
cnr-07726,dev,19,1,1,
cnr-07727,test,18,1,1,
cnr-07728,test,14,1,1,
cnr-07729,dev,21,1,1,
cnr-07730,dev,22,1,1,
cnr-07731,test,12,1,1,
cnr-07732,test,12,1,1,
cnr-07733,test,7,1,1,
cnr-07734,test,58,1,1,
cnr-07735,dev,22,1,1,
cnr-07736,dev,24,1,1,
cnr-07737,test,25,1,1,
cnr-07738,test,9,1,1,
cnr-07739,dev,33,1,1,
cnr-07740,dev,10,1,1,
cnr-07741,dev,24,1,1,
cnr-07742,test,63,1,1,
cnr-07743,test,4,1,1,
cnr-07744,test,38,1,1,
cnr-07745,dev,26,1,1,
cnr-07746,test,17,1,1,
cnr-07747,test,9,1,1,
cnr-07748,dev,11,1,1,
cnr-07749,test,58,1,1,
cnr-07750,dev,13,1,1,
cnr-07751,test,17,1,1,
cnr-07752,test,12,1,1,
cnr-07753,test,84,1,1,
cnr-07754,test,32,1,1,
cnr-07755,test,101,1,1,
cnr-07756,test,43,1,1,
cnr-07757,test,19,1,1,
cnr-07758,test,22,1,1,
cnr-07759,test,17,1,1,
cnr-07760,test,28,1,1,
cnr-07761,dev,47,1,1,
cnr-07762,test,72,1,1,
cnr-07763,test,27,1,1,
cnr-07764,test,19,1,1,
cnr-07765,dev,8,1,1,
cnr-07766,test,21,1,1,
cnr-07767,test,15,1,1,
cnr-07768,test,40,1,1,
cnr-07769,test,39,1,1,
cnr-07770,test,15,1,1,
cnr-07771,test,16,1,1,
cnr-07772,test,14,1,1,
cnr-07773,dev,44,1,1,
cnr-07774,test,3,1,1,
cnr-07775,test,29,1,1,
cnr-07776,test,47,1,1,
cnr-07777,test,11,1,1,
cnr-07778,test,12,1,1,
cnr-07779,dev,10,1,1,
cnr-07780,dev,89,1,1,
cnr-07781,test,23,1,1,
cnr-07782,dev,14,1,1,
cnr-07783,test,22,1,1,
cnr-07784,test,30,1,1,
cnr-07785,test,29,1,1,
cnr-07786,test,19,1,1,
cnr-07787,test,19,1,1,
cnr-07788,dev,3,1,1,
cnr-07789,test,13,1,1,
cnr-07790,test,9,1,1,
cnr-07791,test,11,1,1,
cnr-07792,test,21,1,1,
cnr-07793,dev,13,1,1,
cnr-07794,dev,15,1,1,
cnr-07795,dev,12,1,1,
cnr-07796,test,32,1,1,
cnr-07797,test,30,1,1,
cnr-07798,test,36,1,1,
cnr-07799,dev,11,1,1,
cnr-07800,test,31,1,1,
cnr-07801,test,15,1,1,
cnr-07802,dev,10,1,1,
cnr-07803,test,14,1,1,
cnr-07804,dev,9,1,1,
cnr-07805,dev,28,1,1,
cnr-07806,dev,22,1,1,
cnr-07807,test,8,1,1,
cnr-07808,test,26,1,1,
cnr-07809,dev,14,1,1,
cnr-07810,test,5,1,1,
cnr-07811,test,13,1,1,
cnr-07812,test,23,1,1,
cnr-07813,test,25,1,1,
cnr-07814,test,24,1,1,
cnr-07815,test,20,1,1,
cnr-07816,test,60,1,1,
cnr-07817,dev,9,1,1,
cnr-07818,dev,15,1,1,
cnr-07819,dev,14,1,1,
cnr-07820,dev,16,1,1,
cnr-07821,test,61,1,1,
cnr-07822,dev,11,1,1,
cnr-07823,dev,56,1,1,
cnr-07824,test,17,1,1,
cnr-07825,test,9,1,1,
cnr-07826,test,29,1,1,
cnr-07827,test,12,1,1,
cnr-07828,test,15,1,1,
cnr-07829,test,10,1,1,
cnr-07830,dev,31,1,1,
cnr-07831,test,46,1,1,
cnr-07832,test,4,1,1,
cnr-07833,test,25,1,1,
cnr-07834,test,12,1,1,
cnr-07835,test,19,1,1,
cnr-07836,dev,20,1,1,
cnr-07837,test,65,1,1,
cnr-07838,test,11,1,1,
cnr-07839,test,13,1,1,
cnr-07840,test,28,1,1,
cnr-07841,test,13,1,1,
cnr-07842,test,14,1,1,
cnr-07843,dev,11,1,1,
cnr-07844,test,40,1,1,
cnr-07845,test,24,1,1,
cnr-07846,test,20,1,1,
cnr-07847,dev,24,1,1,
cnr-07848,test,15,1,1,
cnr-07849,test,10,1,1,
cnr-07850,test,7,1,1,
cnr-07851,dev,19,1,1,
cnr-07852,test,28,1,1,
cnr-07853,test,25,1,1,
cnr-07854,dev,11,1,1,
cnr-07855,test,36,1,1,
cnr-07856,test,15,1,1,
cnr-07857,test,14,1,1,
cnr-07858,test,11,1,1,
cnr-07859,test,13,1,1,
cnr-07860,test,13,1,1,
cnr-07861,dev,31,1,1,
cnr-07862,test,52,1,1,
cnr-07863,test,6,1,1,
cnr-07864,test,58,1,1,
cnr-07865,dev,37,1,1,
cnr-07866,test,22,1,1,
cnr-07867,dev,16,1,1,
cnr-07868,test,41,1,1,
cnr-07869,test,19,1,1,
cnr-07870,dev,25,1,1,
cnr-07871,dev,75,1,1,
cnr-07872,dev,57,1,1,
cnr-07873,test,9,1,1,
cnr-07874,test,43,1,1,
cnr-07875,dev,14,1,1,
cnr-07876,test,48,1,1,
cnr-07877,dev,21,1,1,
cnr-07878,test,35,1,1,
cnr-07879,test,16,1,1,
cnr-07880,test,20,1,1,
cnr-07881,test,20,1,1,
cnr-07882,test,25,1,1,
cnr-07883,dev,48,1,1,
cnr-07884,test,5,1,1,
cnr-07885,test,15,1,1,
cnr-07886,test,29,1,1,
cnr-07887,test,9,1,1,
cnr-07888,dev,28,1,1,
cnr-07889,test,37,1,1,
cnr-07890,dev,25,1,1,
cnr-07891,test,11,1,1,
cnr-07892,test,11,1,1,
cnr-07893,dev,56,1,1,
cnr-07894,test,75,1,1,
cnr-07895,test,15,1,1,
cnr-07896,test,14,1,1,
cnr-07897,test,37,1,1,
cnr-07898,test,7,1,1,
cnr-07899,test,24,1,1,
cnr-07900,test,11,1,1,
cnr-07901,test,20,1,1,
cnr-07902,test,5,1,1,
cnr-07903,test,25,1,1,
cnr-07904,test,6,1,1,
cnr-07905,test,10,1,1,
cnr-07906,dev,14,1,1,
cnr-07907,test,40,1,1,
cnr-07908,test,53,1,1,
cnr-07909,test,21,1,1,
cnr-07910,dev,17,1,1,
cnr-07911,dev,27,1,1,
cnr-07912,test,60,1,1,
cnr-07913,test,15,1,1,
cnr-07914,dev,54,1,1,
cnr-07915,test,47,1,1,
cnr-07916,test,18,1,1,
cnr-07917,test,17,1,1,
cnr-07918,test,19,1,1,
cnr-07919,test,73,1,1,
cnr-07920,test,26,1,1,
cnr-07921,test,16,1,1,
cnr-07922,test,46,1,1,
cnr-07923,test,18,1,1,
cnr-07924,test,9,1,1,
cnr-07925,test,17,1,1,
cnr-07926,test,18,1,1,
cnr-07927,test,11,1,1,
cnr-07928,test,13,1,1,
cnr-07929,test,39,1,1,
cnr-07930,test,46,1,1,
cnr-07931,dev,8,1,1,
cnr-07932,test,70,1,1,
cnr-07933,test,23,1,1,
cnr-07934,test,22,1,1,
cnr-07935,dev,20,1,1,
cnr-07936,dev,19,1,1,
cnr-07937,test,22,1,1,
cnr-07938,test,8,1,1,
cnr-07939,test,21,1,1,
cnr-07940,test,34,1,1,
cnr-07941,test,60,1,1,
cnr-07942,test,48,1,1,
cnr-07943,test,24,1,1,
cnr-07944,test,21,1,1,
cnr-07945,test,10,1,1,
cnr-07946,test,45,1,1,
cnr-07947,test,69,1,1,
cnr-07948,test,12,1,1,
cnr-07949,test,21,1,1,
cnr-07950,test,20,1,1,
cnr-07951,test,18,1,1,
cnr-07952,test,14,1,1,
cnr-07953,dev,16,1,1,
cnr-07954,test,17,1,1,
cnr-07955,test,17,1,1,
cnr-07956,test,35,1,1,
cnr-07957,dev,11,1,1,
cnr-07958,test,11,1,1,
cnr-07959,test,19,1,1,
cnr-07960,test,56,1,1,
cnr-07961,test,36,1,1,
cnr-07962,test,18,1,1,
cnr-07963,test,16,1,1,
cnr-07964,test,44,1,1,
cnr-07965,test,36,1,1,
cnr-07966,dev,20,1,1,
cnr-07967,test,31,1,1,
cnr-07968,test,23,1,1,
cnr-07969,dev,61,1,1,
cnr-07970,test,26,1,1,
cnr-07971,test,12,1,1,
cnr-07972,dev,30,1,1,
cnr-07973,test,8,1,1,
cnr-07974,dev,8,1,1,
cnr-07975,test,23,1,1,
cnr-07976,dev,18,1,1,
cnr-07977,test,26,1,1,
cnr-07978,test,14,1,1,
cnr-07979,test,16,1,1,
cnr-07980,test,62,1,1,
cnr-07981,test,14,1,1,
cnr-07982,test,22,1,1,
cnr-07983,test,7,1,1,
cnr-07984,test,47,1,1,
cnr-07985,test,25,1,1,
cnr-07986,test,12,1,1,
cnr-07987,test,25,1,1,
cnr-07988,dev,33,1,1,
cnr-07989,test,13,1,1,
cnr-07990,test,49,1,1,
cnr-07991,dev,25,1,1,
cnr-07992,test,31,1,1,
cnr-07993,test,15,1,1,
cnr-07994,dev,17,1,1,
cnr-07995,test,44,1,1,
cnr-07996,test,11,1,1,
cnr-07997,test,15,1,1,
cnr-07998,test,11,1,1,
cnr-07999,test,20,1,1,
cnr-08000,test,18,1,1,
cnr-08001,test,16,1,1,
cnr-08002,dev,2,1,1,
cnr-08003,test,18,1,1,
cnr-08004,dev,23,1,1,
cnr-08005,test,18,1,1,
cnr-08006,test,22,1,1,
cnr-08007,test,14,1,1,
cnr-08008,test,24,1,1,
cnr-08009,dev,15,1,1,
cnr-08010,dev,28,1,1,
cnr-08011,dev,14,1,1,
cnr-08012,dev,15,1,1,
cnr-08013,test,22,1,1,
cnr-08014,test,28,1,1,
cnr-08015,test,72,1,1,
cnr-08016,test,14,1,1,
cnr-08017,dev,19,1,1,
cnr-08018,test,11,1,1,
cnr-08019,test,7,1,1,
cnr-08020,test,12,1,1,
cnr-08021,test,46,1,1,
cnr-08022,test,7,1,1,
cnr-08023,test,14,1,1,
cnr-08024,dev,66,1,1,
cnr-08025,test,25,1,1,
cnr-08026,test,53,1,1,
cnr-08027,test,19,1,1,
cnr-08028,dev,23,1,1,
cnr-08029,test,14,1,1,
cnr-08030,test,20,1,1,
cnr-08031,test,18,1,1,
cnr-08032,test,34,1,1,
cnr-08033,test,8,1,1,
cnr-08034,test,18,1,1,
cnr-08035,dev,18,1,1,
cnr-08036,test,6,1,1,
cnr-08037,test,35,1,1,
cnr-08038,test,18,1,1,
cnr-08039,test,21,1,1,
cnr-08040,test,11,1,1,
cnr-08041,dev,10,1,1,
cnr-08042,test,15,1,1,
cnr-08043,test,13,1,1,
cnr-08044,test,32,1,1,
cnr-08045,dev,21,1,1,
cnr-08046,test,36,1,1,
cnr-08047,test,21,1,1,
cnr-08048,dev,38,1,1,
cnr-08049,test,10,1,1,
cnr-08050,test,17,1,1,
cnr-08051,test,15,1,1,
cnr-08052,dev,11,1,1,
cnr-08053,test,80,1,1,
cnr-08054,dev,16,1,1,
cnr-08055,dev,86,1,1,
cnr-08056,test,15,1,1,
cnr-08057,test,24,1,1,
cnr-08058,test,43,1,1,
cnr-08059,dev,17,1,1,
cnr-08060,test,25,1,1,
cnr-08061,dev,23,1,1,
cnr-08062,dev,16,1,1,
cnr-08063,dev,14,1,1,
cnr-08064,test,6,1,1,
cnr-08065,test,35,1,1,
cnr-08066,test,50,1,1,
cnr-08067,dev,9,1,1,
cnr-08068,test,26,1,1,
cnr-08069,test,67,1,1,
cnr-08070,dev,12,1,1,
cnr-08071,dev,15,1,1,
cnr-08072,test,50,1,1,
cnr-08073,test,8,1,1,
cnr-08074,test,32,1,1,
cnr-08075,dev,37,1,1,
cnr-08076,test,8,1,1,
cnr-08077,dev,24,1,1,
cnr-08078,test,9,1,1,
cnr-08079,test,79,1,1,
cnr-08080,test,9,1,1,
cnr-08081,test,15,1,1,
cnr-08082,test,58,1,1,
cnr-08083,test,13,1,1,
cnr-08084,test,28,1,1,
cnr-08085,dev,7,1,1,
cnr-08086,test,23,1,1,
cnr-08087,dev,69,1,1,
cnr-08088,test,16,1,1,
cnr-08089,test,30,1,1,
cnr-08090,test,24,1,1,
cnr-08091,test,5,1,1,
cnr-08092,test,32,1,1,
cnr-08093,test,17,1,1,
cnr-08094,test,23,1,1,
cnr-08095,test,11,1,1,
cnr-08096,dev,40,1,1,
cnr-08097,test,30,1,1,
cnr-08098,test,20,1,1,
cnr-08099,test,2,1,1,
cnr-08100,test,20,1,1,
cnr-08101,test,12,1,1,
cnr-08102,test,23,1,1,
cnr-08103,test,31,1,1,
cnr-08104,test,25,1,1,
cnr-08105,test,18,1,1,
cnr-08106,test,44,1,1,
cnr-08107,dev,36,1,1,
cnr-08108,test,99,1,1,
cnr-08109,dev,38,1,1,
cnr-08110,test,6,1,1,
cnr-08111,test,68,1,1,
cnr-08112,dev,22,1,1,
cnr-08113,dev,38,1,1,
cnr-08114,test,39,1,1,
cnr-08115,test,27,1,1,
cnr-08116,dev,15,1,1,
cnr-08117,dev,13,1,1,
cnr-08118,test,56,1,1,
cnr-08119,test,30,1,1,
cnr-08120,test,22,1,1,
cnr-08121,test,19,1,1,
cnr-08122,test,15,1,1,
cnr-08123,test,23,1,1,
cnr-08124,test,14,1,1,
cnr-08125,test,29,1,1,
cnr-08126,dev,9,1,1,
cnr-08127,test,11,1,1,
cnr-08128,test,21,1,1,
cnr-08129,test,19,1,1,
cnr-08130,dev,18,1,1,
cnr-08131,test,14,1,1,
cnr-08132,dev,29,1,1,
cnr-08133,test,56,1,1,
cnr-08134,test,8,1,1,
cnr-08135,test,44,1,1,
cnr-08136,test,18,1,1,
cnr-08137,test,47,1,1,
cnr-08138,dev,4,1,1,
cnr-08139,test,10,1,1,
cnr-08140,test,23,1,1,
cnr-08141,test,23,1,1,
cnr-08142,dev,39,1,1,
cnr-08143,test,8,1,1,
cnr-08144,test,9,1,1,
cnr-08145,test,27,1,1,
cnr-08146,test,3,1,1,
cnr-08147,test,11,1,1,
cnr-08148,test,41,1,1,
cnr-08149,dev,57,1,1,
cnr-08150,dev,5,1,1,
cnr-08151,test,40,1,1,
cnr-08152,test,28,1,1,
cnr-08153,dev,21,1,1,
cnr-08154,test,31,1,1,
cnr-08155,test,41,1,1,
cnr-08156,test,51,1,1,
cnr-08157,test,13,1,1,
cnr-08158,test,24,1,1,
cnr-08159,test,14,1,1,
cnr-08160,test,24,1,1,
cnr-08161,dev,19,1,1,
cnr-08162,test,17,1,1,
cnr-08163,dev,45,1,1,
cnr-08164,test,14,1,1,
cnr-08165,test,12,1,1,
cnr-08166,test,30,1,1,
cnr-08167,test,13,1,1,
cnr-08168,test,18,1,1,
cnr-08169,test,35,1,1,
cnr-08170,test,86,1,1,
cnr-08171,dev,59,1,1,
cnr-08172,test,36,1,1,
cnr-08173,test,19,1,1,
cnr-08174,dev,12,1,1,
cnr-08175,test,17,1,1,
cnr-08176,test,17,1,1,
cnr-08177,test,28,1,1,
cnr-08178,test,31,1,1,
cnr-08179,test,29,1,1,
cnr-08180,test,69,1,1,
cnr-08181,dev,29,1,1,
cnr-08182,test,11,1,1,
cnr-08183,test,13,1,1,
cnr-08184,dev,32,1,1,
cnr-08185,test,55,1,1,
cnr-08186,test,15,1,1,
cnr-08187,test,52,1,1,
cnr-08188,test,51,1,1,
cnr-08189,test,4,1,1,
cnr-08190,test,42,1,1,
cnr-08191,dev,24,1,1,
cnr-08192,test,28,1,1,
cnr-08193,test,33,1,1,
cnr-08194,test,20,1,1,
cnr-08195,test,76,1,1,
cnr-08196,test,14,1,1,
cnr-08197,dev,45,1,1,
cnr-08198,test,68,1,1,
cnr-08199,dev,11,1,1,
cnr-08200,test,8,1,1,
cnr-08201,dev,14,1,1,
cnr-08202,test,34,1,1,
cnr-08203,test,46,1,1,
cnr-08204,test,16,1,1,
cnr-08205,test,19,1,1,
cnr-08206,dev,11,1,1,
cnr-08207,test,46,1,1,
cnr-08208,dev,47,1,1,
cnr-08209,test,11,1,1,
cnr-08210,test,27,1,1,
cnr-08211,test,34,1,1,
cnr-08212,dev,40,1,1,
cnr-08213,test,26,1,1,
cnr-08214,dev,18,1,1,
cnr-08215,dev,31,1,1,
cnr-08216,test,57,1,1,
cnr-08217,dev,31,1,1,
cnr-08218,test,28,1,1,
cnr-08219,dev,24,1,1,
cnr-08220,dev,65,1,1,
cnr-08221,test,10,1,1,
cnr-08222,dev,19,1,1,
cnr-08223,test,15,1,1,
cnr-08224,test,12,1,1,
cnr-08225,test,12,1,1,
cnr-08226,test,37,1,1,
cnr-08227,test,10,1,1,
cnr-08228,test,18,1,1,
cnr-08229,dev,92,1,1,
cnr-08230,test,11,1,1,
cnr-08231,test,41,1,1,
cnr-08232,test,22,1,1,
cnr-08233,test,32,1,1,
cnr-08234,dev,20,1,1,
cnr-08235,test,21,1,1,
cnr-08236,test,29,1,1,
cnr-08237,test,32,1,1,
cnr-08238,dev,48,1,1,
cnr-08239,test,26,1,1,
cnr-08240,test,8,1,1,
cnr-08241,test,18,1,1,
cnr-08242,dev,8,1,1,
cnr-08243,test,15,1,1,
cnr-08244,test,23,1,1,
cnr-08245,dev,15,1,1,
cnr-08246,test,18,1,1,
cnr-08247,dev,59,1,1,
cnr-08248,test,11,1,1,
cnr-08249,test,8,1,1,
cnr-08250,dev,25,1,1,
cnr-08251,test,12,1,1,
cnr-08252,test,24,1,1,
cnr-08253,test,16,1,1,
cnr-08254,test,23,1,1,
cnr-08255,test,15,1,1,
cnr-08256,test,42,1,1,
cnr-08257,test,16,1,1,
cnr-08258,test,15,1,1,
cnr-08259,dev,16,1,1,
cnr-08260,test,18,1,1,
cnr-08261,dev,30,1,1,
cnr-08262,dev,16,1,1,
cnr-08263,test,20,1,1,
cnr-08264,dev,25,1,1,
cnr-08265,dev,80,1,1,
cnr-08266,dev,19,1,1,
cnr-08267,test,36,1,1,
cnr-08268,dev,20,1,1,
cnr-08269,test,45,1,1,
cnr-08270,test,18,1,1,
cnr-08271,dev,20,1,1,
cnr-08272,test,18,1,1,
cnr-08273,test,8,1,1,
cnr-08274,test,58,1,1,
cnr-08275,dev,7,1,1,
cnr-08276,test,2,1,1,
cnr-08277,test,14,1,1,
cnr-08278,test,35,1,1,
cnr-08279,test,13,1,1,
cnr-08280,test,55,1,1,
cnr-08281,test,20,1,1,
cnr-08282,dev,14,1,1,
cnr-08283,dev,18,1,1,
cnr-08284,dev,50,1,1,
cnr-08285,test,14,1,1,
cnr-08286,dev,19,1,1,
cnr-08287,test,51,1,1,
cnr-08288,test,23,1,1,
cnr-08289,test,25,1,1,
cnr-08290,dev,25,1,1,
cnr-08291,test,40,1,1,
cnr-08292,test,19,1,1,
cnr-08293,test,14,1,1,
cnr-08294,dev,33,1,1,
cnr-08295,dev,47,1,1,
cnr-08296,dev,17,1,1,
cnr-08297,test,15,1,1,
cnr-08298,test,12,1,1,
cnr-08299,test,24,1,1,
cnr-08300,test,13,1,1,
cnr-08301,test,33,1,1,
cnr-08302,test,14,1,1,
cnr-08303,test,24,1,1,
cnr-08304,test,6,1,1,
cnr-08305,test,8,1,1,
cnr-08306,test,36,1,1,
cnr-08307,test,23,1,1,
cnr-08308,test,16,1,1,
cnr-08309,test,52,1,1,
cnr-08310,test,12,1,1,
cnr-08311,dev,53,1,1,
cnr-08312,test,14,1,1,
cnr-08313,test,25,1,1,
cnr-08314,dev,35,1,1,
cnr-08315,test,17,1,1,
cnr-08316,test,30,1,1,
cnr-08317,test,24,1,1,
cnr-08318,dev,20,1,1,
cnr-08319,dev,26,1,1,
cnr-08320,test,32,1,1,
cnr-08321,test,10,1,1,
cnr-08322,dev,21,1,1,
cnr-08323,test,16,1,1,
cnr-08324,test,36,1,1,
cnr-08325,test,13,1,1,
cnr-08326,dev,32,1,1,
cnr-08327,test,15,1,1,
cnr-08328,test,12,1,1,
cnr-08329,dev,47,1,1,
cnr-08330,test,32,1,1,
cnr-08331,test,26,1,1,
cnr-08332,test,61,1,1,
cnr-08333,test,72,1,1,
cnr-08334,test,28,1,1,
cnr-08335,dev,45,1,1,
cnr-08336,dev,38,1,1,
cnr-08337,dev,14,1,1,
cnr-08338,test,24,1,1,
cnr-08339,test,44,1,1,
cnr-08340,test,48,1,1,
cnr-08341,test,25,1,1,
cnr-08342,test,55,1,1,
cnr-08343,test,13,1,1,
cnr-08344,test,18,1,1,
cnr-08345,test,32,1,1,
cnr-08346,dev,27,1,1,
cnr-08347,test,38,1,1,
cnr-08348,test,26,1,1,
cnr-08349,dev,28,1,1,
cnr-08350,dev,17,1,1,
cnr-08351,test,28,1,1,
cnr-08352,test,27,1,1,
cnr-08353,test,12,1,1,
cnr-08354,test,29,1,1,
cnr-08355,test,22,1,1,
cnr-08356,test,17,1,1,
cnr-08357,test,38,1,1,
cnr-08358,dev,13,1,1,
cnr-08359,test,9,1,1,
cnr-08360,test,31,1,1,
cnr-08361,test,46,1,1,
cnr-08362,test,39,1,1,
cnr-08363,test,17,1,1,
cnr-08364,test,16,1,1,
cnr-08365,test,7,1,1,
cnr-08366,test,36,1,1,
cnr-08367,test,32,1,1,
cnr-08368,dev,86,1,1,
cnr-08369,dev,31,1,1,
cnr-08370,test,17,1,1,
cnr-08371,test,16,1,1,
cnr-08372,dev,21,1,1,
cnr-08373,test,16,1,1,
cnr-08374,dev,62,1,1,
cnr-08375,test,13,1,1,
cnr-08376,test,26,1,1,
cnr-08377,dev,48,1,1,
cnr-08378,test,16,1,1,
cnr-08379,test,10,1,1,
cnr-08380,test,82,1,1,
cnr-08381,dev,10,1,1,
cnr-08382,test,32,1,1,
cnr-08383,test,100,1,1,
cnr-08384,test,31,1,1,
cnr-08385,test,11,1,1,
cnr-08386,test,13,1,1,
cnr-08387,test,137,1,1,
cnr-08388,test,25,1,1,
cnr-08389,test,14,1,1,
cnr-08390,test,25,1,1,
cnr-08391,test,5,1,1,
cnr-08392,dev,17,1,1,
cnr-08393,test,19,1,1,
cnr-08394,test,13,1,1,
cnr-08395,test,24,1,1,
cnr-08396,test,23,1,1,
cnr-08397,dev,12,1,1,
cnr-08398,test,14,1,1,
cnr-08399,test,24,1,1,
cnr-08400,dev,18,1,1,
cnr-08401,test,14,1,1,
cnr-08402,test,21,1,1,
cnr-08403,dev,16,1,1,
cnr-08404,test,17,1,1,
cnr-08405,test,20,1,1,
cnr-08406,dev,29,1,1,
cnr-08407,test,16,1,1,
cnr-08408,dev,34,1,1,
cnr-08409,dev,24,1,1,
cnr-08410,test,27,1,1,
cnr-08411,test,11,1,1,
cnr-08412,test,22,1,1,
cnr-08413,dev,17,1,1,
cnr-08414,test,15,1,1,
cnr-08415,test,49,1,1,
cnr-08416,test,55,1,1,
cnr-08417,test,12,1,1,
cnr-08418,dev,8,1,1,
cnr-08419,test,26,1,1,
cnr-08420,test,44,1,1,
cnr-08421,dev,14,1,1,
cnr-08422,dev,7,1,1,
cnr-08423,dev,45,1,1,
cnr-08424,test,12,1,1,
cnr-08425,test,14,1,1,
cnr-08426,test,16,1,1,
cnr-08427,test,9,1,1,
cnr-08428,dev,11,1,1,
cnr-08429,test,32,1,1,
cnr-08430,test,71,1,1,
cnr-08431,test,17,1,1,
cnr-08432,dev,10,1,1,
cnr-08433,test,19,1,1,
cnr-08434,test,32,1,1,
cnr-08435,dev,18,1,1,
cnr-08436,dev,32,1,1,
cnr-08437,dev,35,1,1,
cnr-08438,test,30,1,1,
cnr-08439,test,63,1,1,
cnr-08440,test,31,1,1,
cnr-08441,test,24,1,1,
cnr-08442,test,21,1,1,
cnr-08443,dev,24,1,1,
cnr-08444,test,46,1,1,
cnr-08445,test,29,1,1,
cnr-08446,test,20,1,1,
cnr-08447,test,9,1,1,
cnr-08448,test,16,1,1,
cnr-08449,dev,9,1,1,
cnr-08450,test,52,1,1,
cnr-08451,test,7,1,1,
cnr-08452,test,23,1,1,
cnr-08453,test,15,1,1,
cnr-08454,test,10,1,1,
cnr-08455,test,18,1,1,
cnr-08456,test,26,1,1,
cnr-08457,test,34,1,1,
cnr-08458,dev,11,1,1,
cnr-08459,test,21,1,1,
cnr-08460,test,20,1,1,
cnr-08461,test,17,1,1,
cnr-08462,test,58,1,1,
cnr-08463,dev,22,1,1,
cnr-08464,test,11,1,1,
cnr-08465,test,17,1,1,
cnr-08466,test,11,1,1,
cnr-08467,test,15,1,1,
cnr-08468,dev,18,1,1,
cnr-08469,test,42,1,1,
cnr-08470,test,35,1,1,
cnr-08471,test,62,1,1,
cnr-08472,dev,61,1,1,
cnr-08473,test,15,1,1,
cnr-08474,dev,50,1,1,
cnr-08475,dev,20,1,1,
cnr-08476,dev,32,1,1,
cnr-08477,test,19,1,1,
cnr-08478,dev,15,1,1,
cnr-08479,dev,54,1,1,
cnr-08480,test,14,1,1,
cnr-08481,dev,22,1,1,
cnr-08482,dev,24,1,1,
cnr-08483,test,11,1,1,
cnr-08484,test,25,1,1,
cnr-08485,test,9,1,1,
cnr-08486,dev,29,1,1,
cnr-08487,test,16,1,1,
cnr-08488,dev,39,1,1,
cnr-08489,dev,53,1,1,
cnr-08490,dev,7,1,1,
cnr-08491,test,10,1,1,
cnr-08492,test,63,1,1,
cnr-08493,test,7,1,1,
cnr-08494,test,27,1,1,
cnr-08495,test,11,1,1,
cnr-08496,test,14,1,1,
cnr-08497,test,25,1,1,
cnr-08498,dev,9,1,1,
cnr-08499,dev,24,1,1,
cnr-08500,test,39,1,1,
cnr-08501,test,11,1,1,
cnr-08502,dev,47,1,1,
cnr-08503,test,24,1,1,
cnr-08504,test,29,1,1,
cnr-08505,test,16,1,1,
cnr-08506,test,9,1,1,
cnr-08507,dev,22,1,1,
cnr-08508,test,13,1,1,
cnr-08509,test,7,1,1,
cnr-08510,dev,8,1,1,
cnr-08511,test,73,1,1,
cnr-08512,dev,16,1,1,
cnr-08513,test,69,1,1,
cnr-08514,test,18,1,1,
cnr-08515,test,39,1,1,
cnr-08516,test,7,1,1,
cnr-08517,dev,29,1,1,
cnr-08518,test,19,1,1,
cnr-08519,test,34,1,1,
cnr-08520,test,7,1,1,
cnr-08521,test,53,1,1,
cnr-08522,test,19,1,1,
cnr-08523,dev,29,1,1,
cnr-08524,dev,29,1,1,
cnr-08525,test,14,1,1,
cnr-08526,test,28,1,1,
cnr-08527,test,32,1,1,
cnr-08528,test,18,1,1,
cnr-08529,test,69,1,1,
cnr-08530,test,11,1,1,
cnr-08531,test,13,1,1,
cnr-08532,test,13,1,1,
cnr-08533,test,28,1,1,
cnr-08534,test,28,1,1,
cnr-08535,test,47,1,1,
cnr-08536,test,8,1,1,
cnr-08537,test,10,1,1,
cnr-08538,dev,6,1,1,
cnr-08539,dev,14,1,1,
cnr-08540,dev,31,1,1,
cnr-08541,test,16,1,1,
cnr-08542,test,17,1,1,
cnr-08543,dev,29,1,1,
cnr-08544,dev,12,1,1,
cnr-08545,test,54,1,1,
cnr-08546,test,14,1,1,
cnr-08547,test,59,1,1,
cnr-08548,test,13,1,1,
cnr-08549,test,18,1,1,
cnr-08550,test,13,1,1,
cnr-08551,dev,58,1,1,
cnr-08552,test,24,1,1,
cnr-08553,dev,16,1,1,
cnr-08554,dev,17,1,1,
cnr-08555,dev,18,1,1,
cnr-08556,dev,38,1,1,
cnr-08557,test,49,1,1,
cnr-08558,test,18,1,1,
cnr-08559,test,21,1,1,
cnr-08560,test,19,1,1,
cnr-08561,test,22,1,1,
cnr-08562,test,13,1,1,
cnr-08563,dev,32,1,1,
cnr-08564,test,34,1,1,
cnr-08565,test,18,1,1,
cnr-08566,dev,63,1,1,
cnr-08567,test,32,1,1,
cnr-08568,dev,56,1,1,
cnr-08569,dev,39,1,1,
cnr-08570,test,14,1,1,
cnr-08571,test,31,1,1,
cnr-08572,dev,26,1,1,
cnr-08573,dev,44,1,1,
cnr-08574,test,12,1,1,
cnr-08575,dev,16,1,1,
cnr-08576,dev,21,1,1,
cnr-08577,test,45,1,1,
cnr-08578,test,24,1,1,
cnr-08579,test,35,1,1,
cnr-08580,test,13,1,1,
cnr-08581,test,11,1,1,
cnr-08582,test,13,1,1,
cnr-08583,test,49,1,1,
cnr-08584,test,35,1,1,
cnr-08585,dev,85,1,1,
cnr-08586,test,16,1,1,
cnr-08587,test,11,1,1,
cnr-08588,test,23,1,1,
cnr-08589,test,60,1,1,
cnr-08590,test,20,1,1,
cnr-08591,test,19,1,1,
cnr-08592,dev,17,1,1,
cnr-08593,dev,36,1,1,
cnr-08594,test,13,1,1,
cnr-08595,dev,25,1,1,
cnr-08596,dev,20,1,1,
cnr-08597,test,34,1,1,
cnr-08598,test,74,1,1,
cnr-08599,dev,50,1,1,
cnr-08600,test,10,1,1,
cnr-08601,test,23,1,1,
cnr-08602,dev,16,1,1,
cnr-08603,test,60,1,1,
cnr-08604,test,28,1,1,
cnr-08605,test,15,1,1,
cnr-08606,dev,8,1,1,
cnr-08607,test,15,1,1,
cnr-08608,dev,26,1,1,
cnr-08609,dev,5,1,1,
cnr-08610,test,14,1,1,
cnr-08611,test,38,1,1,
cnr-08612,test,23,1,1,
cnr-08613,dev,2,1,1,
cnr-08614,dev,9,1,1,
cnr-08615,test,19,1,1,
cnr-08616,test,27,1,1,
cnr-08617,test,11,1,1,
cnr-08618,test,15,1,1,
cnr-08619,dev,31,1,1,
cnr-08620,test,16,1,1,
cnr-08621,test,26,1,1,
cnr-08622,test,17,1,1,
cnr-08623,test,42,1,1,
cnr-08624,test,53,1,1,
cnr-08625,test,64,1,1,
cnr-08626,test,40,1,1,
cnr-08627,test,50,1,1,
cnr-08628,test,63,1,1,
cnr-08629,dev,18,1,1,
cnr-08630,test,20,1,1,
cnr-08631,test,9,1,1,
cnr-08632,dev,72,1,1,
cnr-08633,dev,79,1,1,
cnr-08634,test,19,1,1,
cnr-08635,test,18,1,1,
cnr-08636,test,50,1,1,
cnr-08637,test,40,1,1,
cnr-08638,dev,12,1,1,
cnr-08639,dev,33,1,1,
cnr-08640,test,10,1,1,
cnr-08641,test,32,1,1,
cnr-08642,test,24,1,1,
cnr-08643,test,41,1,1,
cnr-08644,test,31,1,1,
cnr-08645,dev,19,1,1,
cnr-08646,test,18,1,1,
cnr-08647,test,44,1,1,
cnr-08648,test,27,1,1,
cnr-08649,dev,56,1,1,
cnr-08650,test,16,1,1,
cnr-08651,test,3,1,1,
cnr-08652,test,33,1,1,
cnr-08653,test,20,1,1,
cnr-08654,test,19,1,1,
cnr-08655,dev,28,1,1,
cnr-08656,test,12,1,1,
cnr-08657,test,11,1,1,
cnr-08658,test,77,1,1,
cnr-08659,dev,26,1,1,
cnr-08660,test,71,1,1,
cnr-08661,dev,25,1,1,
cnr-08662,test,61,1,1,
cnr-08663,dev,11,1,1,
cnr-08664,test,35,1,1,
cnr-08665,dev,19,1,1,
cnr-08666,test,52,1,1,
cnr-08667,dev,16,1,1,
cnr-08668,test,17,1,1,
cnr-08669,test,22,1,1,
cnr-08670,test,25,1,1,
cnr-08671,test,26,1,1,
cnr-08672,test,15,1,1,
cnr-08673,test,98,1,1,
cnr-08674,dev,20,1,1,
cnr-08675,test,16,1,1,
cnr-08676,dev,15,1,1,
cnr-08677,test,10,1,1,
cnr-08678,test,20,1,1,
cnr-08679,dev,52,1,1,
cnr-08680,test,13,1,1,
cnr-08681,test,11,1,1,
cnr-08682,test,23,1,1,
cnr-08683,test,15,1,1,
cnr-08684,test,6,1,1,
cnr-08685,test,9,1,1,
cnr-08686,test,34,1,1,
cnr-08687,test,20,1,1,
cnr-08688,dev,7,1,1,
cnr-08689,dev,64,1,1,
cnr-08690,test,27,1,1,
cnr-08691,test,12,1,1,
cnr-08692,test,20,1,1,
cnr-08693,dev,17,1,1,
cnr-08694,dev,20,1,1,
cnr-08695,test,26,1,1,
cnr-08696,dev,17,1,1,
cnr-08697,test,82,1,1,
cnr-08698,test,27,1,1,
cnr-08699,test,24,1,1,
cnr-08700,test,14,1,1,
cnr-08701,dev,12,1,1,
cnr-08702,dev,19,1,1,
cnr-08703,dev,22,1,1,
cnr-08704,test,16,1,1,
cnr-08705,test,14,1,1,
cnr-08706,dev,29,1,1,
cnr-08707,dev,4,1,1,
cnr-08708,dev,100,1,1,
cnr-08709,test,50,1,1,
cnr-08710,test,21,1,1,
cnr-08711,test,23,1,1,
cnr-08712,test,21,1,1,
cnr-08713,test,19,1,1,
cnr-08714,dev,11,1,1,
cnr-08715,dev,14,1,1,
cnr-08716,test,34,1,1,
cnr-08717,test,31,1,1,
cnr-08718,test,6,1,1,
cnr-08719,test,13,1,1,
cnr-08720,dev,3,1,1,
cnr-08721,test,20,1,1,
cnr-08722,test,71,1,1,
cnr-08723,test,32,1,1,
cnr-08724,dev,45,1,1,
cnr-08725,test,7,1,1,
cnr-08726,test,7,1,1,
cnr-08727,test,29,1,1,
cnr-08728,dev,101,1,1,
cnr-08729,test,19,1,1,
cnr-08730,test,6,1,1,
cnr-08731,dev,38,1,1,
cnr-08732,test,8,1,1,
cnr-08733,test,12,1,1,
cnr-08734,dev,15,1,1,
cnr-08735,test,27,1,1,
cnr-08736,test,17,1,1,
cnr-08737,dev,7,1,1,
cnr-08738,dev,20,1,1,
cnr-08739,dev,25,1,1,
cnr-08740,test,12,1,1,
cnr-08741,test,19,1,1,
cnr-08742,dev,8,1,1,
cnr-08743,test,11,1,1,
cnr-08744,dev,13,1,1,
cnr-08745,test,33,1,1,
cnr-08746,test,36,1,1,
cnr-08747,test,20,1,1,
cnr-08748,test,15,1,1,
cnr-08749,dev,22,1,1,
cnr-08750,test,17,1,1,
cnr-08751,test,84,1,1,
cnr-08752,test,16,1,1,
cnr-08753,dev,57,1,1,
cnr-08754,test,26,1,1,
cnr-08755,test,10,1,1,
cnr-08756,dev,18,1,1,
cnr-08757,dev,25,1,1,
cnr-08758,test,51,1,1,
cnr-08759,dev,12,1,1,
cnr-08760,test,29,1,1,
cnr-08761,test,28,1,1,
cnr-08762,test,9,1,1,
cnr-08763,dev,18,1,1,
cnr-08764,dev,21,1,1,
cnr-08765,test,17,1,1,
cnr-08766,test,20,1,1,
cnr-08767,test,21,1,1,
cnr-08768,test,22,1,1,
cnr-08769,test,16,1,1,
cnr-08770,test,38,1,1,
cnr-08771,test,30,1,1,
cnr-08772,test,43,1,1,
cnr-08773,test,17,1,1,
cnr-08774,dev,88,1,1,
cnr-08775,dev,19,1,1,
cnr-08776,test,15,1,1,
cnr-08777,test,12,1,1,
cnr-08778,test,36,1,1,
cnr-08779,test,26,1,1,
cnr-08780,dev,13,1,1,
cnr-08781,test,85,1,1,
cnr-08782,test,43,1,1,
cnr-08783,dev,31,1,1,
cnr-08784,dev,58,1,1,
cnr-08785,test,21,1,1,
cnr-08786,test,47,1,1,
cnr-08787,dev,79,1,1,
cnr-08788,dev,19,1,1,
cnr-08789,test,7,1,1,
cnr-08790,test,28,1,1,
cnr-08791,dev,13,1,1,
cnr-08792,test,19,1,1,
cnr-08793,dev,21,1,1,
cnr-08794,dev,46,1,1,
cnr-08795,test,22,1,1,
cnr-08796,test,40,1,1,
cnr-08797,test,21,1,1,
cnr-08798,test,79,1,1,
cnr-08799,test,12,1,1,
cnr-08800,test,12,1,1,
cnr-08801,test,13,1,1,
cnr-08802,test,17,1,1,
cnr-08803,dev,23,1,1,
cnr-08804,test,27,1,1,
cnr-08805,dev,2,1,1,
cnr-08806,test,26,1,1,
cnr-08807,test,68,1,1,
cnr-08808,test,15,1,1,
cnr-08809,dev,30,1,1,
cnr-08810,test,86,1,1,
cnr-08811,test,46,1,1,
cnr-08812,test,57,1,1,
cnr-08813,dev,20,1,1,
cnr-08814,dev,13,1,1,
cnr-08815,dev,30,1,1,
cnr-08816,test,32,1,1,
cnr-08817,test,26,1,1,
cnr-08818,dev,10,1,1,
cnr-08819,test,71,1,1,
cnr-08820,test,19,1,1,
cnr-08821,test,58,1,1,
cnr-08822,dev,17,1,1,
cnr-08823,test,19,1,1,
cnr-08824,test,19,1,1,
cnr-08825,test,22,1,1,
cnr-08826,dev,29,1,1,
cnr-08827,dev,69,1,1,
cnr-08828,dev,34,1,1,
cnr-08829,test,16,1,1,
cnr-08830,dev,37,1,1,
cnr-08831,test,6,1,1,
cnr-08832,test,53,1,1,
cnr-08833,test,8,1,1,
cnr-08834,dev,14,1,1,
cnr-08835,test,19,1,1,
cnr-08836,dev,44,1,1,
cnr-08837,test,82,1,1,
cnr-08838,test,13,1,1,
cnr-08839,test,26,1,1,
cnr-08840,test,31,1,1,
cnr-08841,test,20,1,1,
cnr-08842,dev,75,1,1,
cnr-08843,test,9,1,1,
cnr-08844,test,14,1,1,
cnr-08845,test,4,1,1,
cnr-08846,test,27,1,1,
cnr-08847,test,18,1,1,
cnr-08848,test,4,1,1,
cnr-08849,test,7,1,1,
cnr-08850,test,37,1,1,
cnr-08851,test,23,1,1,
cnr-08852,test,17,1,1,
cnr-08853,test,10,1,1,
cnr-08854,test,9,1,1,
cnr-08855,dev,14,1,1,
cnr-08856,test,34,1,1,
cnr-08857,dev,29,1,1,
cnr-08858,dev,12,1,1,
cnr-08859,test,19,1,1,
cnr-08860,dev,74,1,1,
cnr-08861,test,26,1,1,
cnr-08862,test,20,1,1,
cnr-08863,dev,13,1,1,
cnr-08864,dev,12,1,1,
cnr-08865,test,9,1,1,
cnr-08866,test,16,1,1,
cnr-08867,test,22,1,1,
cnr-08868,test,19,1,1,
cnr-08869,test,12,1,1,
cnr-08870,dev,31,1,1,
cnr-08871,test,6,1,1,
cnr-08872,test,39,1,1,
cnr-08873,dev,98,1,1,
cnr-08874,test,1,1,1,
cnr-08875,dev,19,1,1,
cnr-08876,test,93,1,1,
cnr-08877,dev,29,1,1,
cnr-08878,test,26,1,1,
cnr-08879,dev,20,1,1,
cnr-08880,test,37,1,1,
cnr-08881,test,96,1,1,
cnr-08882,dev,12,1,1,
cnr-08883,dev,37,1,1,
cnr-08884,test,16,1,1,
cnr-08885,test,64,1,1,
cnr-08886,test,18,1,1,
cnr-08887,dev,34,1,1,
cnr-08888,dev,23,1,1,
cnr-08889,test,34,1,1,
cnr-08890,dev,14,1,1,
cnr-08891,test,10,1,1,
cnr-08892,dev,10,1,1,
cnr-08893,dev,18,1,1,
cnr-08894,dev,24,1,1,
cnr-08895,test,23,1,1,
cnr-08896,test,31,1,1,
cnr-08897,test,24,1,1,
cnr-08898,test,16,1,1,
cnr-08899,dev,12,1,1,
cnr-08900,dev,9,1,1,
cnr-08901,test,36,1,1,
cnr-08902,dev,16,1,1,
cnr-08903,test,49,1,1,
cnr-08904,dev,15,1,1,
cnr-08905,test,9,1,1,
cnr-08906,test,27,1,1,
cnr-08907,test,80,1,1,
cnr-08908,test,3,1,1,
cnr-08909,test,21,1,1,
cnr-08910,test,27,1,1,
cnr-08911,test,17,1,1,
cnr-08912,test,18,1,1,
cnr-08913,test,18,1,1,
cnr-08914,test,17,1,1,
cnr-08915,dev,17,1,1,
cnr-08916,dev,34,1,1,
cnr-08917,test,13,1,1,
cnr-08918,dev,126,1,1,
cnr-08919,dev,62,1,1,
cnr-08920,test,41,1,1,
cnr-08921,test,28,1,1,
cnr-08922,dev,17,1,1,
cnr-08923,test,16,1,1,
cnr-08924,test,28,1,1,
cnr-08925,test,46,1,1,
cnr-08926,test,22,1,1,
cnr-08927,dev,39,1,1,
cnr-08928,test,38,1,1,
cnr-08929,dev,5,1,1,
cnr-08930,test,46,1,1,
cnr-08931,test,22,1,1,
cnr-08932,dev,24,1,1,
cnr-08933,test,7,1,1,
cnr-08934,test,28,1,1,
cnr-08935,test,8,1,1,
cnr-08936,test,43,1,1,
cnr-08937,test,12,1,1,
cnr-08938,test,19,1,1,
cnr-08939,dev,19,1,1,
cnr-08940,test,18,1,1,
cnr-08941,dev,41,1,1,
cnr-08942,dev,20,1,1,
cnr-08943,dev,45,1,1,
cnr-08944,test,7,1,1,
cnr-08945,test,75,1,1,
cnr-08946,test,22,1,1,
cnr-08947,test,14,1,1,
cnr-08948,test,25,1,1,
cnr-08949,test,28,1,1,
cnr-08950,dev,60,1,1,
cnr-08951,test,16,1,1,
cnr-08952,test,19,1,1,
cnr-08953,dev,26,1,1,
cnr-08954,test,17,1,1,
cnr-08955,test,21,1,1,
cnr-08956,test,24,1,1,
cnr-08957,test,15,1,1,
cnr-08958,test,11,1,1,
cnr-08959,test,11,1,1,
cnr-08960,test,18,1,1,
cnr-08961,dev,58,1,1,
cnr-08962,test,14,1,1,
cnr-08963,test,55,1,1,
cnr-08964,test,13,1,1,
cnr-08965,dev,36,1,1,
cnr-08966,dev,25,1,1,
cnr-08967,test,25,1,1,
cnr-08968,dev,20,1,1,
cnr-08969,dev,30,1,1,
cnr-08970,dev,15,1,1,
cnr-08971,dev,28,1,1,
cnr-08972,test,20,1,1,
cnr-08973,test,8,1,1,
cnr-08974,test,24,1,1,
cnr-08975,dev,18,1,1,
cnr-08976,test,24,1,1,
cnr-08977,test,19,1,1,
cnr-08978,test,7,1,1,
cnr-08979,test,10,1,1,
cnr-08980,test,82,1,1,
cnr-08981,test,21,1,1,
cnr-08982,test,29,1,1,
cnr-08983,dev,5,1,1,
cnr-08984,test,16,1,1,
cnr-08985,test,66,1,1,
cnr-08986,test,12,1,1,
cnr-08987,test,9,1,1,
cnr-08988,dev,15,1,1,
cnr-08989,test,21,1,1,
cnr-08990,test,10,1,1,
cnr-08991,test,16,1,1,
cnr-08992,test,84,1,1,
cnr-08993,dev,57,1,1,
cnr-08994,test,14,1,1,
cnr-08995,dev,15,1,1,
cnr-08996,test,26,1,1,
cnr-08997,test,10,1,1,
cnr-08998,test,43,1,1,
cnr-08999,test,53,1,1,
cnr-09000,dev,27,1,1,
cnr-09001,test,7,1,1,
cnr-09002,test,11,1,1,
cnr-09003,dev,47,1,1,
cnr-09004,test,15,1,1,
cnr-09005,test,10,1,1,
cnr-09006,test,42,1,1,
cnr-09007,test,10,1,1,
cnr-09008,dev,6,1,1,
cnr-09009,dev,39,1,1,
cnr-09010,test,8,1,1,
cnr-09011,test,48,1,1,
cnr-09012,test,18,1,1,
cnr-09013,test,16,1,1,
cnr-09014,test,25,1,1,
cnr-09015,dev,52,1,1,
cnr-09016,dev,22,1,1,
cnr-09017,test,27,1,1,
cnr-09018,test,21,1,1,
cnr-09019,test,67,1,1,
cnr-09020,test,30,1,1,
cnr-09021,test,10,1,1,
cnr-09022,test,29,1,1,
cnr-09023,dev,17,1,1,
cnr-09024,test,50,1,1,
cnr-09025,dev,31,1,1,
cnr-09026,test,43,1,1,
cnr-09027,dev,30,1,1,
cnr-09028,test,20,1,1,
cnr-09029,test,9,1,1,
cnr-09030,test,74,1,1,
cnr-09031,test,15,1,1,
cnr-09032,test,24,1,1,
cnr-09033,test,17,1,1,
cnr-09034,test,24,1,1,
cnr-09035,dev,11,1,1,
cnr-09036,test,15,1,1,
cnr-09037,test,14,1,1,
cnr-09038,test,25,1,1,
cnr-09039,test,34,1,1,
cnr-09040,test,31,1,1,
cnr-09041,test,12,1,1,
cnr-09042,test,24,1,1,
cnr-09043,test,33,1,1,
cnr-09044,dev,16,1,1,
cnr-09045,dev,36,1,1,
cnr-09046,test,42,1,1,
cnr-09047,test,19,1,1,
cnr-09048,test,40,1,1,
cnr-09049,test,28,1,1,
cnr-09050,dev,79,1,1,
cnr-09051,test,16,1,1,
cnr-09052,test,22,1,1,
cnr-09053,test,13,1,1,
cnr-09054,test,21,1,1,
cnr-09055,dev,21,1,1,
cnr-09056,dev,39,1,1,
cnr-09057,test,27,1,1,
cnr-09058,test,17,1,1,
cnr-09059,test,19,1,1,
cnr-09060,test,18,1,1,
cnr-09061,test,12,1,1,
cnr-09062,dev,13,1,1,
cnr-09063,test,12,1,1,
cnr-09064,test,18,1,1,
cnr-09065,test,11,1,1,
cnr-09066,test,6,1,1,
cnr-09067,dev,16,1,1,
cnr-09068,test,8,1,1,
cnr-09069,test,49,1,1,
cnr-09070,test,10,1,1,
cnr-09071,test,14,1,1,
cnr-09072,test,22,1,1,
cnr-09073,test,42,1,1,
cnr-09074,dev,9,1,1,
cnr-09075,test,11,1,1,
cnr-09076,test,18,1,1,
cnr-09077,dev,26,1,1,
cnr-09078,test,5,1,1,
cnr-09079,test,32,1,1,
cnr-09080,test,3,1,1,
cnr-09081,dev,14,1,1,
cnr-09082,test,22,1,1,
cnr-09083,test,12,1,1,
cnr-09084,dev,22,1,1,
cnr-09085,dev,20,1,1,
cnr-09086,dev,14,1,1,
cnr-09087,test,47,1,1,
cnr-09088,dev,8,1,1,
cnr-09089,test,45,1,1,
cnr-09090,test,14,1,1,
cnr-09091,test,12,1,1,
cnr-09092,dev,11,1,1,
cnr-09093,test,15,1,1,
cnr-09094,test,14,1,1,
cnr-09095,dev,7,1,1,
cnr-09096,test,18,1,1,
cnr-09097,test,45,1,1,
cnr-09098,test,22,1,1,
cnr-09099,test,61,1,1,
cnr-09100,dev,38,1,1,
cnr-09101,dev,16,1,1,
cnr-09102,dev,13,1,1,
cnr-09103,test,14,1,1,
cnr-09104,dev,13,1,1,
cnr-09105,dev,74,1,1,
cnr-09106,test,14,1,1,
cnr-09107,test,22,1,1,
cnr-09108,dev,46,1,1,
cnr-09109,test,10,1,1,
cnr-09110,test,14,1,1,
cnr-09111,test,44,1,1,
cnr-09112,dev,21,1,1,
cnr-09113,dev,38,1,1,
cnr-09114,test,24,1,1,
cnr-09115,test,77,1,1,
cnr-09116,dev,12,1,1,
cnr-09117,test,10,1,1,
cnr-09118,test,10,1,1,
cnr-09119,dev,70,1,1,
cnr-09120,test,57,1,1,
cnr-09121,dev,47,1,1,
cnr-09122,test,11,1,1,
cnr-09123,test,16,1,1,
cnr-09124,test,59,1,1,
cnr-09125,test,9,1,1,
cnr-09126,dev,31,1,1,
cnr-09127,dev,65,1,1,
cnr-09128,test,18,1,1,
cnr-09129,test,15,1,1,
cnr-09130,test,12,1,1,
cnr-09131,test,29,1,1,
cnr-09132,test,27,1,1,
cnr-09133,dev,8,1,1,
cnr-09134,dev,57,1,1,
cnr-09135,test,17,1,1,
cnr-09136,test,14,1,1,
cnr-09137,dev,35,1,1,
cnr-09138,dev,17,1,1,
cnr-09139,dev,16,1,1,
cnr-09140,test,3,1,1,
cnr-09141,test,18,1,1,
cnr-09142,test,14,1,1,
cnr-09143,dev,37,1,1,
cnr-09144,test,32,1,1,
cnr-09145,test,12,1,1,
cnr-09146,dev,48,1,1,
cnr-09147,test,25,1,1,
cnr-09148,test,11,1,1,
cnr-09149,test,30,1,1,
cnr-09150,dev,11,1,1,
cnr-09151,test,22,1,1,
cnr-09152,test,10,1,1,
cnr-09153,dev,25,1,1,
cnr-09154,dev,38,1,1,
cnr-09155,test,61,1,1,
cnr-09156,dev,18,1,1,
cnr-09157,test,51,1,1,
cnr-09158,test,27,1,1,
cnr-09159,test,41,1,1,
cnr-09160,test,30,1,1,
cnr-09161,test,20,1,1,
cnr-09162,test,25,1,1,
cnr-09163,test,16,1,1,
cnr-09164,dev,26,1,1,
cnr-09165,test,15,1,1,
cnr-09166,dev,19,1,1,
cnr-09167,test,22,1,1,
cnr-09168,test,27,1,1,
cnr-09169,test,32,1,1,
cnr-09170,test,20,1,1,
cnr-09171,test,39,1,1,
cnr-09172,test,21,1,1,
cnr-09173,test,17,1,1,
cnr-09174,test,29,1,1,
cnr-09175,dev,59,1,1,
cnr-09176,test,18,1,1,
cnr-09177,test,16,1,1,
cnr-09178,dev,22,1,1,
cnr-09179,dev,8,1,1,
cnr-09180,test,34,1,1,
cnr-09181,test,14,1,1,
cnr-09182,test,5,1,1,
cnr-09183,test,12,1,1,
cnr-09184,test,12,1,1,
cnr-09185,test,17,1,1,
cnr-09186,dev,89,1,1,
cnr-09187,test,17,1,1,
cnr-09188,test,65,1,1,
cnr-09189,test,33,1,1,
cnr-09190,dev,23,1,1,
cnr-09191,test,33,1,1,
cnr-09192,test,45,1,1,
cnr-09193,dev,8,1,1,
cnr-09194,test,8,1,1,
cnr-09195,dev,111,1,1,
cnr-09196,dev,31,1,1,
cnr-09197,test,14,1,1,
cnr-09198,test,28,1,1,
cnr-09199,dev,12,1,1,
cnr-09200,dev,25,1,1,
cnr-09201,test,26,1,1,
cnr-09202,test,28,1,1,
cnr-09203,dev,18,1,1,
cnr-09204,dev,20,1,1,
cnr-09205,test,24,1,1,
cnr-09206,test,31,1,1,
cnr-09207,test,9,1,1,
cnr-09208,test,15,1,1,
cnr-09209,dev,23,1,1,
cnr-09210,test,25,1,1,
cnr-09211,test,59,1,1,
cnr-09212,test,24,1,1,
cnr-09213,test,23,1,1,
cnr-09214,test,38,1,1,
cnr-09215,test,12,1,1,
cnr-09216,test,14,1,1,
cnr-09217,test,17,1,1,
cnr-09218,test,15,1,1,
cnr-09219,test,38,1,1,
cnr-09220,dev,27,1,1,
cnr-09221,test,47,1,1,
cnr-09222,test,22,1,1,
cnr-09223,test,9,1,1,
cnr-09224,test,20,1,1,
cnr-09225,test,12,1,1,
cnr-09226,dev,12,1,1,
cnr-09227,test,21,1,1,
cnr-09228,test,9,1,1,
cnr-09229,test,18,1,1,
cnr-09230,test,19,1,1,
cnr-09231,test,13,1,1,
cnr-09232,test,44,1,1,
cnr-09233,test,17,1,1,
cnr-09234,test,61,1,1,
cnr-09235,test,33,1,1,
cnr-09236,dev,29,1,1,
cnr-09237,test,18,1,1,
cnr-09238,dev,36,1,1,
cnr-09239,test,14,1,1,
cnr-09240,test,22,1,1,
cnr-09241,test,38,1,1,
cnr-09242,test,17,1,1,
cnr-09243,test,106,1,1,
cnr-09244,test,19,1,1,
cnr-09245,test,42,1,1,
cnr-09246,test,11,1,1,
cnr-09247,test,17,1,1,
cnr-09248,dev,34,1,1,
cnr-09249,dev,23,1,1,
cnr-09250,test,38,1,1,
cnr-09251,dev,33,1,1,
cnr-09252,dev,20,1,1,
cnr-09253,test,17,1,1,
cnr-09254,test,34,1,1,
cnr-09255,test,17,1,1,
cnr-09256,dev,45,1,1,
cnr-09257,dev,15,1,1,
cnr-09258,test,11,1,1,
cnr-09259,dev,17,1,1,
cnr-09260,test,24,1,1,
cnr-09261,test,28,1,1,
cnr-09262,test,67,1,1,
cnr-09263,test,10,1,1,
cnr-09264,dev,45,1,1,
cnr-09265,test,83,1,1,
cnr-09266,test,12,1,1,
cnr-09267,dev,19,1,1,
cnr-09268,dev,21,1,1,
cnr-09269,test,19,1,1,
cnr-09270,test,26,1,1,
cnr-09271,test,85,1,1,
cnr-09272,test,25,1,1,
cnr-09273,test,26,1,1,
cnr-09274,dev,17,1,1,
cnr-09275,test,13,1,1,
cnr-09276,dev,8,1,1,
cnr-09277,dev,18,1,1,
cnr-09278,test,15,1,1,
cnr-09279,test,22,1,1,
cnr-09280,dev,21,1,1,
cnr-09281,test,35,1,1,
cnr-09282,test,20,1,1,
cnr-09283,test,31,1,1,
cnr-09284,test,12,1,1,
cnr-09285,test,38,1,1,
cnr-09286,test,11,1,1,
cnr-09287,dev,15,1,1,
cnr-09288,dev,26,1,1,
cnr-09289,test,68,1,1,
cnr-09290,test,24,1,1,
cnr-09291,test,59,1,1,
cnr-09292,test,12,1,1,
cnr-09293,test,9,1,1,
cnr-09294,test,64,1,1,
cnr-09295,test,21,1,1,
cnr-09296,test,76,1,1,
cnr-09297,test,19,1,1,
cnr-09298,test,99,1,1,
cnr-09299,test,20,1,1,
cnr-09300,test,22,1,1,
cnr-09301,dev,9,1,1,
cnr-09302,test,18,1,1,
cnr-09303,test,66,1,1,
cnr-09304,dev,10,1,1,
cnr-09305,test,15,1,1,
cnr-09306,test,20,1,1,
cnr-09307,test,48,1,1,
cnr-09308,dev,20,1,1,
cnr-09309,test,70,1,1,
cnr-09310,test,26,1,1,
cnr-09311,test,30,1,1,
cnr-09312,dev,8,1,1,
cnr-09313,test,13,1,1,
cnr-09314,dev,17,1,1,
cnr-09315,dev,13,1,1,
cnr-09316,test,44,1,1,
cnr-09317,dev,95,1,1,
cnr-09318,test,14,1,1,
cnr-09319,test,26,1,1,
cnr-09320,test,16,1,1,
cnr-09321,test,33,1,1,
cnr-09322,dev,19,1,1,
cnr-09323,dev,22,1,1,
cnr-09324,test,7,1,1,
cnr-09325,test,5,1,1,
cnr-09326,test,15,1,1,
cnr-09327,dev,50,1,1,
cnr-09328,dev,16,1,1,
cnr-09329,dev,23,1,1,
cnr-09330,test,29,1,1,
cnr-09331,dev,18,1,1,
cnr-09332,test,37,1,1,
cnr-09333,dev,23,1,1,
cnr-09334,test,9,1,1,
cnr-09335,test,73,1,1,
cnr-09336,dev,20,1,1,
cnr-09337,dev,21,1,1,
cnr-09338,test,35,1,1,
cnr-09339,dev,43,1,1,
cnr-09340,test,55,1,1,
cnr-09341,test,18,1,1,
cnr-09342,test,48,1,1,
cnr-09343,test,73,1,1,
cnr-09344,test,31,1,1,
cnr-09345,test,20,1,1,
cnr-09346,test,53,1,1,
cnr-09347,test,12,1,1,
cnr-09348,test,18,1,1,
cnr-09349,dev,19,1,1,
cnr-09350,test,8,1,1,
cnr-09351,dev,52,1,1,
cnr-09352,dev,26,1,1,
cnr-09353,test,17,1,1,
cnr-09354,dev,9,1,1,
cnr-09355,dev,52,1,1,
cnr-09356,test,16,1,1,
cnr-09357,test,40,1,1,
cnr-09358,test,34,1,1,
cnr-09359,dev,22,1,1,
cnr-09360,test,40,1,1,
cnr-09361,dev,15,1,1,
cnr-09362,dev,14,1,1,
cnr-09363,test,13,1,1,
cnr-09364,test,10,1,1,
cnr-09365,test,19,1,1,
cnr-09366,test,59,1,1,
cnr-09367,dev,29,1,1,
cnr-09368,dev,37,1,1,
cnr-09369,test,9,1,1,
cnr-09370,test,19,1,1,
cnr-09371,test,18,1,1,
cnr-09372,dev,97,1,1,
cnr-09373,test,13,1,1,
cnr-09374,test,38,1,1,
cnr-09375,dev,15,1,1,
cnr-09376,dev,6,1,1,
cnr-09377,dev,23,1,1,
cnr-09378,dev,63,1,1,
cnr-09379,test,14,1,1,
cnr-09380,test,28,1,1,
cnr-09381,dev,59,1,1,
cnr-09382,test,34,1,1,
cnr-09383,dev,40,1,1,
cnr-09384,test,16,1,1,
cnr-09385,dev,20,1,1,
cnr-09386,test,21,1,1,
cnr-09387,dev,15,1,1,
cnr-09388,test,11,1,1,
cnr-09389,dev,11,1,1,
cnr-09390,dev,21,1,1,
cnr-09391,test,39,1,1,
cnr-09392,test,23,1,1,
cnr-09393,dev,24,1,1,
cnr-09394,test,9,1,1,
cnr-09395,dev,35,1,1,
cnr-09396,test,24,1,1,
cnr-09397,test,16,1,1,
cnr-09398,test,14,1,1,
cnr-09399,dev,18,1,1,
cnr-09400,dev,17,1,1,
cnr-09401,test,14,1,1,
cnr-09402,dev,31,1,1,
cnr-09403,dev,27,1,1,
cnr-09404,test,5,1,1,
cnr-09405,test,68,1,1,
cnr-09406,test,29,1,1,
cnr-09407,dev,15,1,1,
cnr-09408,test,18,1,1,
cnr-09409,test,6,1,1,
cnr-09410,dev,30,1,1,
cnr-09411,dev,47,1,1,
cnr-09412,test,13,1,1,
cnr-09413,test,4,1,1,
cnr-09414,test,11,1,1,
cnr-09415,test,23,1,1,
cnr-09416,test,14,1,1,
cnr-09417,dev,6,1,1,
cnr-09418,test,21,1,1,
cnr-09419,dev,16,1,1,
cnr-09420,dev,21,1,1,
cnr-09421,test,19,1,1,
cnr-09422,test,88,1,1,
cnr-09423,test,9,1,1,
cnr-09424,dev,49,1,1,
cnr-09425,test,15,1,1,
cnr-09426,dev,6,1,1,
cnr-09427,test,18,1,1,
cnr-09428,dev,13,1,1,
cnr-09429,test,65,1,1,
cnr-09430,dev,18,1,1,
cnr-09431,test,66,1,1,
cnr-09432,test,26,1,1,
cnr-09433,test,13,1,1,
cnr-09434,test,16,1,1,
cnr-09435,test,77,1,1,
cnr-09436,test,18,1,1,
cnr-09437,test,4,1,1,
cnr-09438,test,31,1,1,
cnr-09439,test,5,1,1,
cnr-09440,dev,13,1,1,
cnr-09441,dev,10,1,1,
cnr-09442,dev,14,1,1,
cnr-09443,dev,22,1,1,
cnr-09444,test,31,1,1,
cnr-09445,dev,13,1,1,
cnr-09446,test,3,1,1,
cnr-09447,dev,85,1,1,
cnr-09448,dev,29,1,1,
cnr-09449,test,22,1,1,
cnr-09450,test,18,1,1,
cnr-09451,test,35,1,1,
cnr-09452,test,12,1,1,
cnr-09453,test,42,1,1,
cnr-09454,dev,13,1,1,
cnr-09455,test,43,1,1,
cnr-09456,test,12,1,1,
cnr-09457,test,54,1,1,
cnr-09458,test,21,1,1,
cnr-09459,test,10,1,1,
cnr-09460,dev,8,1,1,
cnr-09461,test,39,1,1,
cnr-09462,test,42,1,1,
cnr-09463,test,18,1,1,
cnr-09464,dev,65,1,1,
cnr-09465,test,21,1,1,
cnr-09466,test,28,1,1,
cnr-09467,test,12,1,1,
cnr-09468,test,38,1,1,
cnr-09469,test,40,1,1,
cnr-09470,test,15,1,1,
cnr-09471,test,26,1,1,
cnr-09472,dev,74,1,1,
cnr-09473,test,18,1,1,
cnr-09474,test,19,1,1,
cnr-09475,test,32,1,1,
cnr-09476,test,13,1,1,
cnr-09477,dev,47,1,1,
cnr-09478,test,16,1,1,
cnr-09479,test,29,1,1,
cnr-09480,test,11,1,1,
cnr-09481,dev,13,1,1,
cnr-09482,dev,47,1,1,
cnr-09483,test,51,1,1,
cnr-09484,test,16,1,1,
cnr-09485,test,19,1,1,
cnr-09486,test,9,1,1,
cnr-09487,test,39,1,1,
cnr-09488,dev,13,1,1,
cnr-09489,dev,22,1,1,
cnr-09490,test,7,1,1,
cnr-09491,test,43,1,1,
cnr-09492,dev,30,1,1,
cnr-09493,test,13,1,1,
cnr-09494,test,8,1,1,
cnr-09495,test,26,1,1,
cnr-09496,dev,62,1,1,
cnr-09497,test,55,1,1,
cnr-09498,dev,56,1,1,
cnr-09499,test,12,1,1,
cnr-09500,test,27,1,1,
cnr-09501,test,45,1,1,
cnr-09502,test,24,1,1,
cnr-09503,test,17,1,1,
cnr-09504,test,27,1,1,
cnr-09505,test,23,1,1,
cnr-09506,test,12,1,1,
cnr-09507,test,31,1,1,
cnr-09508,test,17,1,1,
cnr-09509,test,14,1,1,
cnr-09510,test,37,1,1,
cnr-09511,dev,27,1,1,
cnr-09512,test,14,1,1,
cnr-09513,dev,38,1,1,
cnr-09514,dev,98,1,1,
cnr-09515,test,8,1,1,
cnr-09516,dev,14,1,1,
cnr-09517,dev,65,1,1,
cnr-09518,test,23,1,1,
cnr-09519,test,13,1,1,
cnr-09520,test,46,1,1,
cnr-09521,test,16,1,1,
cnr-09522,test,26,1,1,
cnr-09523,test,39,1,1,
cnr-09524,test,61,1,1,
cnr-09525,test,48,1,1,
cnr-09526,test,9,1,1,
cnr-09527,test,33,1,1,
cnr-09528,test,12,1,1,
cnr-09529,test,14,1,1,
cnr-09530,test,9,1,1,
cnr-09531,test,23,1,1,
cnr-09532,dev,71,1,1,
cnr-09533,test,28,1,1,
cnr-09534,dev,16,1,1,
cnr-09535,dev,28,1,1,
cnr-09536,test,9,1,1,
cnr-09537,test,6,1,1,
cnr-09538,test,89,1,1,
cnr-09539,test,35,1,1,
cnr-09540,test,47,1,1,
cnr-09541,test,15,1,1,
cnr-09542,test,35,1,1,
cnr-09543,test,15,1,1,
cnr-09544,test,25,1,1,
cnr-09545,test,30,1,1,
cnr-09546,dev,47,1,1,
cnr-09547,test,21,1,1,
cnr-09548,test,6,1,1,
cnr-09549,test,19,1,1,
cnr-09550,test,16,1,1,
cnr-09551,test,18,1,1,
cnr-09552,dev,17,1,1,
cnr-09553,test,52,1,1,
cnr-09554,test,25,1,1,
cnr-09555,test,9,1,1,
cnr-09556,test,14,1,1,
cnr-09557,dev,78,1,1,
cnr-09558,test,13,1,1,
cnr-09559,test,17,1,1,
cnr-09560,dev,36,1,1,
cnr-09561,dev,28,1,1,
cnr-09562,dev,30,1,1,
cnr-09563,dev,44,1,1,
cnr-09564,dev,15,1,1,
cnr-09565,dev,16,1,1,
cnr-09566,test,14,1,1,
cnr-09567,test,22,1,1,
cnr-09568,test,16,1,1,
cnr-09569,test,35,1,1,
cnr-09570,test,25,1,1,
cnr-09571,test,9,1,1,
cnr-09572,test,19,1,1,
cnr-09573,dev,23,1,1,
cnr-09574,dev,27,1,1,
cnr-09575,dev,23,1,1,
cnr-09576,test,18,1,1,
cnr-09577,test,15,1,1,
cnr-09578,test,17,1,1,
cnr-09579,test,11,1,1,
cnr-09580,dev,31,1,1,
cnr-09581,test,31,1,1,
cnr-09582,test,6,1,1,
cnr-09583,dev,19,1,1,
cnr-09584,test,49,1,1,
cnr-09585,dev,18,1,1,
cnr-09586,test,16,1,1,
cnr-09587,test,11,1,1,
cnr-09588,dev,38,1,1,
cnr-09589,test,14,1,1,
cnr-09590,test,72,1,1,
cnr-09591,test,18,1,1,
cnr-09592,test,28,1,1,
cnr-09593,dev,16,1,1,
cnr-09594,test,45,1,1,
cnr-09595,test,28,1,1,
cnr-09596,test,19,1,1,
cnr-09597,test,21,1,1,
cnr-09598,test,21,1,1,
cnr-09599,test,9,1,1,
cnr-09600,test,10,1,1,
cnr-09601,dev,30,1,1,
cnr-09602,test,30,1,1,
cnr-09603,test,24,1,1,
cnr-09604,test,12,1,1,
cnr-09605,dev,10,1,1,
cnr-09606,test,23,1,1,
cnr-09607,test,77,1,1,
cnr-09608,test,19,1,1,
cnr-09609,test,58,1,1,
cnr-09610,test,43,1,1,
cnr-09611,test,20,1,1,
cnr-09612,test,15,1,1,
cnr-09613,dev,2,1,1,
cnr-09614,test,9,1,1,
cnr-09615,test,23,1,1,
cnr-09616,test,36,1,1,
cnr-09617,dev,10,1,1,
cnr-09618,test,22,1,1,
cnr-09619,test,8,1,1,
cnr-09620,test,1,1,1,
cnr-09621,test,22,1,1,
cnr-09622,test,23,1,1,
cnr-09623,test,67,1,1,
cnr-09624,dev,68,1,1,
cnr-09625,test,41,1,1,
cnr-09626,test,47,1,1,
cnr-09627,test,26,1,1,
cnr-09628,dev,20,1,1,
cnr-09629,test,8,1,1,
cnr-09630,test,8,1,1,
cnr-09631,test,9,1,1,
cnr-09632,test,12,1,1,
cnr-09633,test,18,1,1,
cnr-09634,dev,38,1,1,
cnr-09635,test,69,1,1,
cnr-09636,test,22,1,1,
cnr-09637,test,23,1,1,
cnr-09638,test,15,1,1,
cnr-09639,test,5,1,1,
cnr-09640,dev,38,1,1,
cnr-09641,test,51,1,1,
cnr-09642,test,19,1,1,
cnr-09643,dev,0,1,0,empty_cluster
cnr-09644,test,18,1,1,
cnr-09645,dev,45,1,1,
cnr-09646,dev,26,1,1,
cnr-09647,test,21,1,1,
cnr-09648,test,8,1,1,
cnr-09649,test,20,1,1,
cnr-09650,test,2,1,1,
cnr-09651,test,35,1,1,
cnr-09652,dev,24,1,1,
cnr-09653,test,31,1,1,
cnr-09654,test,13,1,1,
cnr-09655,dev,11,1,1,
cnr-09656,test,5,1,1,
cnr-09657,dev,17,1,1,
cnr-09658,dev,8,1,1,
cnr-09659,dev,0,1,0,empty_cluster
cnr-09660,test,43,1,1,
cnr-09661,dev,9,1,1,
cnr-09662,test,19,1,1,
cnr-09663,test,11,1,1,
cnr-09664,test,17,1,1,
cnr-09665,dev,9,1,1,
cnr-09666,test,14,1,1,
cnr-09667,dev,0,1,0,empty_cluster
cnr-09668,test,6,1,1,
cnr-09669,test,23,1,1,
cnr-09670,test,6,1,1,
cnr-09671,test,5,1,1,
cnr-09672,test,13,1,1,
cnr-09673,test,24,1,1,
cnr-09674,test,12,1,1,
cnr-09675,dev,24,1,1,
cnr-09676,test,5,1,1,
cnr-09677,test,5,1,1,
cnr-09678,dev,0,1,0,empty_cluster
cnr-09679,test,13,1,1,
cnr-09680,test,12,1,1,
cnr-09681,test,15,1,1,
cnr-09682,test,8,1,1,
cnr-09683,dev,11,1,1,
cnr-09684,test,10,1,1,
cnr-09685,test,14,1,1,
cnr-09686,test,12,1,1,
cnr-09687,test,10,1,1,
cnr-09688,test,23,1,1,
cnr-09689,test,26,1,1,
cnr-09690,test,13,1,1,
cnr-09691,dev,19,1,1,
cnr-09692,dev,2,1,1,
cnr-09693,dev,50,1,1,
cnr-09694,test,24,1,1,
cnr-09695,test,39,1,1,
cnr-09696,test,3,1,1,
cnr-09697,test,19,1,1,
cnr-09698,test,23,1,1,
cnr-09699,test,37,1,1,
cnr-09700,test,13,1,1,
cnr-09701,test,0,1,0,empty_cluster
cnr-09702,dev,39,1,1,
cnr-09703,test,4,1,1,
cnr-09704,dev,12,1,1,
cnr-09705,test,43,1,1,
cnr-09706,dev,20,1,1,
cnr-09707,dev,12,1,1,
cnr-09708,dev,24,1,1,
cnr-09709,dev,8,1,1,
cnr-09710,dev,16,1,1,
cnr-09711,test,16,1,1,
cnr-09712,test,5,1,1,
cnr-09713,test,22,1,1,
cnr-09714,test,12,1,1,
cnr-09715,test,42,1,1,
cnr-09716,dev,6,1,1,
cnr-09717,dev,5,1,1,
cnr-09718,test,28,1,1,
cnr-09719,test,1,1,1,
cnr-09720,test,11,1,1,
cnr-09721,test,17,1,1,
cnr-09722,test,12,1,1,
cnr-09723,dev,17,1,1,
cnr-09724,dev,34,1,1,
cnr-09725,dev,13,1,1,
cnr-09726,dev,12,1,1,
cnr-09727,test,9,1,1,
cnr-09728,dev,8,1,1,
cnr-09729,test,25,1,1,
cnr-09730,test,60,1,1,
cnr-09731,test,8,1,1,
cnr-09732,test,13,1,1,
cnr-09733,test,17,1,1,
cnr-09734,test,15,1,1,
cnr-09735,test,11,1,1,
cnr-09736,dev,21,1,1,
cnr-09737,test,15,1,1,
cnr-09738,dev,29,1,1,
cnr-09739,test,31,1,1,
cnr-09740,dev,9,1,1,
cnr-09741,test,45,1,1,
cnr-09742,dev,20,1,1,
cnr-09743,dev,13,1,1,
cnr-09744,dev,5,1,1,
cnr-09745,test,20,1,1,
cnr-09746,test,19,1,1,
cnr-09747,dev,11,1,1,
cnr-09748,test,21,1,1,
cnr-09749,test,10,1,1,
cnr-09750,test,7,1,1,
cnr-09751,test,21,1,1,
cnr-09752,test,4,1,1,
cnr-09753,test,1,1,1,
cnr-09754,dev,14,1,1,
cnr-09755,test,29,1,1,
cnr-09756,test,56,1,1,
cnr-09757,test,7,1,1,
cnr-09758,test,3,1,1,
cnr-09759,test,45,1,1,
cnr-09760,dev,22,1,1,
cnr-09761,test,40,1,1,
cnr-09762,dev,9,1,1,
cnr-09763,test,0,1,0,empty_cluster
cnr-09764,test,10,1,1,
cnr-09765,test,7,1,1,
cnr-09766,dev,11,1,1,
cnr-09767,test,29,1,1,
cnr-09768,test,13,1,1,
cnr-09769,dev,5,1,1,
cnr-09770,dev,27,1,1,
cnr-09771,test,0,1,0,empty_cluster
cnr-09772,dev,26,1,1,
cnr-09773,dev,30,1,1,
cnr-09774,dev,34,1,1,
cnr-09775,test,11,1,1,
cnr-09776,test,5,1,1,
cnr-09777,test,22,1,1,
cnr-09778,dev,10,1,1,
cnr-09779,test,7,1,1,
cnr-09780,test,9,1,1,
cnr-09781,test,12,1,1,
cnr-09782,test,13,1,1,
cnr-09783,test,2,1,1,
cnr-09784,test,26,1,1,
cnr-09785,test,13,1,1,
cnr-09786,test,15,1,1,
cnr-09787,dev,15,1,1,
cnr-09788,dev,11,1,1,
cnr-09789,dev,2,1,1,
cnr-09790,dev,7,1,1,
cnr-09791,dev,15,1,1,
cnr-09792,test,16,1,1,
cnr-09793,test,1,1,1,
cnr-09794,test,21,1,1,
cnr-09795,dev,17,1,1,
cnr-09796,dev,23,1,1,
cnr-09797,test,15,1,1,
cnr-09798,test,20,1,1,
cnr-09799,dev,23,1,1,
cnr-09800,test,19,1,1,
cnr-09801,test,14,1,1,
cnr-09802,test,12,1,1,
cnr-09803,test,14,1,1,
cnr-09804,test,6,1,1,
cnr-09805,test,11,1,1,
cnr-09806,dev,19,1,1,
cnr-09807,test,29,1,1,
cnr-09808,dev,30,1,1,
cnr-09809,test,19,1,1,
cnr-09810,test,13,1,1,
cnr-09811,test,22,1,1,
cnr-09812,test,3,1,1,
cnr-09813,test,12,1,1,
cnr-09814,dev,13,1,1,
cnr-09815,dev,2,1,1,
cnr-09816,test,21,1,1,
cnr-09817,test,23,1,1,
cnr-09818,test,11,1,1,
cnr-09819,dev,33,1,1,
cnr-09820,dev,9,1,1,
cnr-09821,test,19,1,1,
cnr-09822,dev,19,1,1,
cnr-09823,test,1,1,1,
cnr-09824,test,7,1,1,
cnr-09825,test,5,1,1,
cnr-09826,dev,9,1,1,
cnr-09827,test,41,1,1,
cnr-09828,test,5,1,1,
cnr-09829,dev,21,1,1,
cnr-09830,dev,7,1,1,
cnr-09831,test,5,1,1,
cnr-09832,test,10,1,1,
cnr-09833,test,12,1,1,
cnr-09834,test,28,1,1,
cnr-09835,dev,0,1,0,empty_cluster
cnr-09836,dev,76,1,1,
cnr-09837,test,12,1,1,
cnr-09838,test,17,1,1,
cnr-09839,test,12,1,1,
cnr-09840,test,6,1,1,
cnr-09841,test,24,1,1,
cnr-09842,test,37,1,1,
cnr-09843,test,31,1,1,
cnr-09844,dev,21,1,1,
cnr-09845,test,23,1,1,
cnr-09846,test,4,1,1,
cnr-09847,test,49,1,1,
cnr-09848,test,0,1,0,empty_cluster
cnr-09849,test,11,1,1,
cnr-09850,test,11,1,1,
cnr-09851,dev,22,1,1,
cnr-09852,test,3,1,1,
cnr-09853,test,12,1,1,
cnr-09854,test,17,1,1,
cnr-09855,test,46,1,1,
cnr-09856,test,12,1,1,
cnr-09857,test,6,1,1,
cnr-09858,dev,9,1,1,
cnr-09859,test,19,1,1,
cnr-09860,test,2,1,1,
cnr-09861,dev,5,1,1,
cnr-09862,test,21,1,1,
cnr-09863,test,29,1,1,
cnr-09864,test,2,1,1,
cnr-09865,test,16,1,1,
cnr-09866,test,18,1,1,
cnr-09867,test,0,1,0,empty_cluster
cnr-09868,test,17,1,1,
cnr-09869,dev,0,1,0,empty_cluster
cnr-09870,test,23,1,1,
cnr-09871,dev,26,1,1,
cnr-09872,dev,12,1,1,
cnr-09873,test,35,1,1,
cnr-09874,dev,40,1,1,
cnr-09875,test,32,1,1,
cnr-09876,test,3,1,1,
cnr-09877,test,7,1,1,
cnr-09878,test,18,1,1,
cnr-09879,test,7,1,1,
cnr-09880,dev,15,1,1,
cnr-09881,test,16,1,1,
cnr-09882,dev,0,1,0,empty_cluster
cnr-09883,test,19,1,1,
cnr-09884,test,38,1,1,
cnr-09885,test,53,1,1,
cnr-09886,dev,23,1,1,
cnr-09887,test,10,1,1,
cnr-09888,test,8,1,1,
cnr-09889,test,11,1,1,
cnr-09890,dev,68,1,1,
cnr-09891,test,15,1,1,
cnr-09892,test,8,1,1,
cnr-09893,test,15,1,1,
cnr-09894,dev,3,1,1,
cnr-09895,test,22,1,1,
cnr-09896,dev,55,1,1,
cnr-09897,test,12,1,1,
cnr-09898,dev,9,1,1,
cnr-09899,test,12,1,1,
cnr-09900,dev,17,1,1,
cnr-09901,dev,18,1,1,
cnr-09902,dev,79,1,1,
cnr-09903,dev,15,1,1,
cnr-09904,test,20,1,1,
cnr-09905,test,7,1,1,
cnr-09906,test,7,1,1,
cnr-09907,dev,16,1,1,
cnr-09908,dev,5,1,1,
cnr-09909,test,15,1,1,
cnr-09910,test,7,1,1,
cnr-09911,test,33,1,1,
cnr-09912,dev,25,1,1,
cnr-09913,test,6,1,1,
cnr-09914,dev,16,1,1,
cnr-09915,test,9,1,1,
cnr-09916,test,0,1,0,empty_cluster
cnr-09917,test,22,1,1,
cnr-09918,test,41,1,1,
cnr-09919,dev,5,1,1,
cnr-09920,test,24,1,1,
cnr-09921,test,5,1,1,
cnr-09922,test,4,1,1,
cnr-09923,dev,10,1,1,
cnr-09924,test,19,1,1,
cnr-09925,test,5,1,1,
cnr-09926,test,20,1,1,
cnr-09927,test,6,1,1,
cnr-09928,test,6,1,1,
cnr-09929,test,11,1,1,
cnr-09930,test,15,1,1,
cnr-09931,dev,40,1,1,
cnr-09932,test,7,1,1,
cnr-09933,test,16,1,1,
cnr-09934,test,14,1,1,
cnr-09935,test,9,1,1,
cnr-09936,dev,12,1,1,
cnr-09937,test,13,1,1,
cnr-09938,test,18,1,1,
cnr-09939,test,4,1,1,
cnr-09940,test,13,1,1,
cnr-09941,test,11,1,1,
cnr-09942,test,18,1,1,
cnr-09943,dev,18,1,1,
cnr-09944,test,18,1,1,
cnr-09945,dev,13,1,1,
cnr-09946,dev,8,1,1,
cnr-09947,dev,5,1,1,
cnr-09948,test,13,1,1,
cnr-09949,test,76,1,1,
cnr-09950,test,24,1,1,
cnr-09951,test,9,1,1,
cnr-09952,dev,31,1,1,
cnr-09953,test,30,1,1,
cnr-09954,test,9,1,1,
cnr-09955,test,13,1,1,
cnr-09956,test,16,1,1,
cnr-09957,dev,6,1,1,
cnr-09958,test,25,1,1,
cnr-09959,test,13,1,1,
cnr-09960,dev,9,1,1,
cnr-09961,test,3,1,1,
cnr-09962,dev,8,1,1,
cnr-09963,test,4,1,1,
cnr-09964,test,11,1,1,
cnr-09965,dev,25,1,1,
cnr-09966,dev,66,1,1,
cnr-09967,test,12,1,1,
cnr-09968,test,0,1,0,empty_cluster
cnr-09969,test,13,1,1,
cnr-09970,test,25,1,1,
cnr-09971,dev,11,1,1,
cnr-09972,test,15,1,1,
cnr-09973,dev,9,1,1,
cnr-09974,test,12,1,1,
cnr-09975,test,7,1,1,
cnr-09976,dev,6,1,1,
cnr-09977,test,0,1,0,empty_cluster
cnr-09978,test,18,1,1,
cnr-09979,test,15,1,1,
cnr-09980,test,20,1,1,
cnr-09981,test,19,1,1,
cnr-09982,test,12,1,1,
cnr-09983,dev,5,1,1,
cnr-09984,test,14,1,1,
cnr-09985,test,2,1,1,
cnr-09986,dev,19,1,1,
cnr-09987,test,12,1,1,
cnr-09988,test,29,1,1,
cnr-09989,test,12,1,1,
cnr-09990,dev,12,1,1,
cnr-09991,test,0,1,0,empty_cluster
cnr-09992,test,7,1,1,
cnr-09993,dev,11,1,1,
cnr-09994,test,6,1,1,
cnr-09995,test,25,1,1,
cnr-09996,test,24,1,1,
cnr-09997,test,10,1,1,
cnr-09998,test,13,1,1,
cnr-09999,test,21,1,1,
cnr-10000,test,17,1,1,
