cluster_id,split,n_reads,eligible,engine_input,note
syn-e03_c05-dev-0001,dev,5,1,1,
syn-e03_c05-dev-0002,dev,5,1,1,
syn-e03_c05-dev-0003,dev,5,1,1,
syn-e03_c05-dev-0004,dev,5,1,1,
syn-e03_c05-dev-0005,dev,5,1,1,
syn-e03_c05-dev-0006,dev,5,1,1,
syn-e03_c05-dev-0007,dev,5,1,1,
syn-e03_c05-dev-0008,dev,5,1,1,
syn-e03_c05-dev-0009,dev,5,1,1,
syn-e03_c05-dev-0010,dev,5,1,1,
syn-e03_c05-dev-0011,dev,5,1,1,
syn-e03_c05-dev-0012,dev,5,1,1,
syn-e03_c05-dev-0013,dev,5,1,1,
syn-e03_c05-dev-0014,dev,5,1,1,
syn-e03_c05-dev-0015,dev,5,1,1,
syn-e03_c05-dev-0016,dev,5,1,1,
syn-e03_c05-dev-0017,dev,5,1,1,
syn-e03_c05-dev-0018,dev,5,1,1,
syn-e03_c05-dev-0019,dev,5,1,1,
syn-e03_c05-dev-0020,dev,5,1,1,
syn-e03_c05-dev-0021,dev,5,1,1,
syn-e03_c05-dev-0022,dev,5,1,1,
syn-e03_c05-dev-0023,dev,5,1,1,
syn-e03_c05-dev-0024,dev,5,1,1,
syn-e03_c05-dev-0025,dev,5,1,1,
syn-e03_c05-dev-0026,dev,5,1,1,
syn-e03_c05-dev-0027,dev,5,1,1,
syn-e03_c05-dev-0028,dev,5,1,1,
syn-e03_c05-dev-0029,dev,5,1,1,
syn-e03_c05-dev-0030,dev,5,1,1,
syn-e03_c05-dev-0031,dev,5,1,1,
syn-e03_c05-dev-0032,dev,5,1,1,
syn-e03_c05-dev-0033,dev,5,1,1,
syn-e03_c05-dev-0034,dev,5,1,1,
syn-e03_c05-dev-0035,dev,5,1,1,
syn-e03_c05-dev-0036,dev,5,1,1,
syn-e03_c05-dev-0037,dev,5,1,1,
syn-e03_c05-dev-0038,dev,5,1,1,
syn-e03_c05-dev-0039,dev,5,1,1,
syn-e03_c05-dev-0040,dev,5,1,1,
syn-e03_c05-dev-0041,dev,5,1,1,
syn-e03_c05-dev-0042,dev,5,1,1,
syn-e03_c05-dev-0043,dev,5,1,1,
syn-e03_c05-dev-0044,dev,5,1,1,
syn-e03_c05-dev-0045,dev,5,1,1,
syn-e03_c05-dev-0046,dev,5,1,1,
syn-e03_c05-dev-0047,dev,5,1,1,
syn-e03_c05-dev-0048,dev,5,1,1,
syn-e03_c05-dev-0049,dev,5,1,1,
syn-e03_c05-dev-0050,dev,5,1,1,
syn-e03_c05-dev-0051,dev,5,1,1,
syn-e03_c05-dev-0052,dev,5,1,1,
syn-e03_c05-dev-0053,dev,5,1,1,
syn-e03_c05-dev-0054,dev,5,1,1,
syn-e03_c05-dev-0055,dev,5,1,1,
syn-e03_c05-dev-0056,dev,5,1,1,
syn-e03_c05-dev-0057,dev,5,1,1,
syn-e03_c05-dev-0058,dev,5,1,1,
syn-e03_c05-dev-0059,dev,5,1,1,
syn-e03_c05-dev-0060,dev,5,1,1,
syn-e03_c05-dev-0061,dev,5,1,1,
syn-e03_c05-dev-0062,dev,5,1,1,
syn-e03_c05-dev-0063,dev,5,1,1,
syn-e03_c05-dev-0064,dev,5,1,1,
syn-e03_c05-dev-0065,dev,5,1,1,
syn-e03_c05-dev-0066,dev,5,1,1,
syn-e03_c05-dev-0067,dev,5,1,1,
syn-e03_c05-dev-0068,dev,5,1,1,
syn-e03_c05-dev-0069,dev,5,1,1,
syn-e03_c05-dev-0070,dev,5,1,1,
syn-e03_c05-dev-0071,dev,5,1,1,
syn-e03_c05-dev-0072,dev,5,1,1,
syn-e03_c05-dev-0073,dev,5,1,1,
syn-e03_c05-dev-0074,dev,5,1,1,
syn-e03_c05-dev-0075,dev,5,1,1,
syn-e03_c05-dev-0076,dev,5,1,1,
syn-e03_c05-dev-0077,dev,5,1,1,
syn-e03_c05-dev-0078,dev,5,1,1,
syn-e03_c05-dev-0079,dev,5,1,1,
syn-e03_c05-dev-0080,dev,5,1,1,
syn-e03_c05-dev-0081,dev,5,1,1,
syn-e03_c05-dev-0082,dev,5,1,1,
syn-e03_c05-dev-0083,dev,5,1,1,
syn-e03_c05-dev-0084,dev,5,1,1,
syn-e03_c05-dev-0085,dev,5,1,1,
syn-e03_c05-dev-0086,dev,5,1,1,
syn-e03_c05-dev-0087,dev,5,1,1,
syn-e03_c05-dev-0088,dev,5,1,1,
syn-e03_c05-dev-0089,dev,5,1,1,
syn-e03_c05-dev-0090,dev,5,1,1,
syn-e03_c05-dev-0091,dev,5,1,1,
syn-e03_c05-dev-0092,dev,5,1,1,
syn-e03_c05-dev-0093,dev,5,1,1,
syn-e03_c05-dev-0094,dev,5,1,1,
syn-e03_c05-dev-0095,dev,5,1,1,
syn-e03_c05-dev-0096,dev,5,1,1,
syn-e03_c05-dev-0097,dev,5,1,1,
syn-e03_c05-dev-0098,dev,5,1,1,
syn-e03_c05-dev-0099,dev,5,1,1,
syn-e03_c05-dev-0100,dev,5,1,1,
syn-e03_c05-dev-0101,dev,5,1,1,
syn-e03_c05-dev-0102,dev,5,1,1,
syn-e03_c05-dev-0103,dev,5,1,1,
syn-e03_c05-dev-0104,dev,5,1,1,
syn-e03_c05-dev-0105,dev,5,1,1,
syn-e03_c05-dev-0106,dev,5,1,1,
syn-e03_c05-dev-0107,dev,5,1,1,
syn-e03_c05-dev-0108,dev,5,1,1,
syn-e03_c05-dev-0109,dev,5,1,1,
syn-e03_c05-dev-0110,dev,5,1,1,
syn-e03_c05-dev-0111,dev,5,1,1,
syn-e03_c05-dev-0112,dev,5,1,1,
syn-e03_c05-dev-0113,dev,5,1,1,
syn-e03_c05-dev-0114,dev,5,1,1,
syn-e03_c05-dev-0115,dev,5,1,1,
syn-e03_c05-dev-0116,dev,5,1,1,
syn-e03_c05-dev-0117,dev,5,1,1,
syn-e03_c05-dev-0118,dev,5,1,1,
syn-e03_c05-dev-0119,dev,5,1,1,
syn-e03_c05-dev-0120,dev,5,1,1,
syn-e03_c05-dev-0121,dev,5,1,1,
syn-e03_c05-dev-0122,dev,5,1,1,
syn-e03_c05-dev-0123,dev,5,1,1,
syn-e03_c05-dev-0124,dev,5,1,1,
syn-e03_c05-dev-0125,dev,5,1,1,
syn-e03_c05-dev-0126,dev,5,1,1,
syn-e03_c05-dev-0127,dev,5,1,1,
syn-e03_c05-dev-0128,dev,5,1,1,
syn-e03_c05-dev-0129,dev,5,1,1,
syn-e03_c05-dev-0130,dev,5,1,1,
syn-e03_c05-dev-0131,dev,5,1,1,
syn-e03_c05-dev-0132,dev,5,1,1,
syn-e03_c05-dev-0133,dev,5,1,1,
syn-e03_c05-dev-0134,dev,5,1,1,
syn-e03_c05-dev-0135,dev,5,1,1,
syn-e03_c05-dev-0136,dev,5,1,1,
syn-e03_c05-dev-0137,dev,5,1,1,
syn-e03_c05-dev-0138,dev,5,1,1,
syn-e03_c05-dev-0139,dev,5,1,1,
syn-e03_c05-dev-0140,dev,5,1,1,
syn-e03_c05-dev-0141,dev,5,1,1,
syn-e03_c05-dev-0142,dev,5,1,1,
syn-e03_c05-dev-0143,dev,5,1,1,
syn-e03_c05-dev-0144,dev,5,1,1,
syn-e03_c05-dev-0145,dev,5,1,1,
syn-e03_c05-dev-0146,dev,5,1,1,
syn-e03_c05-dev-0147,dev,5,1,1,
syn-e03_c05-dev-0148,dev,5,1,1,
syn-e03_c05-dev-0149,dev,5,1,1,
syn-e03_c05-dev-0150,dev,5,1,1,
syn-e03_c05-dev-0151,dev,5,1,1,
syn-e03_c05-dev-0152,dev,5,1,1,
syn-e03_c05-dev-0153,dev,5,1,1,
syn-e03_c05-dev-0154,dev,5,1,1,
syn-e03_c05-dev-0155,dev,5,1,1,
syn-e03_c05-dev-0156,dev,5,1,1,
syn-e03_c05-dev-0157,dev,5,1,1,
syn-e03_c05-dev-0158,dev,5,1,1,
syn-e03_c05-dev-0159,dev,5,1,1,
syn-e03_c05-dev-0160,dev,5,1,1,
syn-e03_c05-dev-0161,dev,5,1,1,
syn-e03_c05-dev-0162,dev,5,1,1,
syn-e03_c05-dev-0163,dev,5,1,1,
syn-e03_c05-dev-0164,dev,5,1,1,
syn-e03_c05-dev-0165,dev,5,1,1,
syn-e03_c05-dev-0166,dev,5,1,1,
syn-e03_c05-dev-0167,dev,5,1,1,
syn-e03_c05-dev-0168,dev,5,1,1,
syn-e03_c05-dev-0169,dev,5,1,1,
syn-e03_c05-dev-0170,dev,5,1,1,
syn-e03_c05-dev-0171,dev,5,1,1,
syn-e03_c05-dev-0172,dev,5,1,1,
syn-e03_c05-dev-0173,dev,5,1,1,
syn-e03_c05-dev-0174,dev,5,1,1,
syn-e03_c05-dev-0175,dev,5,1,1,
syn-e03_c05-dev-0176,dev,5,1,1,
syn-e03_c05-dev-0177,dev,5,1,1,
syn-e03_c05-dev-0178,dev,5,1,1,
syn-e03_c05-dev-0179,dev,5,1,1,
syn-e03_c05-dev-0180,dev,5,1,1,
syn-e03_c05-dev-0181,dev,5,1,1,
syn-e03_c05-dev-0182,dev,5,1,1,
syn-e03_c05-dev-0183,dev,5,1,1,
syn-e03_c05-dev-0184,dev,5,1,1,
syn-e03_c05-dev-0185,dev,5,1,1,
syn-e03_c05-dev-0186,dev,5,1,1,
syn-e03_c05-dev-0187,dev,5,1,1,
syn-e03_c05-dev-0188,dev,5,1,1,
syn-e03_c05-dev-0189,dev,5,1,1,
syn-e03_c05-dev-0190,dev,5,1,1,
syn-e03_c05-dev-0191,dev,5,1,1,
syn-e03_c05-dev-0192,dev,5,1,1,
syn-e03_c05-dev-0193,dev,5,1,1,
syn-e03_c05-dev-0194,dev,5,1,1,
syn-e03_c05-dev-0195,dev,5,1,1,
syn-e03_c05-dev-0196,dev,5,1,1,
syn-e03_c05-dev-0197,dev,5,1,1,
syn-e03_c05-dev-0198,dev,5,1,1,
syn-e03_c05-dev-0199,dev,5,1,1,
syn-e03_c05-dev-0200,dev,5,1,1,
syn-e03_c05-dev-0201,dev,5,1,1,
syn-e03_c05-dev-0202,dev,5,1,1,
syn-e03_c05-dev-0203,dev,5,1,1,
syn-e03_c05-dev-0204,dev,5,1,1,
syn-e03_c05-dev-0205,dev,5,1,1,
syn-e03_c05-dev-0206,dev,5,1,1,
syn-e03_c05-dev-0207,dev,5,1,1,
syn-e03_c05-dev-0208,dev,5,1,1,
syn-e03_c05-dev-0209,dev,5,1,1,
syn-e03_c05-dev-0210,dev,5,1,1,
syn-e03_c05-dev-0211,dev,5,1,1,
syn-e03_c05-dev-0212,dev,5,1,1,
syn-e03_c05-dev-0213,dev,5,1,1,
syn-e03_c05-dev-0214,dev,5,1,1,
syn-e03_c05-dev-0215,dev,5,1,1,
syn-e03_c05-dev-0216,dev,5,1,1,
syn-e03_c05-dev-0217,dev,5,1,1,
syn-e03_c05-dev-0218,dev,5,1,1,
syn-e03_c05-dev-0219,dev,5,1,1,
syn-e03_c05-dev-0220,dev,5,1,1,
syn-e03_c05-dev-0221,dev,5,1,1,
syn-e03_c05-dev-0222,dev,5,1,1,
syn-e03_c05-dev-0223,dev,5,1,1,
syn-e03_c05-dev-0224,dev,5,1,1,
syn-e03_c05-dev-0225,dev,5,1,1,
syn-e03_c05-dev-0226,dev,5,1,1,
syn-e03_c05-dev-0227,dev,5,1,1,
syn-e03_c05-dev-0228,dev,5,1,1,
syn-e03_c05-dev-0229,dev,5,1,1,
syn-e03_c05-dev-0230,dev,5,1,1,
syn-e03_c05-dev-0231,dev,5,1,1,
syn-e03_c05-dev-0232,dev,5,1,1,
syn-e03_c05-dev-0233,dev,5,1,1,
syn-e03_c05-dev-0234,dev,5,1,1,
syn-e03_c05-dev-0235,dev,5,1,1,
syn-e03_c05-dev-0236,dev,5,1,1,
syn-e03_c05-dev-0237,dev,5,1,1,
syn-e03_c05-dev-0238,dev,5,1,1,
syn-e03_c05-dev-0239,dev,5,1,1,
syn-e03_c05-dev-0240,dev,5,1,1,
syn-e03_c05-dev-0241,dev,5,1,1,
syn-e03_c05-dev-0242,dev,5,1,1,
syn-e03_c05-dev-0243,dev,5,1,1,
syn-e03_c05-dev-0244,dev,5,1,1,
syn-e03_c05-dev-0245,dev,5,1,1,
syn-e03_c05-dev-0246,dev,5,1,1,
syn-e03_c05-dev-0247,dev,5,1,1,
syn-e03_c05-dev-0248,dev,5,1,1,
syn-e03_c05-dev-0249,dev,5,1,1,
syn-e03_c05-dev-0250,dev,5,1,1,
syn-e03_c05-dev-0251,dev,5,1,1,
syn-e03_c05-dev-0252,dev,5,1,1,
syn-e03_c05-dev-0253,dev,5,1,1,
syn-e03_c05-dev-0254,dev,5,1,1,
syn-e03_c05-dev-0255,dev,5,1,1,
syn-e03_c05-dev-0256,dev,5,1,1,
syn-e03_c05-dev-0257,dev,5,1,1,
syn-e03_c05-dev-0258,dev,5,1,1,
syn-e03_c05-dev-0259,dev,5,1,1,
syn-e03_c05-dev-0260,dev,5,1,1,
syn-e03_c05-dev-0261,dev,5,1,1,
syn-e03_c05-dev-0262,dev,5,1,1,
syn-e03_c05-dev-0263,dev,5,1,1,
syn-e03_c05-dev-0264,dev,5,1,1,
syn-e03_c05-dev-0265,dev,5,1,1,
syn-e03_c05-dev-0266,dev,5,1,1,
syn-e03_c05-dev-0267,dev,5,1,1,
syn-e03_c05-dev-0268,dev,5,1,1,
syn-e03_c05-dev-0269,dev,5,1,1,
syn-e03_c05-dev-0270,dev,5,1,1,
syn-e03_c05-dev-0271,dev,5,1,1,
syn-e03_c05-dev-0272,dev,5,1,1,
syn-e03_c05-dev-0273,dev,5,1,1,
syn-e03_c05-dev-0274,dev,5,1,1,
syn-e03_c05-dev-0275,dev,5,1,1,
syn-e03_c05-dev-0276,dev,5,1,1,
syn-e03_c05-dev-0277,dev,5,1,1,
syn-e03_c05-dev-0278,dev,5,1,1,
syn-e03_c05-dev-0279,dev,5,1,1,
syn-e03_c05-dev-0280,dev,5,1,1,
syn-e03_c05-dev-0281,dev,5,1,1,
syn-e03_c05-dev-0282,dev,5,1,1,
syn-e03_c05-dev-0283,dev,5,1,1,
syn-e03_c05-dev-0284,dev,5,1,1,
syn-e03_c05-dev-0285,dev,5,1,1,
syn-e03_c05-dev-0286,dev,5,1,1,
syn-e03_c05-dev-0287,dev,5,1,1,
syn-e03_c05-dev-0288,dev,5,1,1,
syn-e03_c05-dev-0289,dev,5,1,1,
syn-e03_c05-dev-0290,dev,5,1,1,
syn-e03_c05-dev-0291,dev,5,1,1,
syn-e03_c05-dev-0292,dev,5,1,1,
syn-e03_c05-dev-0293,dev,5,1,1,
syn-e03_c05-dev-0294,dev,5,1,1,
syn-e03_c05-dev-0295,dev,5,1,1,
syn-e03_c05-dev-0296,dev,5,1,1,
syn-e03_c05-dev-0297,dev,5,1,1,
syn-e03_c05-dev-0298,dev,5,1,1,
syn-e03_c05-dev-0299,dev,5,1,1,
syn-e03_c05-dev-0300,dev,5,1,1,
syn-e03_c05-test-0001,test,5,1,1,
syn-e03_c05-test-0002,test,5,1,1,
syn-e03_c05-test-0003,test,5,1,1,
syn-e03_c05-test-0004,test,5,1,1,
syn-e03_c05-test-0005,test,5,1,1,
syn-e03_c05-test-0006,test,5,1,1,
syn-e03_c05-test-0007,test,5,1,1,
syn-e03_c05-test-0008,test,5,1,1,
syn-e03_c05-test-0009,test,5,1,1,
syn-e03_c05-test-0010,test,5,1,1,
syn-e03_c05-test-0011,test,5,1,1,
syn-e03_c05-test-0012,test,5,1,1,
syn-e03_c05-test-0013,test,5,1,1,
syn-e03_c05-test-0014,test,5,1,1,
syn-e03_c05-test-0015,test,5,1,1,
syn-e03_c05-test-0016,test,5,1,1,
syn-e03_c05-test-0017,test,5,1,1,
syn-e03_c05-test-0018,test,5,1,1,
syn-e03_c05-test-0019,test,5,1,1,
syn-e03_c05-test-0020,test,5,1,1,
syn-e03_c05-test-0021,test,5,1,1,
syn-e03_c05-test-0022,test,5,1,1,
syn-e03_c05-test-0023,test,5,1,1,
syn-e03_c05-test-0024,test,5,1,1,
syn-e03_c05-test-0025,test,5,1,1,
syn-e03_c05-test-0026,test,5,1,1,
syn-e03_c05-test-0027,test,5,1,1,
syn-e03_c05-test-0028,test,5,1,1,
syn-e03_c05-test-0029,test,5,1,1,
syn-e03_c05-test-0030,test,5,1,1,
syn-e03_c05-test-0031,test,5,1,1,
syn-e03_c05-test-0032,test,5,1,1,
syn-e03_c05-test-0033,test,5,1,1,
syn-e03_c05-test-0034,test,5,1,1,
syn-e03_c05-test-0035,test,5,1,1,
syn-e03_c05-test-0036,test,5,1,1,
syn-e03_c05-test-0037,test,5,1,1,
syn-e03_c05-test-0038,test,5,1,1,
syn-e03_c05-test-0039,test,5,1,1,
syn-e03_c05-test-0040,test,5,1,1,
syn-e03_c05-test-0041,test,5,1,1,
syn-e03_c05-test-0042,test,5,1,1,
syn-e03_c05-test-0043,test,5,1,1,
syn-e03_c05-test-0044,test,5,1,1,
syn-e03_c05-test-0045,test,5,1,1,
syn-e03_c05-test-0046,test,5,1,1,
syn-e03_c05-test-0047,test,5,1,1,
syn-e03_c05-test-0048,test,5,1,1,
syn-e03_c05-test-0049,test,5,1,1,
syn-e03_c05-test-0050,test,5,1,1,
syn-e03_c05-test-0051,test,5,1,1,
syn-e03_c05-test-0052,test,5,1,1,
syn-e03_c05-test-0053,test,5,1,1,
syn-e03_c05-test-0054,test,5,1,1,
syn-e03_c05-test-0055,test,5,1,1,
syn-e03_c05-test-0056,test,5,1,1,
syn-e03_c05-test-0057,test,5,1,1,
syn-e03_c05-test-0058,test,5,1,1,
syn-e03_c05-test-0059,test,5,1,1,
syn-e03_c05-test-0060,test,5,1,1,
syn-e03_c05-test-0061,test,5,1,1,
syn-e03_c05-test-0062,test,5,1,1,
syn-e03_c05-test-0063,test,5,1,1,
syn-e03_c05-test-0064,test,5,1,1,
syn-e03_c05-test-0065,test,5,1,1,
syn-e03_c05-test-0066,test,5,1,1,
syn-e03_c05-test-0067,test,5,1,1,
syn-e03_c05-test-0068,test,5,1,1,
syn-e03_c05-test-0069,test,5,1,1,
syn-e03_c05-test-0070,test,5,1,1,
syn-e03_c05-test-0071,test,5,1,1,
syn-e03_c05-test-0072,test,5,1,1,
syn-e03_c05-test-0073,test,5,1,1,
syn-e03_c05-test-0074,test,5,1,1,
syn-e03_c05-test-0075,test,5,1,1,
syn-e03_c05-test-0076,test,5,1,1,
syn-e03_c05-test-0077,test,5,1,1,
syn-e03_c05-test-0078,test,5,1,1,
syn-e03_c05-test-0079,test,5,1,1,
syn-e03_c05-test-0080,test,5,1,1,
syn-e03_c05-test-0081,test,5,1,1,
syn-e03_c05-test-0082,test,5,1,1,
syn-e03_c05-test-0083,test,5,1,1,
syn-e03_c05-test-0084,test,5,1,1,
syn-e03_c05-test-0085,test,5,1,1,
syn-e03_c05-test-0086,test,5,1,1,
syn-e03_c05-test-0087,test,5,1,1,
syn-e03_c05-test-0088,test,5,1,1,
syn-e03_c05-test-0089,test,5,1,1,
syn-e03_c05-test-0090,test,5,1,1,
syn-e03_c05-test-0091,test,5,1,1,
syn-e03_c05-test-0092,test,5,1,1,
syn-e03_c05-test-0093,test,5,1,1,
syn-e03_c05-test-0094,test,5,1,1,
syn-e03_c05-test-0095,test,5,1,1,
syn-e03_c05-test-0096,test,5,1,1,
syn-e03_c05-test-0097,test,5,1,1,
syn-e03_c05-test-0098,test,5,1,1,
syn-e03_c05-test-0099,test,5,1,1,
syn-e03_c05-test-0100,test,5,1,1,
syn-e03_c05-test-0101,test,5,1,1,
syn-e03_c05-test-0102,test,5,1,1,
syn-e03_c05-test-0103,test,5,1,1,
syn-e03_c05-test-0104,test,5,1,1,
syn-e03_c05-test-0105,test,5,1,1,
syn-e03_c05-test-0106,test,5,1,1,
syn-e03_c05-test-0107,test,5,1,1,
syn-e03_c05-test-0108,test,5,1,1,
syn-e03_c05-test-0109,test,5,1,1,
syn-e03_c05-test-0110,test,5,1,1,
syn-e03_c05-test-0111,test,5,1,1,
syn-e03_c05-test-0112,test,5,1,1,
syn-e03_c05-test-0113,test,5,1,1,
syn-e03_c05-test-0114,test,5,1,1,
syn-e03_c05-test-0115,test,5,1,1,
syn-e03_c05-test-0116,test,5,1,1,
syn-e03_c05-test-0117,test,5,1,1,
syn-e03_c05-test-0118,test,5,1,1,
syn-e03_c05-test-0119,test,5,1,1,
syn-e03_c05-test-0120,test,5,1,1,
syn-e03_c05-test-0121,test,5,1,1,
syn-e03_c05-test-0122,test,5,1,1,
syn-e03_c05-test-0123,test,5,1,1,
syn-e03_c05-test-0124,test,5,1,1,
syn-e03_c05-test-0125,test,5,1,1,
syn-e03_c05-test-0126,test,5,1,1,
syn-e03_c05-test-0127,test,5,1,1,
syn-e03_c05-test-0128,test,5,1,1,
syn-e03_c05-test-0129,test,5,1,1,
syn-e03_c05-test-0130,test,5,1,1,
syn-e03_c05-test-0131,test,5,1,1,
syn-e03_c05-test-0132,test,5,1,1,
syn-e03_c05-test-0133,test,5,1,1,
syn-e03_c05-test-0134,test,5,1,1,
syn-e03_c05-test-0135,test,5,1,1,
syn-e03_c05-test-0136,test,5,1,1,
syn-e03_c05-test-0137,test,5,1,1,
syn-e03_c05-test-0138,test,5,1,1,
syn-e03_c05-test-0139,test,5,1,1,
syn-e03_c05-test-0140,test,5,1,1,
syn-e03_c05-test-0141,test,5,1,1,
syn-e03_c05-test-0142,test,5,1,1,
syn-e03_c05-test-0143,test,5,1,1,
syn-e03_c05-test-0144,test,5,1,1,
syn-e03_c05-test-0145,test,5,1,1,
syn-e03_c05-test-0146,test,5,1,1,
syn-e03_c05-test-0147,test,5,1,1,
syn-e03_c05-test-0148,test,5,1,1,
syn-e03_c05-test-0149,test,5,1,1,
syn-e03_c05-test-0150,test,5,1,1,
syn-e03_c05-test-0151,test,5,1,1,
syn-e03_c05-test-0152,test,5,1,1,
syn-e03_c05-test-0153,test,5,1,1,
syn-e03_c05-test-0154,test,5,1,1,
syn-e03_c05-test-0155,test,5,1,1,
syn-e03_c05-test-0156,test,5,1,1,
syn-e03_c05-test-0157,test,5,1,1,
syn-e03_c05-test-0158,test,5,1,1,
syn-e03_c05-test-0159,test,5,1,1,
syn-e03_c05-test-0160,test,5,1,1,
syn-e03_c05-test-0161,test,5,1,1,
syn-e03_c05-test-0162,test,5,1,1,
syn-e03_c05-test-0163,test,5,1,1,
syn-e03_c05-test-0164,test,5,1,1,
syn-e03_c05-test-0165,test,5,1,1,
syn-e03_c05-test-0166,test,5,1,1,
syn-e03_c05-test-0167,test,5,1,1,
syn-e03_c05-test-0168,test,5,1,1,
syn-e03_c05-test-0169,test,5,1,1,
syn-e03_c05-test-0170,test,5,1,1,
syn-e03_c05-test-0171,test,5,1,1,
syn-e03_c05-test-0172,test,5,1,1,
syn-e03_c05-test-0173,test,5,1,1,
syn-e03_c05-test-0174,test,5,1,1,
syn-e03_c05-test-0175,test,5,1,1,
syn-e03_c05-test-0176,test,5,1,1,
syn-e03_c05-test-0177,test,5,1,1,
syn-e03_c05-test-0178,test,5,1,1,
syn-e03_c05-test-0179,test,5,1,1,
syn-e03_c05-test-0180,test,5,1,1,
syn-e03_c05-test-0181,test,5,1,1,
syn-e03_c05-test-0182,test,5,1,1,
syn-e03_c05-test-0183,test,5,1,1,
syn-e03_c05-test-0184,test,5,1,1,
syn-e03_c05-test-0185,test,5,1,1,
syn-e03_c05-test-0186,test,5,1,1,
syn-e03_c05-test-0187,test,5,1,1,
syn-e03_c05-test-0188,test,5,1,1,
syn-e03_c05-test-0189,test,5,1,1,
syn-e03_c05-test-0190,test,5,1,1,
syn-e03_c05-test-0191,test,5,1,1,
syn-e03_c05-test-0192,test,5,1,1,
syn-e03_c05-test-0193,test,5,1,1,
syn-e03_c05-test-0194,test,5,1,1,
syn-e03_c05-test-0195,test,5,1,1,
syn-e03_c05-test-0196,test,5,1,1,
syn-e03_c05-test-0197,test,5,1,1,
syn-e03_c05-test-0198,test,5,1,1,
syn-e03_c05-test-0199,test,5,1,1,
syn-e03_c05-test-0200,test,5,1,1,
syn-e03_c05-test-0201,test,5,1,1,
syn-e03_c05-test-0202,test,5,1,1,
syn-e03_c05-test-0203,test,5,1,1,
syn-e03_c05-test-0204,test,5,1,1,
syn-e03_c05-test-0205,test,5,1,1,
syn-e03_c05-test-0206,test,5,1,1,
syn-e03_c05-test-0207,test,5,1,1,
syn-e03_c05-test-0208,test,5,1,1,
syn-e03_c05-test-0209,test,5,1,1,
syn-e03_c05-test-0210,test,5,1,1,
syn-e03_c05-test-0211,test,5,1,1,
syn-e03_c05-test-0212,test,5,1,1,
syn-e03_c05-test-0213,test,5,1,1,
syn-e03_c05-test-0214,test,5,1,1,
syn-e03_c05-test-0215,test,5,1,1,
syn-e03_c05-test-0216,test,5,1,1,
syn-e03_c05-test-0217,test,5,1,1,
syn-e03_c05-test-0218,test,5,1,1,
syn-e03_c05-test-0219,test,5,1,1,
syn-e03_c05-test-0220,test,5,1,1,
syn-e03_c05-test-0221,test,5,1,1,
syn-e03_c05-test-0222,test,5,1,1,
syn-e03_c05-test-0223,test,5,1,1,
syn-e03_c05-test-0224,test,5,1,1,
syn-e03_c05-test-0225,test,5,1,1,
syn-e03_c05-test-0226,test,5,1,1,
syn-e03_c05-test-0227,test,5,1,1,
syn-e03_c05-test-0228,test,5,1,1,
syn-e03_c05-test-0229,test,5,1,1,
syn-e03_c05-test-0230,test,5,1,1,
syn-e03_c05-test-0231,test,5,1,1,
syn-e03_c05-test-0232,test,5,1,1,
syn-e03_c05-test-0233,test,5,1,1,
syn-e03_c05-test-0234,test,5,1,1,
syn-e03_c05-test-0235,test,5,1,1,
syn-e03_c05-test-0236,test,5,1,1,
syn-e03_c05-test-0237,test,5,1,1,
syn-e03_c05-test-0238,test,5,1,1,
syn-e03_c05-test-0239,test,5,1,1,
syn-e03_c05-test-0240,test,5,1,1,
syn-e03_c05-test-0241,test,5,1,1,
syn-e03_c05-test-0242,test,5,1,1,
syn-e03_c05-test-0243,test,5,1,1,
syn-e03_c05-test-0244,test,5,1,1,
syn-e03_c05-test-0245,test,5,1,1,
syn-e03_c05-test-0246,test,5,1,1,
syn-e03_c05-test-0247,test,5,1,1,
syn-e03_c05-test-0248,test,5,1,1,
syn-e03_c05-test-0249,test,5,1,1,
syn-e03_c05-test-0250,test,5,1,1,
syn-e03_c05-test-0251,test,5,1,1,
syn-e03_c05-test-0252,test,5,1,1,
syn-e03_c05-test-0253,test,5,1,1,
syn-e03_c05-test-0254,test,5,1,1,
syn-e03_c05-test-0255,test,5,1,1,
syn-e03_c05-test-0256,test,5,1,1,
syn-e03_c05-test-0257,test,5,1,1,
syn-e03_c05-test-0258,test,5,1,1,
syn-e03_c05-test-0259,test,5,1,1,
syn-e03_c05-test-0260,test,5,1,1,
syn-e03_c05-test-0261,test,5,1,1,
syn-e03_c05-test-0262,test,5,1,1,
syn-e03_c05-test-0263,test,5,1,1,
syn-e03_c05-test-0264,test,5,1,1,
syn-e03_c05-test-0265,test,5,1,1,
syn-e03_c05-test-0266,test,5,1,1,
syn-e03_c05-test-0267,test,5,1,1,
syn-e03_c05-test-0268,test,5,1,1,
syn-e03_c05-test-0269,test,5,1,1,
syn-e03_c05-test-0270,test,5,1,1,
syn-e03_c05-test-0271,test,5,1,1,
syn-e03_c05-test-0272,test,5,1,1,
syn-e03_c05-test-0273,test,5,1,1,
syn-e03_c05-test-0274,test,5,1,1,
syn-e03_c05-test-0275,test,5,1,1,
syn-e03_c05-test-0276,test,5,1,1,
syn-e03_c05-test-0277,test,5,1,1,
syn-e03_c05-test-0278,test,5,1,1,
syn-e03_c05-test-0279,test,5,1,1,
syn-e03_c05-test-0280,test,5,1,1,
syn-e03_c05-test-0281,test,5,1,1,
syn-e03_c05-test-0282,test,5,1,1,
syn-e03_c05-test-0283,test,5,1,1,
syn-e03_c05-test-0284,test,5,1,1,
syn-e03_c05-test-0285,test,5,1,1,
syn-e03_c05-test-0286,test,5,1,1,
syn-e03_c05-test-0287,test,5,1,1,
syn-e03_c05-test-0288,test,5,1,1,
syn-e03_c05-test-0289,test,5,1,1,
syn-e03_c05-test-0290,test,5,1,1,
syn-e03_c05-test-0291,test,5,1,1,
syn-e03_c05-test-0292,test,5,1,1,
syn-e03_c05-test-0293,test,5,1,1,
syn-e03_c05-test-0294,test,5,1,1,
syn-e03_c05-test-0295,test,5,1,1,
syn-e03_c05-test-0296,test,5,1,1,
syn-e03_c05-test-0297,test,5,1,1,
syn-e03_c05-test-0298,test,5,1,1,
syn-e03_c05-test-0299,test,5,1,1,
syn-e03_c05-test-0300,test,5,1,1,
syn-e03_c05-test-0301,test,5,1,1,
syn-e03_c05-test-0302,test,5,1,1,
syn-e03_c05-test-0303,test,5,1,1,
syn-e03_c05-test-0304,test,5,1,1,
syn-e03_c05-test-0305,test,5,1,1,
syn-e03_c05-test-0306,test,5,1,1,
syn-e03_c05-test-0307,test,5,1,1,
syn-e03_c05-test-0308,test,5,1,1,
syn-e03_c05-test-0309,test,5,1,1,
syn-e03_c05-test-0310,test,5,1,1,
syn-e03_c05-test-0311,test,5,1,1,
syn-e03_c05-test-0312,test,5,1,1,
syn-e03_c05-test-0313,test,5,1,1,
syn-e03_c05-test-0314,test,5,1,1,
syn-e03_c05-test-0315,test,5,1,1,
syn-e03_c05-test-0316,test,5,1,1,
syn-e03_c05-test-0317,test,5,1,1,
syn-e03_c05-test-0318,test,5,1,1,
syn-e03_c05-test-0319,test,5,1,1,
syn-e03_c05-test-0320,test,5,1,1,
syn-e03_c05-test-0321,test,5,1,1,
syn-e03_c05-test-0322,test,5,1,1,
syn-e03_c05-test-0323,test,5,1,1,
syn-e03_c05-test-0324,test,5,1,1,
syn-e03_c05-test-0325,test,5,1,1,
syn-e03_c05-test-0326,test,5,1,1,
syn-e03_c05-test-0327,test,5,1,1,
syn-e03_c05-test-0328,test,5,1,1,
syn-e03_c05-test-0329,test,5,1,1,
syn-e03_c05-test-0330,test,5,1,1,
syn-e03_c05-test-0331,test,5,1,1,
syn-e03_c05-test-0332,test,5,1,1,
syn-e03_c05-test-0333,test,5,1,1,
syn-e03_c05-test-0334,test,5,1,1,
syn-e03_c05-test-0335,test,5,1,1,
syn-e03_c05-test-0336,test,5,1,1,
syn-e03_c05-test-0337,test,5,1,1,
syn-e03_c05-test-0338,test,5,1,1,
syn-e03_c05-test-0339,test,5,1,1,
syn-e03_c05-test-0340,test,5,1,1,
syn-e03_c05-test-0341,test,5,1,1,
syn-e03_c05-test-0342,test,5,1,1,
syn-e03_c05-test-0343,test,5,1,1,
syn-e03_c05-test-0344,test,5,1,1,
syn-e03_c05-test-0345,test,5,1,1,
syn-e03_c05-test-0346,test,5,1,1,
syn-e03_c05-test-0347,test,5,1,1,
syn-e03_c05-test-0348,test,5,1,1,
syn-e03_c05-test-0349,test,5,1,1,
syn-e03_c05-test-0350,test,5,1,1,
syn-e03_c05-test-0351,test,5,1,1,
syn-e03_c05-test-0352,test,5,1,1,
syn-e03_c05-test-0353,test,5,1,1,
syn-e03_c05-test-0354,test,5,1,1,
syn-e03_c05-test-0355,test,5,1,1,
syn-e03_c05-test-0356,test,5,1,1,
syn-e03_c05-test-0357,test,5,1,1,
syn-e03_c05-test-0358,test,5,1,1,
syn-e03_c05-test-0359,test,5,1,1,
syn-e03_c05-test-0360,test,5,1,1,
syn-e03_c05-test-0361,test,5,1,1,
syn-e03_c05-test-0362,test,5,1,1,
syn-e03_c05-test-0363,test,5,1,1,
syn-e03_c05-test-0364,test,5,1,1,
syn-e03_c05-test-0365,test,5,1,1,
syn-e03_c05-test-0366,test,5,1,1,
syn-e03_c05-test-0367,test,5,1,1,
syn-e03_c05-test-0368,test,5,1,1,
syn-e03_c05-test-0369,test,5,1,1,
syn-e03_c05-test-0370,test,5,1,1,
syn-e03_c05-test-0371,test,5,1,1,
syn-e03_c05-test-0372,test,5,1,1,
syn-e03_c05-test-0373,test,5,1,1,
syn-e03_c05-test-0374,test,5,1,1,
syn-e03_c05-test-0375,test,5,1,1,
syn-e03_c05-test-0376,test,5,1,1,
syn-e03_c05-test-0377,test,5,1,1,
syn-e03_c05-test-0378,test,5,1,1,
syn-e03_c05-test-0379,test,5,1,1,
syn-e03_c05-test-0380,test,5,1,1,
syn-e03_c05-test-0381,test,5,1,1,
syn-e03_c05-test-0382,test,5,1,1,
syn-e03_c05-test-0383,test,5,1,1,
syn-e03_c05-test-0384,test,5,1,1,
syn-e03_c05-test-0385,test,5,1,1,
syn-e03_c05-test-0386,test,5,1,1,
syn-e03_c05-test-0387,test,5,1,1,
syn-e03_c05-test-0388,test,5,1,1,
syn-e03_c05-test-0389,test,5,1,1,
syn-e03_c05-test-0390,test,5,1,1,
syn-e03_c05-test-0391,test,5,1,1,
syn-e03_c05-test-0392,test,5,1,1,
syn-e03_c05-test-0393,test,5,1,1,
syn-e03_c05-test-0394,test,5,1,1,
syn-e03_c05-test-0395,test,5,1,1,
syn-e03_c05-test-0396,test,5,1,1,
syn-e03_c05-test-0397,test,5,1,1,
syn-e03_c05-test-0398,test,5,1,1,
syn-e03_c05-test-0399,test,5,1,1,
syn-e03_c05-test-0400,test,5,1,1,
syn-e03_c05-test-0401,test,5,1,1,
syn-e03_c05-test-0402,test,5,1,1,
syn-e03_c05-test-0403,test,5,1,1,
syn-e03_c05-test-0404,test,5,1,1,
syn-e03_c05-test-0405,test,5,1,1,
syn-e03_c05-test-0406,test,5,1,1,
syn-e03_c05-test-0407,test,5,1,1,
syn-e03_c05-test-0408,test,5,1,1,
syn-e03_c05-test-0409,test,5,1,1,
syn-e03_c05-test-0410,test,5,1,1,
syn-e03_c05-test-0411,test,5,1,1,
syn-e03_c05-test-0412,test,5,1,1,
syn-e03_c05-test-0413,test,5,1,1,
syn-e03_c05-test-0414,test,5,1,1,
syn-e03_c05-test-0415,test,5,1,1,
syn-e03_c05-test-0416,test,5,1,1,
syn-e03_c05-test-0417,test,5,1,1,
syn-e03_c05-test-0418,test,5,1,1,
syn-e03_c05-test-0419,test,5,1,1,
syn-e03_c05-test-0420,test,5,1,1,
syn-e03_c05-test-0421,test,5,1,1,
syn-e03_c05-test-0422,test,5,1,1,
syn-e03_c05-test-0423,test,5,1,1,
syn-e03_c05-test-0424,test,5,1,1,
syn-e03_c05-test-0425,test,5,1,1,
syn-e03_c05-test-0426,test,5,1,1,
syn-e03_c05-test-0427,test,5,1,1,
syn-e03_c05-test-0428,test,5,1,1,
syn-e03_c05-test-0429,test,5,1,1,
syn-e03_c05-test-0430,test,5,1,1,
syn-e03_c05-test-0431,test,5,1,1,
syn-e03_c05-test-0432,test,5,1,1,
syn-e03_c05-test-0433,test,5,1,1,
syn-e03_c05-test-0434,test,5,1,1,
syn-e03_c05-test-0435,test,5,1,1,
syn-e03_c05-test-0436,test,5,1,1,
syn-e03_c05-test-0437,test,5,1,1,
syn-e03_c05-test-0438,test,5,1,1,
syn-e03_c05-test-0439,test,5,1,1,
syn-e03_c05-test-0440,test,5,1,1,
syn-e03_c05-test-0441,test,5,1,1,
syn-e03_c05-test-0442,test,5,1,1,
syn-e03_c05-test-0443,test,5,1,1,
syn-e03_c05-test-0444,test,5,1,1,
syn-e03_c05-test-0445,test,5,1,1,
syn-e03_c05-test-0446,test,5,1,1,
syn-e03_c05-test-0447,test,5,1,1,
syn-e03_c05-test-0448,test,5,1,1,
syn-e03_c05-test-0449,test,5,1,1,
syn-e03_c05-test-0450,test,5,1,1,
syn-e03_c05-test-0451,test,5,1,1,
syn-e03_c05-test-0452,test,5,1,1,
syn-e03_c05-test-0453,test,5,1,1,
syn-e03_c05-test-0454,test,5,1,1,
syn-e03_c05-test-0455,test,5,1,1,
syn-e03_c05-test-0456,test,5,1,1,
syn-e03_c05-test-0457,test,5,1,1,
syn-e03_c05-test-0458,test,5,1,1,
syn-e03_c05-test-0459,test,5,1,1,
syn-e03_c05-test-0460,test,5,1,1,
syn-e03_c05-test-0461,test,5,1,1,
syn-e03_c05-test-0462,test,5,1,1,
syn-e03_c05-test-0463,test,5,1,1,
syn-e03_c05-test-0464,test,5,1,1,
syn-e03_c05-test-0465,test,5,1,1,
syn-e03_c05-test-0466,test,5,1,1,
syn-e03_c05-test-0467,test,5,1,1,
syn-e03_c05-test-0468,test,5,1,1,
syn-e03_c05-test-0469,test,5,1,1,
syn-e03_c05-test-0470,test,5,1,1,
syn-e03_c05-test-0471,test,5,1,1,
syn-e03_c05-test-0472,test,5,1,1,
syn-e03_c05-test-0473,test,5,1,1,
syn-e03_c05-test-0474,test,5,1,1,
syn-e03_c05-test-0475,test,5,1,1,
syn-e03_c05-test-0476,test,5,1,1,
syn-e03_c05-test-0477,test,5,1,1,
syn-e03_c05-test-0478,test,5,1,1,
syn-e03_c05-test-0479,test,5,1,1,
syn-e03_c05-test-0480,test,5,1,1,
syn-e03_c05-test-0481,test,5,1,1,
syn-e03_c05-test-0482,test,5,1,1,
syn-e03_c05-test-0483,test,5,1,1,
syn-e03_c05-test-0484,test,5,1,1,
syn-e03_c05-test-0485,test,5,1,1,
syn-e03_c05-test-0486,test,5,1,1,
syn-e03_c05-test-0487,test,5,1,1,
syn-e03_c05-test-0488,test,5,1,1,
syn-e03_c05-test-0489,test,5,1,1,
syn-e03_c05-test-0490,test,5,1,1,
syn-e03_c05-test-0491,test,5,1,1,
syn-e03_c05-test-0492,test,5,1,1,
syn-e03_c05-test-0493,test,5,1,1,
syn-e03_c05-test-0494,test,5,1,1,
syn-e03_c05-test-0495,test,5,1,1,
syn-e03_c05-test-0496,test,5,1,1,
syn-e03_c05-test-0497,test,5,1,1,
syn-e03_c05-test-0498,test,5,1,1,
syn-e03_c05-test-0499,test,5,1,1,
syn-e03_c05-test-0500,test,5,1,1,
syn-e03_c05-test-0501,test,5,1,1,
syn-e03_c05-test-0502,test,5,1,1,
syn-e03_c05-test-0503,test,5,1,1,
syn-e03_c05-test-0504,test,5,1,1,
syn-e03_c05-test-0505,test,5,1,1,
syn-e03_c05-test-0506,test,5,1,1,
syn-e03_c05-test-0507,test,5,1,1,
syn-e03_c05-test-0508,test,5,1,1,
syn-e03_c05-test-0509,test,5,1,1,
syn-e03_c05-test-0510,test,5,1,1,
syn-e03_c05-test-0511,test,5,1,1,
syn-e03_c05-test-0512,test,5,1,1,
syn-e03_c05-test-0513,test,5,1,1,
syn-e03_c05-test-0514,test,5,1,1,
syn-e03_c05-test-0515,test,5,1,1,
syn-e03_c05-test-0516,test,5,1,1,
syn-e03_c05-test-0517,test,5,1,1,
syn-e03_c05-test-0518,test,5,1,1,
syn-e03_c05-test-0519,test,5,1,1,
syn-e03_c05-test-0520,test,5,1,1,
syn-e03_c05-test-0521,test,5,1,1,
syn-e03_c05-test-0522,test,5,1,1,
syn-e03_c05-test-0523,test,5,1,1,
syn-e03_c05-test-0524,test,5,1,1,
syn-e03_c05-test-0525,test,5,1,1,
syn-e03_c05-test-0526,test,5,1,1,
syn-e03_c05-test-0527,test,5,1,1,
syn-e03_c05-test-0528,test,5,1,1,
syn-e03_c05-test-0529,test,5,1,1,
syn-e03_c05-test-0530,test,5,1,1,
syn-e03_c05-test-0531,test,5,1,1,
syn-e03_c05-test-0532,test,5,1,1,
syn-e03_c05-test-0533,test,5,1,1,
syn-e03_c05-test-0534,test,5,1,1,
syn-e03_c05-test-0535,test,5,1,1,
syn-e03_c05-test-0536,test,5,1,1,
syn-e03_c05-test-0537,test,5,1,1,
syn-e03_c05-test-0538,test,5,1,1,
syn-e03_c05-test-0539,test,5,1,1,
syn-e03_c05-test-0540,test,5,1,1,
syn-e03_c05-test-0541,test,5,1,1,
syn-e03_c05-test-0542,test,5,1,1,
syn-e03_c05-test-0543,test,5,1,1,
syn-e03_c05-test-0544,test,5,1,1,
syn-e03_c05-test-0545,test,5,1,1,
syn-e03_c05-test-0546,test,5,1,1,
syn-e03_c05-test-0547,test,5,1,1,
syn-e03_c05-test-0548,test,5,1,1,
syn-e03_c05-test-0549,test,5,1,1,
syn-e03_c05-test-0550,test,5,1,1,
syn-e03_c05-test-0551,test,5,1,1,
syn-e03_c05-test-0552,test,5,1,1,
syn-e03_c05-test-0553,test,5,1,1,
syn-e03_c05-test-0554,test,5,1,1,
syn-e03_c05-test-0555,test,5,1,1,
syn-e03_c05-test-0556,test,5,1,1,
syn-e03_c05-test-0557,test,5,1,1,
syn-e03_c05-test-0558,test,5,1,1,
syn-e03_c05-test-0559,test,5,1,1,
syn-e03_c05-test-0560,test,5,1,1,
syn-e03_c05-test-0561,test,5,1,1,
syn-e03_c05-test-0562,test,5,1,1,
syn-e03_c05-test-0563,test,5,1,1,
syn-e03_c05-test-0564,test,5,1,1,
syn-e03_c05-test-0565,test,5,1,1,
syn-e03_c05-test-0566,test,5,1,1,
syn-e03_c05-test-0567,test,5,1,1,
syn-e03_c05-test-0568,test,5,1,1,
syn-e03_c05-test-0569,test,5,1,1,
syn-e03_c05-test-0570,test,5,1,1,
syn-e03_c05-test-0571,test,5,1,1,
syn-e03_c05-test-0572,test,5,1,1,
syn-e03_c05-test-0573,test,5,1,1,
syn-e03_c05-test-0574,test,5,1,1,
syn-e03_c05-test-0575,test,5,1,1,
syn-e03_c05-test-0576,test,5,1,1,
syn-e03_c05-test-0577,test,5,1,1,
syn-e03_c05-test-0578,test,5,1,1,
syn-e03_c05-test-0579,test,5,1,1,
syn-e03_c05-test-0580,test,5,1,1,
syn-e03_c05-test-0581,test,5,1,1,
syn-e03_c05-test-0582,test,5,1,1,
syn-e03_c05-test-0583,test,5,1,1,
syn-e03_c05-test-0584,test,5,1,1,
syn-e03_c05-test-0585,test,5,1,1,
syn-e03_c05-test-0586,test,5,1,1,
syn-e03_c05-test-0587,test,5,1,1,
syn-e03_c05-test-0588,test,5,1,1,
syn-e03_c05-test-0589,test,5,1,1,
syn-e03_c05-test-0590,test,5,1,1,
syn-e03_c05-test-0591,test,5,1,1,
syn-e03_c05-test-0592,test,5,1,1,
syn-e03_c05-test-0593,test,5,1,1,
syn-e03_c05-test-0594,test,5,1,1,
syn-e03_c05-test-0595,test,5,1,1,
syn-e03_c05-test-0596,test,5,1,1,
syn-e03_c05-test-0597,test,5,1,1,
syn-e03_c05-test-0598,test,5,1,1,
syn-e03_c05-test-0599,test,5,1,1,
syn-e03_c05-test-0600,test,5,1,1,
syn-e03_c05-test-0601,test,5,1,1,
syn-e03_c05-test-0602,test,5,1,1,
syn-e03_c05-test-0603,test,5,1,1,
syn-e03_c05-test-0604,test,5,1,1,
syn-e03_c05-test-0605,test,5,1,1,
syn-e03_c05-test-0606,test,5,1,1,
syn-e03_c05-test-0607,test,5,1,1,
syn-e03_c05-test-0608,test,5,1,1,
syn-e03_c05-test-0609,test,5,1,1,
syn-e03_c05-test-0610,test,5,1,1,
syn-e03_c05-test-0611,test,5,1,1,
syn-e03_c05-test-0612,test,5,1,1,
syn-e03_c05-test-0613,test,5,1,1,
syn-e03_c05-test-0614,test,5,1,1,
syn-e03_c05-test-0615,test,5,1,1,
syn-e03_c05-test-0616,test,5,1,1,
syn-e03_c05-test-0617,test,5,1,1,
syn-e03_c05-test-0618,test,5,1,1,
syn-e03_c05-test-0619,test,5,1,1,
syn-e03_c05-test-0620,test,5,1,1,
syn-e03_c05-test-0621,test,5,1,1,
syn-e03_c05-test-0622,test,5,1,1,
syn-e03_c05-test-0623,test,5,1,1,
syn-e03_c05-test-0624,test,5,1,1,
syn-e03_c05-test-0625,test,5,1,1,
syn-e03_c05-test-0626,test,5,1,1,
syn-e03_c05-test-0627,test,5,1,1,
syn-e03_c05-test-0628,test,5,1,1,
syn-e03_c05-test-0629,test,5,1,1,
syn-e03_c05-test-0630,test,5,1,1,
syn-e03_c05-test-0631,test,5,1,1,
syn-e03_c05-test-0632,test,5,1,1,
syn-e03_c05-test-0633,test,5,1,1,
syn-e03_c05-test-0634,test,5,1,1,
syn-e03_c05-test-0635,test,5,1,1,
syn-e03_c05-test-0636,test,5,1,1,
syn-e03_c05-test-0637,test,5,1,1,
syn-e03_c05-test-0638,test,5,1,1,
syn-e03_c05-test-0639,test,5,1,1,
syn-e03_c05-test-0640,test,5,1,1,
syn-e03_c05-test-0641,test,5,1,1,
syn-e03_c05-test-0642,test,5,1,1,
syn-e03_c05-test-0643,test,5,1,1,
syn-e03_c05-test-0644,test,5,1,1,
syn-e03_c05-test-0645,test,5,1,1,
syn-e03_c05-test-0646,test,5,1,1,
syn-e03_c05-test-0647,test,5,1,1,
syn-e03_c05-test-0648,test,5,1,1,
syn-e03_c05-test-0649,test,5,1,1,
syn-e03_c05-test-0650,test,5,1,1,
syn-e03_c05-test-0651,test,5,1,1,
syn-e03_c05-test-0652,test,5,1,1,
syn-e03_c05-test-0653,test,5,1,1,
syn-e03_c05-test-0654,test,5,1,1,
syn-e03_c05-test-0655,test,5,1,1,
syn-e03_c05-test-0656,test,5,1,1,
syn-e03_c05-test-0657,test,5,1,1,
syn-e03_c05-test-0658,test,5,1,1,
syn-e03_c05-test-0659,test,5,1,1,
syn-e03_c05-test-0660,test,5,1,1,
syn-e03_c05-test-0661,test,5,1,1,
syn-e03_c05-test-0662,test,5,1,1,
syn-e03_c05-test-0663,test,5,1,1,
syn-e03_c05-test-0664,test,5,1,1,
syn-e03_c05-test-0665,test,5,1,1,
syn-e03_c05-test-0666,test,5,1,1,
syn-e03_c05-test-0667,test,5,1,1,
syn-e03_c05-test-0668,test,5,1,1,
syn-e03_c05-test-0669,test,5,1,1,
syn-e03_c05-test-0670,test,5,1,1,
syn-e03_c05-test-0671,test,5,1,1,
syn-e03_c05-test-0672,test,5,1,1,
syn-e03_c05-test-0673,test,5,1,1,
syn-e03_c05-test-0674,test,5,1,1,
syn-e03_c05-test-0675,test,5,1,1,
syn-e03_c05-test-0676,test,5,1,1,
syn-e03_c05-test-0677,test,5,1,1,
syn-e03_c05-test-0678,test,5,1,1,
syn-e03_c05-test-0679,test,5,1,1,
syn-e03_c05-test-0680,test,5,1,1,
syn-e03_c05-test-0681,test,5,1,1,
syn-e03_c05-test-0682,test,5,1,1,
syn-e03_c05-test-0683,test,5,1,1,
syn-e03_c05-test-0684,test,5,1,1,
syn-e03_c05-test-0685,test,5,1,1,
syn-e03_c05-test-0686,test,5,1,1,
syn-e03_c05-test-0687,test,5,1,1,
syn-e03_c05-test-0688,test,5,1,1,
syn-e03_c05-test-0689,test,5,1,1,
syn-e03_c05-test-0690,test,5,1,1,
syn-e03_c05-test-0691,test,5,1,1,
syn-e03_c05-test-0692,test,5,1,1,
syn-e03_c05-test-0693,test,5,1,1,
syn-e03_c05-test-0694,test,5,1,1,
syn-e03_c05-test-0695,test,5,1,1,
syn-e03_c05-test-0696,test,5,1,1,
syn-e03_c05-test-0697,test,5,1,1,
syn-e03_c05-test-0698,test,5,1,1,
syn-e03_c05-test-0699,test,5,1,1,
syn-e03_c05-test-0700,test,5,1,1,
syn-e03_c10-dev-0001,dev,10,1,1,
syn-e03_c10-dev-0002,dev,10,1,1,
syn-e03_c10-dev-0003,dev,10,1,1,
syn-e03_c10-dev-0004,dev,10,1,1,
syn-e03_c10-dev-0005,dev,10,1,1,
syn-e03_c10-dev-0006,dev,10,1,1,
syn-e03_c10-dev-0007,dev,10,1,1,
syn-e03_c10-dev-0008,dev,10,1,1,
syn-e03_c10-dev-0009,dev,10,1,1,
syn-e03_c10-dev-0010,dev,10,1,1,
syn-e03_c10-dev-0011,dev,10,1,1,
syn-e03_c10-dev-0012,dev,10,1,1,
syn-e03_c10-dev-0013,dev,10,1,1,
syn-e03_c10-dev-0014,dev,10,1,1,
syn-e03_c10-dev-0015,dev,10,1,1,
syn-e03_c10-dev-0016,dev,10,1,1,
syn-e03_c10-dev-0017,dev,10,1,1,
syn-e03_c10-dev-0018,dev,10,1,1,
syn-e03_c10-dev-0019,dev,10,1,1,
syn-e03_c10-dev-0020,dev,10,1,1,
syn-e03_c10-dev-0021,dev,10,1,1,
syn-e03_c10-dev-0022,dev,10,1,1,
syn-e03_c10-dev-0023,dev,10,1,1,
syn-e03_c10-dev-0024,dev,10,1,1,
syn-e03_c10-dev-0025,dev,10,1,1,
syn-e03_c10-dev-0026,dev,10,1,1,
syn-e03_c10-dev-0027,dev,10,1,1,
syn-e03_c10-dev-0028,dev,10,1,1,
syn-e03_c10-dev-0029,dev,10,1,1,
syn-e03_c10-dev-0030,dev,10,1,1,
syn-e03_c10-dev-0031,dev,10,1,1,
syn-e03_c10-dev-0032,dev,10,1,1,
syn-e03_c10-dev-0033,dev,10,1,1,
syn-e03_c10-dev-0034,dev,10,1,1,
syn-e03_c10-dev-0035,dev,10,1,1,
syn-e03_c10-dev-0036,dev,10,1,1,
syn-e03_c10-dev-0037,dev,10,1,1,
syn-e03_c10-dev-0038,dev,10,1,1,
syn-e03_c10-dev-0039,dev,10,1,1,
syn-e03_c10-dev-0040,dev,10,1,1,
syn-e03_c10-dev-0041,dev,10,1,1,
syn-e03_c10-dev-0042,dev,10,1,1,
syn-e03_c10-dev-0043,dev,10,1,1,
syn-e03_c10-dev-0044,dev,10,1,1,
syn-e03_c10-dev-0045,dev,10,1,1,
syn-e03_c10-dev-0046,dev,10,1,1,
syn-e03_c10-dev-0047,dev,10,1,1,
syn-e03_c10-dev-0048,dev,10,1,1,
syn-e03_c10-dev-0049,dev,10,1,1,
syn-e03_c10-dev-0050,dev,10,1,1,
syn-e03_c10-dev-0051,dev,10,1,1,
syn-e03_c10-dev-0052,dev,10,1,1,
syn-e03_c10-dev-0053,dev,10,1,1,
syn-e03_c10-dev-0054,dev,10,1,1,
syn-e03_c10-dev-0055,dev,10,1,1,
syn-e03_c10-dev-0056,dev,10,1,1,
syn-e03_c10-dev-0057,dev,10,1,1,
syn-e03_c10-dev-0058,dev,10,1,1,
syn-e03_c10-dev-0059,dev,10,1,1,
syn-e03_c10-dev-0060,dev,10,1,1,
syn-e03_c10-dev-0061,dev,10,1,1,
syn-e03_c10-dev-0062,dev,10,1,1,
syn-e03_c10-dev-0063,dev,10,1,1,
syn-e03_c10-dev-0064,dev,10,1,1,
syn-e03_c10-dev-0065,dev,10,1,1,
syn-e03_c10-dev-0066,dev,10,1,1,
syn-e03_c10-dev-0067,dev,10,1,1,
syn-e03_c10-dev-0068,dev,10,1,1,
syn-e03_c10-dev-0069,dev,10,1,1,
syn-e03_c10-dev-0070,dev,10,1,1,
syn-e03_c10-dev-0071,dev,10,1,1,
syn-e03_c10-dev-0072,dev,10,1,1,
syn-e03_c10-dev-0073,dev,10,1,1,
syn-e03_c10-dev-0074,dev,10,1,1,
syn-e03_c10-dev-0075,dev,10,1,1,
syn-e03_c10-dev-0076,dev,10,1,1,
syn-e03_c10-dev-0077,dev,10,1,1,
syn-e03_c10-dev-0078,dev,10,1,1,
syn-e03_c10-dev-0079,dev,10,1,1,
syn-e03_c10-dev-0080,dev,10,1,1,
syn-e03_c10-dev-0081,dev,10,1,1,
syn-e03_c10-dev-0082,dev,10,1,1,
syn-e03_c10-dev-0083,dev,10,1,1,
syn-e03_c10-dev-0084,dev,10,1,1,
syn-e03_c10-dev-0085,dev,10,1,1,
syn-e03_c10-dev-0086,dev,10,1,1,
syn-e03_c10-dev-0087,dev,10,1,1,
syn-e03_c10-dev-0088,dev,10,1,1,
syn-e03_c10-dev-0089,dev,10,1,1,
syn-e03_c10-dev-0090,dev,10,1,1,
syn-e03_c10-dev-0091,dev,10,1,1,
syn-e03_c10-dev-0092,dev,10,1,1,
syn-e03_c10-dev-0093,dev,10,1,1,
syn-e03_c10-dev-0094,dev,10,1,1,
syn-e03_c10-dev-0095,dev,10,1,1,
syn-e03_c10-dev-0096,dev,10,1,1,
syn-e03_c10-dev-0097,dev,10,1,1,
syn-e03_c10-dev-0098,dev,10,1,1,
syn-e03_c10-dev-0099,dev,10,1,1,
syn-e03_c10-dev-0100,dev,10,1,1,
syn-e03_c10-dev-0101,dev,10,1,1,
syn-e03_c10-dev-0102,dev,10,1,1,
syn-e03_c10-dev-0103,dev,10,1,1,
syn-e03_c10-dev-0104,dev,10,1,1,
syn-e03_c10-dev-0105,dev,10,1,1,
syn-e03_c10-dev-0106,dev,10,1,1,
syn-e03_c10-dev-0107,dev,10,1,1,
syn-e03_c10-dev-0108,dev,10,1,1,
syn-e03_c10-dev-0109,dev,10,1,1,
syn-e03_c10-dev-0110,dev,10,1,1,
syn-e03_c10-dev-0111,dev,10,1,1,
syn-e03_c10-dev-0112,dev,10,1,1,
syn-e03_c10-dev-0113,dev,10,1,1,
syn-e03_c10-dev-0114,dev,10,1,1,
syn-e03_c10-dev-0115,dev,10,1,1,
syn-e03_c10-dev-0116,dev,10,1,1,
syn-e03_c10-dev-0117,dev,10,1,1,
syn-e03_c10-dev-0118,dev,10,1,1,
syn-e03_c10-dev-0119,dev,10,1,1,
syn-e03_c10-dev-0120,dev,10,1,1,
syn-e03_c10-dev-0121,dev,10,1,1,
syn-e03_c10-dev-0122,dev,10,1,1,
syn-e03_c10-dev-0123,dev,10,1,1,
syn-e03_c10-dev-0124,dev,10,1,1,
syn-e03_c10-dev-0125,dev,10,1,1,
syn-e03_c10-dev-0126,dev,10,1,1,
syn-e03_c10-dev-0127,dev,10,1,1,
syn-e03_c10-dev-0128,dev,10,1,1,
syn-e03_c10-dev-0129,dev,10,1,1,
syn-e03_c10-dev-0130,dev,10,1,1,
syn-e03_c10-dev-0131,dev,10,1,1,
syn-e03_c10-dev-0132,dev,10,1,1,
syn-e03_c10-dev-0133,dev,10,1,1,
syn-e03_c10-dev-0134,dev,10,1,1,
syn-e03_c10-dev-0135,dev,10,1,1,
syn-e03_c10-dev-0136,dev,10,1,1,
syn-e03_c10-dev-0137,dev,10,1,1,
syn-e03_c10-dev-0138,dev,10,1,1,
syn-e03_c10-dev-0139,dev,10,1,1,
syn-e03_c10-dev-0140,dev,10,1,1,
syn-e03_c10-dev-0141,dev,10,1,1,
syn-e03_c10-dev-0142,dev,10,1,1,
syn-e03_c10-dev-0143,dev,10,1,1,
syn-e03_c10-dev-0144,dev,10,1,1,
syn-e03_c10-dev-0145,dev,10,1,1,
syn-e03_c10-dev-0146,dev,10,1,1,
syn-e03_c10-dev-0147,dev,10,1,1,
syn-e03_c10-dev-0148,dev,10,1,1,
syn-e03_c10-dev-0149,dev,10,1,1,
syn-e03_c10-dev-0150,dev,10,1,1,
syn-e03_c10-dev-0151,dev,10,1,1,
syn-e03_c10-dev-0152,dev,10,1,1,
syn-e03_c10-dev-0153,dev,10,1,1,
syn-e03_c10-dev-0154,dev,10,1,1,
syn-e03_c10-dev-0155,dev,10,1,1,
syn-e03_c10-dev-0156,dev,10,1,1,
syn-e03_c10-dev-0157,dev,10,1,1,
syn-e03_c10-dev-0158,dev,10,1,1,
syn-e03_c10-dev-0159,dev,10,1,1,
syn-e03_c10-dev-0160,dev,10,1,1,
syn-e03_c10-dev-0161,dev,10,1,1,
syn-e03_c10-dev-0162,dev,10,1,1,
syn-e03_c10-dev-0163,dev,10,1,1,
syn-e03_c10-dev-0164,dev,10,1,1,
syn-e03_c10-dev-0165,dev,10,1,1,
syn-e03_c10-dev-0166,dev,10,1,1,
syn-e03_c10-dev-0167,dev,10,1,1,
syn-e03_c10-dev-0168,dev,10,1,1,
syn-e03_c10-dev-0169,dev,10,1,1,
syn-e03_c10-dev-0170,dev,10,1,1,
syn-e03_c10-dev-0171,dev,10,1,1,
syn-e03_c10-dev-0172,dev,10,1,1,
syn-e03_c10-dev-0173,dev,10,1,1,
syn-e03_c10-dev-0174,dev,10,1,1,
syn-e03_c10-dev-0175,dev,10,1,1,
syn-e03_c10-dev-0176,dev,10,1,1,
syn-e03_c10-dev-0177,dev,10,1,1,
syn-e03_c10-dev-0178,dev,10,1,1,
syn-e03_c10-dev-0179,dev,10,1,1,
syn-e03_c10-dev-0180,dev,10,1,1,
syn-e03_c10-dev-0181,dev,10,1,1,
syn-e03_c10-dev-0182,dev,10,1,1,
syn-e03_c10-dev-0183,dev,10,1,1,
syn-e03_c10-dev-0184,dev,10,1,1,
syn-e03_c10-dev-0185,dev,10,1,1,
syn-e03_c10-dev-0186,dev,10,1,1,
syn-e03_c10-dev-0187,dev,10,1,1,
syn-e03_c10-dev-0188,dev,10,1,1,
syn-e03_c10-dev-0189,dev,10,1,1,
syn-e03_c10-dev-0190,dev,10,1,1,
syn-e03_c10-dev-0191,dev,10,1,1,
syn-e03_c10-dev-0192,dev,10,1,1,
syn-e03_c10-dev-0193,dev,10,1,1,
syn-e03_c10-dev-0194,dev,10,1,1,
syn-e03_c10-dev-0195,dev,10,1,1,
syn-e03_c10-dev-0196,dev,10,1,1,
syn-e03_c10-dev-0197,dev,10,1,1,
syn-e03_c10-dev-0198,dev,10,1,1,
syn-e03_c10-dev-0199,dev,10,1,1,
syn-e03_c10-dev-0200,dev,10,1,1,
syn-e03_c10-dev-0201,dev,10,1,1,
syn-e03_c10-dev-0202,dev,10,1,1,
syn-e03_c10-dev-0203,dev,10,1,1,
syn-e03_c10-dev-0204,dev,10,1,1,
syn-e03_c10-dev-0205,dev,10,1,1,
syn-e03_c10-dev-0206,dev,10,1,1,
syn-e03_c10-dev-0207,dev,10,1,1,
syn-e03_c10-dev-0208,dev,10,1,1,
syn-e03_c10-dev-0209,dev,10,1,1,
syn-e03_c10-dev-0210,dev,10,1,1,
syn-e03_c10-dev-0211,dev,10,1,1,
syn-e03_c10-dev-0212,dev,10,1,1,
syn-e03_c10-dev-0213,dev,10,1,1,
syn-e03_c10-dev-0214,dev,10,1,1,
syn-e03_c10-dev-0215,dev,10,1,1,
syn-e03_c10-dev-0216,dev,10,1,1,
syn-e03_c10-dev-0217,dev,10,1,1,
syn-e03_c10-dev-0218,dev,10,1,1,
syn-e03_c10-dev-0219,dev,10,1,1,
syn-e03_c10-dev-0220,dev,10,1,1,
syn-e03_c10-dev-0221,dev,10,1,1,
syn-e03_c10-dev-0222,dev,10,1,1,
syn-e03_c10-dev-0223,dev,10,1,1,
syn-e03_c10-dev-0224,dev,10,1,1,
syn-e03_c10-dev-0225,dev,10,1,1,
syn-e03_c10-dev-0226,dev,10,1,1,
syn-e03_c10-dev-0227,dev,10,1,1,
syn-e03_c10-dev-0228,dev,10,1,1,
syn-e03_c10-dev-0229,dev,10,1,1,
syn-e03_c10-dev-0230,dev,10,1,1,
syn-e03_c10-dev-0231,dev,10,1,1,
syn-e03_c10-dev-0232,dev,10,1,1,
syn-e03_c10-dev-0233,dev,10,1,1,
syn-e03_c10-dev-0234,dev,10,1,1,
syn-e03_c10-dev-0235,dev,10,1,1,
syn-e03_c10-dev-0236,dev,10,1,1,
syn-e03_c10-dev-0237,dev,10,1,1,
syn-e03_c10-dev-0238,dev,10,1,1,
syn-e03_c10-dev-0239,dev,10,1,1,
syn-e03_c10-dev-0240,dev,10,1,1,
syn-e03_c10-dev-0241,dev,10,1,1,
syn-e03_c10-dev-0242,dev,10,1,1,
syn-e03_c10-dev-0243,dev,10,1,1,
syn-e03_c10-dev-0244,dev,10,1,1,
syn-e03_c10-dev-0245,dev,10,1,1,
syn-e03_c10-dev-0246,dev,10,1,1,
syn-e03_c10-dev-0247,dev,10,1,1,
syn-e03_c10-dev-0248,dev,10,1,1,
syn-e03_c10-dev-0249,dev,10,1,1,
syn-e03_c10-dev-0250,dev,10,1,1,
syn-e03_c10-dev-0251,dev,10,1,1,
syn-e03_c10-dev-0252,dev,10,1,1,
syn-e03_c10-dev-0253,dev,10,1,1,
syn-e03_c10-dev-0254,dev,10,1,1,
syn-e03_c10-dev-0255,dev,10,1,1,
syn-e03_c10-dev-0256,dev,10,1,1,
syn-e03_c10-dev-0257,dev,10,1,1,
syn-e03_c10-dev-0258,dev,10,1,1,
syn-e03_c10-dev-0259,dev,10,1,1,
syn-e03_c10-dev-0260,dev,10,1,1,
syn-e03_c10-dev-0261,dev,10,1,1,
syn-e03_c10-dev-0262,dev,10,1,1,
syn-e03_c10-dev-0263,dev,10,1,1,
syn-e03_c10-dev-0264,dev,10,1,1,
syn-e03_c10-dev-0265,dev,10,1,1,
syn-e03_c10-dev-0266,dev,10,1,1,
syn-e03_c10-dev-0267,dev,10,1,1,
syn-e03_c10-dev-0268,dev,10,1,1,
syn-e03_c10-dev-0269,dev,10,1,1,
syn-e03_c10-dev-0270,dev,10,1,1,
syn-e03_c10-dev-0271,dev,10,1,1,
syn-e03_c10-dev-0272,dev,10,1,1,
syn-e03_c10-dev-0273,dev,10,1,1,
syn-e03_c10-dev-0274,dev,10,1,1,
syn-e03_c10-dev-0275,dev,10,1,1,
syn-e03_c10-dev-0276,dev,10,1,1,
syn-e03_c10-dev-0277,dev,10,1,1,
syn-e03_c10-dev-0278,dev,10,1,1,
syn-e03_c10-dev-0279,dev,10,1,1,
syn-e03_c10-dev-0280,dev,10,1,1,
syn-e03_c10-dev-0281,dev,10,1,1,
syn-e03_c10-dev-0282,dev,10,1,1,
syn-e03_c10-dev-0283,dev,10,1,1,
syn-e03_c10-dev-0284,dev,10,1,1,
syn-e03_c10-dev-0285,dev,10,1,1,
syn-e03_c10-dev-0286,dev,10,1,1,
syn-e03_c10-dev-0287,dev,10,1,1,
syn-e03_c10-dev-0288,dev,10,1,1,
syn-e03_c10-dev-0289,dev,10,1,1,
syn-e03_c10-dev-0290,dev,10,1,1,
syn-e03_c10-dev-0291,dev,10,1,1,
syn-e03_c10-dev-0292,dev,10,1,1,
syn-e03_c10-dev-0293,dev,10,1,1,
syn-e03_c10-dev-0294,dev,10,1,1,
syn-e03_c10-dev-0295,dev,10,1,1,
syn-e03_c10-dev-0296,dev,10,1,1,
syn-e03_c10-dev-0297,dev,10,1,1,
syn-e03_c10-dev-0298,dev,10,1,1,
syn-e03_c10-dev-0299,dev,10,1,1,
syn-e03_c10-dev-0300,dev,10,1,1,
syn-e03_c10-test-0001,test,10,1,1,
syn-e03_c10-test-0002,test,10,1,1,
syn-e03_c10-test-0003,test,10,1,1,
syn-e03_c10-test-0004,test,10,1,1,
syn-e03_c10-test-0005,test,10,1,1,
syn-e03_c10-test-0006,test,10,1,1,
syn-e03_c10-test-0007,test,10,1,1,
syn-e03_c10-test-0008,test,10,1,1,
syn-e03_c10-test-0009,test,10,1,1,
syn-e03_c10-test-0010,test,10,1,1,
syn-e03_c10-test-0011,test,10,1,1,
syn-e03_c10-test-0012,test,10,1,1,
syn-e03_c10-test-0013,test,10,1,1,
syn-e03_c10-test-0014,test,10,1,1,
syn-e03_c10-test-0015,test,10,1,1,
syn-e03_c10-test-0016,test,10,1,1,
syn-e03_c10-test-0017,test,10,1,1,
syn-e03_c10-test-0018,test,10,1,1,
syn-e03_c10-test-0019,test,10,1,1,
syn-e03_c10-test-0020,test,10,1,1,
syn-e03_c10-test-0021,test,10,1,1,
syn-e03_c10-test-0022,test,10,1,1,
syn-e03_c10-test-0023,test,10,1,1,
syn-e03_c10-test-0024,test,10,1,1,
syn-e03_c10-test-0025,test,10,1,1,
syn-e03_c10-test-0026,test,10,1,1,
syn-e03_c10-test-0027,test,10,1,1,
syn-e03_c10-test-0028,test,10,1,1,
syn-e03_c10-test-0029,test,10,1,1,
syn-e03_c10-test-0030,test,10,1,1,
syn-e03_c10-test-0031,test,10,1,1,
syn-e03_c10-test-0032,test,10,1,1,
syn-e03_c10-test-0033,test,10,1,1,
syn-e03_c10-test-0034,test,10,1,1,
syn-e03_c10-test-0035,test,10,1,1,
syn-e03_c10-test-0036,test,10,1,1,
syn-e03_c10-test-0037,test,10,1,1,
syn-e03_c10-test-0038,test,10,1,1,
syn-e03_c10-test-0039,test,10,1,1,
syn-e03_c10-test-0040,test,10,1,1,
syn-e03_c10-test-0041,test,10,1,1,
syn-e03_c10-test-0042,test,10,1,1,
syn-e03_c10-test-0043,test,10,1,1,
syn-e03_c10-test-0044,test,10,1,1,
syn-e03_c10-test-0045,test,10,1,1,
syn-e03_c10-test-0046,test,10,1,1,
syn-e03_c10-test-0047,test,10,1,1,
syn-e03_c10-test-0048,test,10,1,1,
syn-e03_c10-test-0049,test,10,1,1,
syn-e03_c10-test-0050,test,10,1,1,
syn-e03_c10-test-0051,test,10,1,1,
syn-e03_c10-test-0052,test,10,1,1,
syn-e03_c10-test-0053,test,10,1,1,
syn-e03_c10-test-0054,test,10,1,1,
syn-e03_c10-test-0055,test,10,1,1,
syn-e03_c10-test-0056,test,10,1,1,
syn-e03_c10-test-0057,test,10,1,1,
syn-e03_c10-test-0058,test,10,1,1,
syn-e03_c10-test-0059,test,10,1,1,
syn-e03_c10-test-0060,test,10,1,1,
syn-e03_c10-test-0061,test,10,1,1,
syn-e03_c10-test-0062,test,10,1,1,
syn-e03_c10-test-0063,test,10,1,1,
syn-e03_c10-test-0064,test,10,1,1,
syn-e03_c10-test-0065,test,10,1,1,
syn-e03_c10-test-0066,test,10,1,1,
syn-e03_c10-test-0067,test,10,1,1,
syn-e03_c10-test-0068,test,10,1,1,
syn-e03_c10-test-0069,test,10,1,1,
syn-e03_c10-test-0070,test,10,1,1,
syn-e03_c10-test-0071,test,10,1,1,
syn-e03_c10-test-0072,test,10,1,1,
syn-e03_c10-test-0073,test,10,1,1,
syn-e03_c10-test-0074,test,10,1,1,
syn-e03_c10-test-0075,test,10,1,1,
syn-e03_c10-test-0076,test,10,1,1,
syn-e03_c10-test-0077,test,10,1,1,
syn-e03_c10-test-0078,test,10,1,1,
syn-e03_c10-test-0079,test,10,1,1,
syn-e03_c10-test-0080,test,10,1,1,
syn-e03_c10-test-0081,test,10,1,1,
syn-e03_c10-test-0082,test,10,1,1,
syn-e03_c10-test-0083,test,10,1,1,
syn-e03_c10-test-0084,test,10,1,1,
syn-e03_c10-test-0085,test,10,1,1,
syn-e03_c10-test-0086,test,10,1,1,
syn-e03_c10-test-0087,test,10,1,1,
syn-e03_c10-test-0088,test,10,1,1,
syn-e03_c10-test-0089,test,10,1,1,
syn-e03_c10-test-0090,test,10,1,1,
syn-e03_c10-test-0091,test,10,1,1,
syn-e03_c10-test-0092,test,10,1,1,
syn-e03_c10-test-0093,test,10,1,1,
syn-e03_c10-test-0094,test,10,1,1,
syn-e03_c10-test-0095,test,10,1,1,
syn-e03_c10-test-0096,test,10,1,1,
syn-e03_c10-test-0097,test,10,1,1,
syn-e03_c10-test-0098,test,10,1,1,
syn-e03_c10-test-0099,test,10,1,1,
syn-e03_c10-test-0100,test,10,1,1,
syn-e03_c10-test-0101,test,10,1,1,
syn-e03_c10-test-0102,test,10,1,1,
syn-e03_c10-test-0103,test,10,1,1,
syn-e03_c10-test-0104,test,10,1,1,
syn-e03_c10-test-0105,test,10,1,1,
syn-e03_c10-test-0106,test,10,1,1,
syn-e03_c10-test-0107,test,10,1,1,
syn-e03_c10-test-0108,test,10,1,1,
syn-e03_c10-test-0109,test,10,1,1,
syn-e03_c10-test-0110,test,10,1,1,
syn-e03_c10-test-0111,test,10,1,1,
syn-e03_c10-test-0112,test,10,1,1,
syn-e03_c10-test-0113,test,10,1,1,
syn-e03_c10-test-0114,test,10,1,1,
syn-e03_c10-test-0115,test,10,1,1,
syn-e03_c10-test-0116,test,10,1,1,
syn-e03_c10-test-0117,test,10,1,1,
syn-e03_c10-test-0118,test,10,1,1,
syn-e03_c10-test-0119,test,10,1,1,
syn-e03_c10-test-0120,test,10,1,1,
syn-e03_c10-test-0121,test,10,1,1,
syn-e03_c10-test-0122,test,10,1,1,
syn-e03_c10-test-0123,test,10,1,1,
syn-e03_c10-test-0124,test,10,1,1,
syn-e03_c10-test-0125,test,10,1,1,
syn-e03_c10-test-0126,test,10,1,1,
syn-e03_c10-test-0127,test,10,1,1,
syn-e03_c10-test-0128,test,10,1,1,
syn-e03_c10-test-0129,test,10,1,1,
syn-e03_c10-test-0130,test,10,1,1,
syn-e03_c10-test-0131,test,10,1,1,
syn-e03_c10-test-0132,test,10,1,1,
syn-e03_c10-test-0133,test,10,1,1,
syn-e03_c10-test-0134,test,10,1,1,
syn-e03_c10-test-0135,test,10,1,1,
syn-e03_c10-test-0136,test,10,1,1,
syn-e03_c10-test-0137,test,10,1,1,
syn-e03_c10-test-0138,test,10,1,1,
syn-e03_c10-test-0139,test,10,1,1,
syn-e03_c10-test-0140,test,10,1,1,
syn-e03_c10-test-0141,test,10,1,1,
syn-e03_c10-test-0142,test,10,1,1,
syn-e03_c10-test-0143,test,10,1,1,
syn-e03_c10-test-0144,test,10,1,1,
syn-e03_c10-test-0145,test,10,1,1,
syn-e03_c10-test-0146,test,10,1,1,
syn-e03_c10-test-0147,test,10,1,1,
syn-e03_c10-test-0148,test,10,1,1,
syn-e03_c10-test-0149,test,10,1,1,
syn-e03_c10-test-0150,test,10,1,1,
syn-e03_c10-test-0151,test,10,1,1,
syn-e03_c10-test-0152,test,10,1,1,
syn-e03_c10-test-0153,test,10,1,1,
syn-e03_c10-test-0154,test,10,1,1,
syn-e03_c10-test-0155,test,10,1,1,
syn-e03_c10-test-0156,test,10,1,1,
syn-e03_c10-test-0157,test,10,1,1,
syn-e03_c10-test-0158,test,10,1,1,
syn-e03_c10-test-0159,test,10,1,1,
syn-e03_c10-test-0160,test,10,1,1,
syn-e03_c10-test-0161,test,10,1,1,
syn-e03_c10-test-0162,test,10,1,1,
syn-e03_c10-test-0163,test,10,1,1,
syn-e03_c10-test-0164,test,10,1,1,
syn-e03_c10-test-0165,test,10,1,1,
syn-e03_c10-test-0166,test,10,1,1,
syn-e03_c10-test-0167,test,10,1,1,
syn-e03_c10-test-0168,test,10,1,1,
syn-e03_c10-test-0169,test,10,1,1,
syn-e03_c10-test-0170,test,10,1,1,
syn-e03_c10-test-0171,test,10,1,1,
syn-e03_c10-test-0172,test,10,1,1,
syn-e03_c10-test-0173,test,10,1,1,
syn-e03_c10-test-0174,test,10,1,1,
syn-e03_c10-test-0175,test,10,1,1,
syn-e03_c10-test-0176,test,10,1,1,
syn-e03_c10-test-0177,test,10,1,1,
syn-e03_c10-test-0178,test,10,1,1,
syn-e03_c10-test-0179,test,10,1,1,
syn-e03_c10-test-0180,test,10,1,1,
syn-e03_c10-test-0181,test,10,1,1,
syn-e03_c10-test-0182,test,10,1,1,
syn-e03_c10-test-0183,test,10,1,1,
syn-e03_c10-test-0184,test,10,1,1,
syn-e03_c10-test-0185,test,10,1,1,
syn-e03_c10-test-0186,test,10,1,1,
syn-e03_c10-test-0187,test,10,1,1,
syn-e03_c10-test-0188,test,10,1,1,
syn-e03_c10-test-0189,test,10,1,1,
syn-e03_c10-test-0190,test,10,1,1,
syn-e03_c10-test-0191,test,10,1,1,
syn-e03_c10-test-0192,test,10,1,1,
syn-e03_c10-test-0193,test,10,1,1,
syn-e03_c10-test-0194,test,10,1,1,
syn-e03_c10-test-0195,test,10,1,1,
syn-e03_c10-test-0196,test,10,1,1,
syn-e03_c10-test-0197,test,10,1,1,
syn-e03_c10-test-0198,test,10,1,1,
syn-e03_c10-test-0199,test,10,1,1,
syn-e03_c10-test-0200,test,10,1,1,
syn-e03_c10-test-0201,test,10,1,1,
syn-e03_c10-test-0202,test,10,1,1,
syn-e03_c10-test-0203,test,10,1,1,
syn-e03_c10-test-0204,test,10,1,1,
syn-e03_c10-test-0205,test,10,1,1,
syn-e03_c10-test-0206,test,10,1,1,
syn-e03_c10-test-0207,test,10,1,1,
syn-e03_c10-test-0208,test,10,1,1,
syn-e03_c10-test-0209,test,10,1,1,
syn-e03_c10-test-0210,test,10,1,1,
syn-e03_c10-test-0211,test,10,1,1,
syn-e03_c10-test-0212,test,10,1,1,
syn-e03_c10-test-0213,test,10,1,1,
syn-e03_c10-test-0214,test,10,1,1,
syn-e03_c10-test-0215,test,10,1,1,
syn-e03_c10-test-0216,test,10,1,1,
syn-e03_c10-test-0217,test,10,1,1,
syn-e03_c10-test-0218,test,10,1,1,
syn-e03_c10-test-0219,test,10,1,1,
syn-e03_c10-test-0220,test,10,1,1,
syn-e03_c10-test-0221,test,10,1,1,
syn-e03_c10-test-0222,test,10,1,1,
syn-e03_c10-test-0223,test,10,1,1,
syn-e03_c10-test-0224,test,10,1,1,
syn-e03_c10-test-0225,test,10,1,1,
syn-e03_c10-test-0226,test,10,1,1,
syn-e03_c10-test-0227,test,10,1,1,
syn-e03_c10-test-0228,test,10,1,1,
syn-e03_c10-test-0229,test,10,1,1,
syn-e03_c10-test-0230,test,10,1,1,
syn-e03_c10-test-0231,test,10,1,1,
syn-e03_c10-test-0232,test,10,1,1,
syn-e03_c10-test-0233,test,10,1,1,
syn-e03_c10-test-0234,test,10,1,1,
syn-e03_c10-test-0235,test,10,1,1,
syn-e03_c10-test-0236,test,10,1,1,
syn-e03_c10-test-0237,test,10,1,1,
syn-e03_c10-test-0238,test,10,1,1,
syn-e03_c10-test-0239,test,10,1,1,
syn-e03_c10-test-0240,test,10,1,1,
syn-e03_c10-test-0241,test,10,1,1,
syn-e03_c10-test-0242,test,10,1,1,
syn-e03_c10-test-0243,test,10,1,1,
syn-e03_c10-test-0244,test,10,1,1,
syn-e03_c10-test-0245,test,10,1,1,
syn-e03_c10-test-0246,test,10,1,1,
syn-e03_c10-test-0247,test,10,1,1,
syn-e03_c10-test-0248,test,10,1,1,
syn-e03_c10-test-0249,test,10,1,1,
syn-e03_c10-test-0250,test,10,1,1,
syn-e03_c10-test-0251,test,10,1,1,
syn-e03_c10-test-0252,test,10,1,1,
syn-e03_c10-test-0253,test,10,1,1,
syn-e03_c10-test-0254,test,10,1,1,
syn-e03_c10-test-0255,test,10,1,1,
syn-e03_c10-test-0256,test,10,1,1,
syn-e03_c10-test-0257,test,10,1,1,
syn-e03_c10-test-0258,test,10,1,1,
syn-e03_c10-test-0259,test,10,1,1,
syn-e03_c10-test-0260,test,10,1,1,
syn-e03_c10-test-0261,test,10,1,1,
syn-e03_c10-test-0262,test,10,1,1,
syn-e03_c10-test-0263,test,10,1,1,
syn-e03_c10-test-0264,test,10,1,1,
syn-e03_c10-test-0265,test,10,1,1,
syn-e03_c10-test-0266,test,10,1,1,
syn-e03_c10-test-0267,test,10,1,1,
syn-e03_c10-test-0268,test,10,1,1,
syn-e03_c10-test-0269,test,10,1,1,
syn-e03_c10-test-0270,test,10,1,1,
syn-e03_c10-test-0271,test,10,1,1,
syn-e03_c10-test-0272,test,10,1,1,
syn-e03_c10-test-0273,test,10,1,1,
syn-e03_c10-test-0274,test,10,1,1,
syn-e03_c10-test-0275,test,10,1,1,
syn-e03_c10-test-0276,test,10,1,1,
syn-e03_c10-test-0277,test,10,1,1,
syn-e03_c10-test-0278,test,10,1,1,
syn-e03_c10-test-0279,test,10,1,1,
syn-e03_c10-test-0280,test,10,1,1,
syn-e03_c10-test-0281,test,10,1,1,
syn-e03_c10-test-0282,test,10,1,1,
syn-e03_c10-test-0283,test,10,1,1,
syn-e03_c10-test-0284,test,10,1,1,
syn-e03_c10-test-0285,test,10,1,1,
syn-e03_c10-test-0286,test,10,1,1,
syn-e03_c10-test-0287,test,10,1,1,
syn-e03_c10-test-0288,test,10,1,1,
syn-e03_c10-test-0289,test,10,1,1,
syn-e03_c10-test-0290,test,10,1,1,
syn-e03_c10-test-0291,test,10,1,1,
syn-e03_c10-test-0292,test,10,1,1,
syn-e03_c10-test-0293,test,10,1,1,
syn-e03_c10-test-0294,test,10,1,1,
syn-e03_c10-test-0295,test,10,1,1,
syn-e03_c10-test-0296,test,10,1,1,
syn-e03_c10-test-0297,test,10,1,1,
syn-e03_c10-test-0298,test,10,1,1,
syn-e03_c10-test-0299,test,10,1,1,
syn-e03_c10-test-0300,test,10,1,1,
syn-e03_c10-test-0301,test,10,1,1,
syn-e03_c10-test-0302,test,10,1,1,
syn-e03_c10-test-0303,test,10,1,1,
syn-e03_c10-test-0304,test,10,1,1,
syn-e03_c10-test-0305,test,10,1,1,
syn-e03_c10-test-0306,test,10,1,1,
syn-e03_c10-test-0307,test,10,1,1,
syn-e03_c10-test-0308,test,10,1,1,
syn-e03_c10-test-0309,test,10,1,1,
syn-e03_c10-test-0310,test,10,1,1,
syn-e03_c10-test-0311,test,10,1,1,
syn-e03_c10-test-0312,test,10,1,1,
syn-e03_c10-test-0313,test,10,1,1,
syn-e03_c10-test-0314,test,10,1,1,
syn-e03_c10-test-0315,test,10,1,1,
syn-e03_c10-test-0316,test,10,1,1,
syn-e03_c10-test-0317,test,10,1,1,
syn-e03_c10-test-0318,test,10,1,1,
syn-e03_c10-test-0319,test,10,1,1,
syn-e03_c10-test-0320,test,10,1,1,
syn-e03_c10-test-0321,test,10,1,1,
syn-e03_c10-test-0322,test,10,1,1,
syn-e03_c10-test-0323,test,10,1,1,
syn-e03_c10-test-0324,test,10,1,1,
syn-e03_c10-test-0325,test,10,1,1,
syn-e03_c10-test-0326,test,10,1,1,
syn-e03_c10-test-0327,test,10,1,1,
syn-e03_c10-test-0328,test,10,1,1,
syn-e03_c10-test-0329,test,10,1,1,
syn-e03_c10-test-0330,test,10,1,1,
syn-e03_c10-test-0331,test,10,1,1,
syn-e03_c10-test-0332,test,10,1,1,
syn-e03_c10-test-0333,test,10,1,1,
syn-e03_c10-test-0334,test,10,1,1,
syn-e03_c10-test-0335,test,10,1,1,
syn-e03_c10-test-0336,test,10,1,1,
syn-e03_c10-test-0337,test,10,1,1,
syn-e03_c10-test-0338,test,10,1,1,
syn-e03_c10-test-0339,test,10,1,1,
syn-e03_c10-test-0340,test,10,1,1,
syn-e03_c10-test-0341,test,10,1,1,
syn-e03_c10-test-0342,test,10,1,1,
syn-e03_c10-test-0343,test,10,1,1,
syn-e03_c10-test-0344,test,10,1,1,
syn-e03_c10-test-0345,test,10,1,1,
syn-e03_c10-test-0346,test,10,1,1,
syn-e03_c10-test-0347,test,10,1,1,
syn-e03_c10-test-0348,test,10,1,1,
syn-e03_c10-test-0349,test,10,1,1,
syn-e03_c10-test-0350,test,10,1,1,
syn-e03_c10-test-0351,test,10,1,1,
syn-e03_c10-test-0352,test,10,1,1,
syn-e03_c10-test-0353,test,10,1,1,
syn-e03_c10-test-0354,test,10,1,1,
syn-e03_c10-test-0355,test,10,1,1,
syn-e03_c10-test-0356,test,10,1,1,
syn-e03_c10-test-0357,test,10,1,1,
syn-e03_c10-test-0358,test,10,1,1,
syn-e03_c10-test-0359,test,10,1,1,
syn-e03_c10-test-0360,test,10,1,1,
syn-e03_c10-test-0361,test,10,1,1,
syn-e03_c10-test-0362,test,10,1,1,
syn-e03_c10-test-0363,test,10,1,1,
syn-e03_c10-test-0364,test,10,1,1,
syn-e03_c10-test-0365,test,10,1,1,
syn-e03_c10-test-0366,test,10,1,1,
syn-e03_c10-test-0367,test,10,1,1,
syn-e03_c10-test-0368,test,10,1,1,
syn-e03_c10-test-0369,test,10,1,1,
syn-e03_c10-test-0370,test,10,1,1,
syn-e03_c10-test-0371,test,10,1,1,
syn-e03_c10-test-0372,test,10,1,1,
syn-e03_c10-test-0373,test,10,1,1,
syn-e03_c10-test-0374,test,10,1,1,
syn-e03_c10-test-0375,test,10,1,1,
syn-e03_c10-test-0376,test,10,1,1,
syn-e03_c10-test-0377,test,10,1,1,
syn-e03_c10-test-0378,test,10,1,1,
syn-e03_c10-test-0379,test,10,1,1,
syn-e03_c10-test-0380,test,10,1,1,
syn-e03_c10-test-0381,test,10,1,1,
syn-e03_c10-test-0382,test,10,1,1,
syn-e03_c10-test-0383,test,10,1,1,
syn-e03_c10-test-0384,test,10,1,1,
syn-e03_c10-test-0385,test,10,1,1,
syn-e03_c10-test-0386,test,10,1,1,
syn-e03_c10-test-0387,test,10,1,1,
syn-e03_c10-test-0388,test,10,1,1,
syn-e03_c10-test-0389,test,10,1,1,
syn-e03_c10-test-0390,test,10,1,1,
syn-e03_c10-test-0391,test,10,1,1,
syn-e03_c10-test-0392,test,10,1,1,
syn-e03_c10-test-0393,test,10,1,1,
syn-e03_c10-test-0394,test,10,1,1,
syn-e03_c10-test-0395,test,10,1,1,
syn-e03_c10-test-0396,test,10,1,1,
syn-e03_c10-test-0397,test,10,1,1,
syn-e03_c10-test-0398,test,10,1,1,
syn-e03_c10-test-0399,test,10,1,1,
syn-e03_c10-test-0400,test,10,1,1,
syn-e03_c10-test-0401,test,10,1,1,
syn-e03_c10-test-0402,test,10,1,1,
syn-e03_c10-test-0403,test,10,1,1,
syn-e03_c10-test-0404,test,10,1,1,
syn-e03_c10-test-0405,test,10,1,1,
syn-e03_c10-test-0406,test,10,1,1,
syn-e03_c10-test-0407,test,10,1,1,
syn-e03_c10-test-0408,test,10,1,1,
syn-e03_c10-test-0409,test,10,1,1,
syn-e03_c10-test-0410,test,10,1,1,
syn-e03_c10-test-0411,test,10,1,1,
syn-e03_c10-test-0412,test,10,1,1,
syn-e03_c10-test-0413,test,10,1,1,
syn-e03_c10-test-0414,test,10,1,1,
syn-e03_c10-test-0415,test,10,1,1,
syn-e03_c10-test-0416,test,10,1,1,
syn-e03_c10-test-0417,test,10,1,1,
syn-e03_c10-test-0418,test,10,1,1,
syn-e03_c10-test-0419,test,10,1,1,
syn-e03_c10-test-0420,test,10,1,1,
syn-e03_c10-test-0421,test,10,1,1,
syn-e03_c10-test-0422,test,10,1,1,
syn-e03_c10-test-0423,test,10,1,1,
syn-e03_c10-test-0424,test,10,1,1,
syn-e03_c10-test-0425,test,10,1,1,
syn-e03_c10-test-0426,test,10,1,1,
syn-e03_c10-test-0427,test,10,1,1,
syn-e03_c10-test-0428,test,10,1,1,
syn-e03_c10-test-0429,test,10,1,1,
syn-e03_c10-test-0430,test,10,1,1,
syn-e03_c10-test-0431,test,10,1,1,
syn-e03_c10-test-0432,test,10,1,1,
syn-e03_c10-test-0433,test,10,1,1,
syn-e03_c10-test-0434,test,10,1,1,
syn-e03_c10-test-0435,test,10,1,1,
syn-e03_c10-test-0436,test,10,1,1,
syn-e03_c10-test-0437,test,10,1,1,
syn-e03_c10-test-0438,test,10,1,1,
syn-e03_c10-test-0439,test,10,1,1,
syn-e03_c10-test-0440,test,10,1,1,
syn-e03_c10-test-0441,test,10,1,1,
syn-e03_c10-test-0442,test,10,1,1,
syn-e03_c10-test-0443,test,10,1,1,
syn-e03_c10-test-0444,test,10,1,1,
syn-e03_c10-test-0445,test,10,1,1,
syn-e03_c10-test-0446,test,10,1,1,
syn-e03_c10-test-0447,test,10,1,1,
syn-e03_c10-test-0448,test,10,1,1,
syn-e03_c10-test-0449,test,10,1,1,
syn-e03_c10-test-0450,test,10,1,1,
syn-e03_c10-test-0451,test,10,1,1,
syn-e03_c10-test-0452,test,10,1,1,
syn-e03_c10-test-0453,test,10,1,1,
syn-e03_c10-test-0454,test,10,1,1,
syn-e03_c10-test-0455,test,10,1,1,
syn-e03_c10-test-0456,test,10,1,1,
syn-e03_c10-test-0457,test,10,1,1,
syn-e03_c10-test-0458,test,10,1,1,
syn-e03_c10-test-0459,test,10,1,1,
syn-e03_c10-test-0460,test,10,1,1,
syn-e03_c10-test-0461,test,10,1,1,
syn-e03_c10-test-0462,test,10,1,1,
syn-e03_c10-test-0463,test,10,1,1,
syn-e03_c10-test-0464,test,10,1,1,
syn-e03_c10-test-0465,test,10,1,1,
syn-e03_c10-test-0466,test,10,1,1,
syn-e03_c10-test-0467,test,10,1,1,
syn-e03_c10-test-0468,test,10,1,1,
syn-e03_c10-test-0469,test,10,1,1,
syn-e03_c10-test-0470,test,10,1,1,
syn-e03_c10-test-0471,test,10,1,1,
syn-e03_c10-test-0472,test,10,1,1,
syn-e03_c10-test-0473,test,10,1,1,
syn-e03_c10-test-0474,test,10,1,1,
syn-e03_c10-test-0475,test,10,1,1,
syn-e03_c10-test-0476,test,10,1,1,
syn-e03_c10-test-0477,test,10,1,1,
syn-e03_c10-test-0478,test,10,1,1,
syn-e03_c10-test-0479,test,10,1,1,
syn-e03_c10-test-0480,test,10,1,1,
syn-e03_c10-test-0481,test,10,1,1,
syn-e03_c10-test-0482,test,10,1,1,
syn-e03_c10-test-0483,test,10,1,1,
syn-e03_c10-test-0484,test,10,1,1,
syn-e03_c10-test-0485,test,10,1,1,
syn-e03_c10-test-0486,test,10,1,1,
syn-e03_c10-test-0487,test,10,1,1,
syn-e03_c10-test-0488,test,10,1,1,
syn-e03_c10-test-0489,test,10,1,1,
syn-e03_c10-test-0490,test,10,1,1,
syn-e03_c10-test-0491,test,10,1,1,
syn-e03_c10-test-0492,test,10,1,1,
syn-e03_c10-test-0493,test,10,1,1,
syn-e03_c10-test-0494,test,10,1,1,
syn-e03_c10-test-0495,test,10,1,1,
syn-e03_c10-test-0496,test,10,1,1,
syn-e03_c10-test-0497,test,10,1,1,
syn-e03_c10-test-0498,test,10,1,1,
syn-e03_c10-test-0499,test,10,1,1,
syn-e03_c10-test-0500,test,10,1,1,
syn-e03_c10-test-0501,test,10,1,1,
syn-e03_c10-test-0502,test,10,1,1,
syn-e03_c10-test-0503,test,10,1,1,
syn-e03_c10-test-0504,test,10,1,1,
syn-e03_c10-test-0505,test,10,1,1,
syn-e03_c10-test-0506,test,10,1,1,
syn-e03_c10-test-0507,test,10,1,1,
syn-e03_c10-test-0508,test,10,1,1,
syn-e03_c10-test-0509,test,10,1,1,
syn-e03_c10-test-0510,test,10,1,1,
syn-e03_c10-test-0511,test,10,1,1,
syn-e03_c10-test-0512,test,10,1,1,
syn-e03_c10-test-0513,test,10,1,1,
syn-e03_c10-test-0514,test,10,1,1,
syn-e03_c10-test-0515,test,10,1,1,
syn-e03_c10-test-0516,test,10,1,1,
syn-e03_c10-test-0517,test,10,1,1,
syn-e03_c10-test-0518,test,10,1,1,
syn-e03_c10-test-0519,test,10,1,1,
syn-e03_c10-test-0520,test,10,1,1,
syn-e03_c10-test-0521,test,10,1,1,
syn-e03_c10-test-0522,test,10,1,1,
syn-e03_c10-test-0523,test,10,1,1,
syn-e03_c10-test-0524,test,10,1,1,
syn-e03_c10-test-0525,test,10,1,1,
syn-e03_c10-test-0526,test,10,1,1,
syn-e03_c10-test-0527,test,10,1,1,
syn-e03_c10-test-0528,test,10,1,1,
syn-e03_c10-test-0529,test,10,1,1,
syn-e03_c10-test-0530,test,10,1,1,
syn-e03_c10-test-0531,test,10,1,1,
syn-e03_c10-test-0532,test,10,1,1,
syn-e03_c10-test-0533,test,10,1,1,
syn-e03_c10-test-0534,test,10,1,1,
syn-e03_c10-test-0535,test,10,1,1,
syn-e03_c10-test-0536,test,10,1,1,
syn-e03_c10-test-0537,test,10,1,1,
syn-e03_c10-test-0538,test,10,1,1,
syn-e03_c10-test-0539,test,10,1,1,
syn-e03_c10-test-0540,test,10,1,1,
syn-e03_c10-test-0541,test,10,1,1,
syn-e03_c10-test-0542,test,10,1,1,
syn-e03_c10-test-0543,test,10,1,1,
syn-e03_c10-test-0544,test,10,1,1,
syn-e03_c10-test-0545,test,10,1,1,
syn-e03_c10-test-0546,test,10,1,1,
syn-e03_c10-test-0547,test,10,1,1,
syn-e03_c10-test-0548,test,10,1,1,
syn-e03_c10-test-0549,test,10,1,1,
syn-e03_c10-test-0550,test,10,1,1,
syn-e03_c10-test-0551,test,10,1,1,
syn-e03_c10-test-0552,test,10,1,1,
syn-e03_c10-test-0553,test,10,1,1,
syn-e03_c10-test-0554,test,10,1,1,
syn-e03_c10-test-0555,test,10,1,1,
syn-e03_c10-test-0556,test,10,1,1,
syn-e03_c10-test-0557,test,10,1,1,
syn-e03_c10-test-0558,test,10,1,1,
syn-e03_c10-test-0559,test,10,1,1,
syn-e03_c10-test-0560,test,10,1,1,
syn-e03_c10-test-0561,test,10,1,1,
syn-e03_c10-test-0562,test,10,1,1,
syn-e03_c10-test-0563,test,10,1,1,
syn-e03_c10-test-0564,test,10,1,1,
syn-e03_c10-test-0565,test,10,1,1,
syn-e03_c10-test-0566,test,10,1,1,
syn-e03_c10-test-0567,test,10,1,1,
syn-e03_c10-test-0568,test,10,1,1,
syn-e03_c10-test-0569,test,10,1,1,
syn-e03_c10-test-0570,test,10,1,1,
syn-e03_c10-test-0571,test,10,1,1,
syn-e03_c10-test-0572,test,10,1,1,
syn-e03_c10-test-0573,test,10,1,1,
syn-e03_c10-test-0574,test,10,1,1,
syn-e03_c10-test-0575,test,10,1,1,
syn-e03_c10-test-0576,test,10,1,1,
syn-e03_c10-test-0577,test,10,1,1,
syn-e03_c10-test-0578,test,10,1,1,
syn-e03_c10-test-0579,test,10,1,1,
syn-e03_c10-test-0580,test,10,1,1,
syn-e03_c10-test-0581,test,10,1,1,
syn-e03_c10-test-0582,test,10,1,1,
syn-e03_c10-test-0583,test,10,1,1,
syn-e03_c10-test-0584,test,10,1,1,
syn-e03_c10-test-0585,test,10,1,1,
syn-e03_c10-test-0586,test,10,1,1,
syn-e03_c10-test-0587,test,10,1,1,
syn-e03_c10-test-0588,test,10,1,1,
syn-e03_c10-test-0589,test,10,1,1,
syn-e03_c10-test-0590,test,10,1,1,
syn-e03_c10-test-0591,test,10,1,1,
syn-e03_c10-test-0592,test,10,1,1,
syn-e03_c10-test-0593,test,10,1,1,
syn-e03_c10-test-0594,test,10,1,1,
syn-e03_c10-test-0595,test,10,1,1,
syn-e03_c10-test-0596,test,10,1,1,
syn-e03_c10-test-0597,test,10,1,1,
syn-e03_c10-test-0598,test,10,1,1,
syn-e03_c10-test-0599,test,10,1,1,
syn-e03_c10-test-0600,test,10,1,1,
syn-e03_c10-test-0601,test,10,1,1,
syn-e03_c10-test-0602,test,10,1,1,
syn-e03_c10-test-0603,test,10,1,1,
syn-e03_c10-test-0604,test,10,1,1,
syn-e03_c10-test-0605,test,10,1,1,
syn-e03_c10-test-0606,test,10,1,1,
syn-e03_c10-test-0607,test,10,1,1,
syn-e03_c10-test-0608,test,10,1,1,
syn-e03_c10-test-0609,test,10,1,1,
syn-e03_c10-test-0610,test,10,1,1,
syn-e03_c10-test-0611,test,10,1,1,
syn-e03_c10-test-0612,test,10,1,1,
syn-e03_c10-test-0613,test,10,1,1,
syn-e03_c10-test-0614,test,10,1,1,
syn-e03_c10-test-0615,test,10,1,1,
syn-e03_c10-test-0616,test,10,1,1,
syn-e03_c10-test-0617,test,10,1,1,
syn-e03_c10-test-0618,test,10,1,1,
syn-e03_c10-test-0619,test,10,1,1,
syn-e03_c10-test-0620,test,10,1,1,
syn-e03_c10-test-0621,test,10,1,1,
syn-e03_c10-test-0622,test,10,1,1,
syn-e03_c10-test-0623,test,10,1,1,
syn-e03_c10-test-0624,test,10,1,1,
syn-e03_c10-test-0625,test,10,1,1,
syn-e03_c10-test-0626,test,10,1,1,
syn-e03_c10-test-0627,test,10,1,1,
syn-e03_c10-test-0628,test,10,1,1,
syn-e03_c10-test-0629,test,10,1,1,
syn-e03_c10-test-0630,test,10,1,1,
syn-e03_c10-test-0631,test,10,1,1,
syn-e03_c10-test-0632,test,10,1,1,
syn-e03_c10-test-0633,test,10,1,1,
syn-e03_c10-test-0634,test,10,1,1,
syn-e03_c10-test-0635,test,10,1,1,
syn-e03_c10-test-0636,test,10,1,1,
syn-e03_c10-test-0637,test,10,1,1,
syn-e03_c10-test-0638,test,10,1,1,
syn-e03_c10-test-0639,test,10,1,1,
syn-e03_c10-test-0640,test,10,1,1,
syn-e03_c10-test-0641,test,10,1,1,
syn-e03_c10-test-0642,test,10,1,1,
syn-e03_c10-test-0643,test,10,1,1,
syn-e03_c10-test-0644,test,10,1,1,
syn-e03_c10-test-0645,test,10,1,1,
syn-e03_c10-test-0646,test,10,1,1,
syn-e03_c10-test-0647,test,10,1,1,
syn-e03_c10-test-0648,test,10,1,1,
syn-e03_c10-test-0649,test,10,1,1,
syn-e03_c10-test-0650,test,10,1,1,
syn-e03_c10-test-0651,test,10,1,1,
syn-e03_c10-test-0652,test,10,1,1,
syn-e03_c10-test-0653,test,10,1,1,
syn-e03_c10-test-0654,test,10,1,1,
syn-e03_c10-test-0655,test,10,1,1,
syn-e03_c10-test-0656,test,10,1,1,
syn-e03_c10-test-0657,test,10,1,1,
syn-e03_c10-test-0658,test,10,1,1,
syn-e03_c10-test-0659,test,10,1,1,
syn-e03_c10-test-0660,test,10,1,1,
syn-e03_c10-test-0661,test,10,1,1,
syn-e03_c10-test-0662,test,10,1,1,
syn-e03_c10-test-0663,test,10,1,1,
syn-e03_c10-test-0664,test,10,1,1,
syn-e03_c10-test-0665,test,10,1,1,
syn-e03_c10-test-0666,test,10,1,1,
syn-e03_c10-test-0667,test,10,1,1,
syn-e03_c10-test-0668,test,10,1,1,
syn-e03_c10-test-0669,test,10,1,1,
syn-e03_c10-test-0670,test,10,1,1,
syn-e03_c10-test-0671,test,10,1,1,
syn-e03_c10-test-0672,test,10,1,1,
syn-e03_c10-test-0673,test,10,1,1,
syn-e03_c10-test-0674,test,10,1,1,
syn-e03_c10-test-0675,test,10,1,1,
syn-e03_c10-test-0676,test,10,1,1,
syn-e03_c10-test-0677,test,10,1,1,
syn-e03_c10-test-0678,test,10,1,1,
syn-e03_c10-test-0679,test,10,1,1,
syn-e03_c10-test-0680,test,10,1,1,
syn-e03_c10-test-0681,test,10,1,1,
syn-e03_c10-test-0682,test,10,1,1,
syn-e03_c10-test-0683,test,10,1,1,
syn-e03_c10-test-0684,test,10,1,1,
syn-e03_c10-test-0685,test,10,1,1,
syn-e03_c10-test-0686,test,10,1,1,
syn-e03_c10-test-0687,test,10,1,1,
syn-e03_c10-test-0688,test,10,1,1,
syn-e03_c10-test-0689,test,10,1,1,
syn-e03_c10-test-0690,test,10,1,1,
syn-e03_c10-test-0691,test,10,1,1,
syn-e03_c10-test-0692,test,10,1,1,
syn-e03_c10-test-0693,test,10,1,1,
syn-e03_c10-test-0694,test,10,1,1,
syn-e03_c10-test-0695,test,10,1,1,
syn-e03_c10-test-0696,test,10,1,1,
syn-e03_c10-test-0697,test,10,1,1,
syn-e03_c10-test-0698,test,10,1,1,
syn-e03_c10-test-0699,test,10,1,1,
syn-e03_c10-test-0700,test,10,1,1,
syn-e03_c20-dev-0001,dev,20,1,1,
syn-e03_c20-dev-0002,dev,20,1,1,
syn-e03_c20-dev-0003,dev,20,1,1,
syn-e03_c20-dev-0004,dev,20,1,1,
syn-e03_c20-dev-0005,dev,20,1,1,
syn-e03_c20-dev-0006,dev,20,1,1,
syn-e03_c20-dev-0007,dev,20,1,1,
syn-e03_c20-dev-0008,dev,20,1,1,
syn-e03_c20-dev-0009,dev,20,1,1,
syn-e03_c20-dev-0010,dev,20,1,1,
syn-e03_c20-dev-0011,dev,20,1,1,
syn-e03_c20-dev-0012,dev,20,1,1,
syn-e03_c20-dev-0013,dev,20,1,1,
syn-e03_c20-dev-0014,dev,20,1,1,
syn-e03_c20-dev-0015,dev,20,1,1,
syn-e03_c20-dev-0016,dev,20,1,1,
syn-e03_c20-dev-0017,dev,20,1,1,
syn-e03_c20-dev-0018,dev,20,1,1,
syn-e03_c20-dev-0019,dev,20,1,1,
syn-e03_c20-dev-0020,dev,20,1,1,
syn-e03_c20-dev-0021,dev,20,1,1,
syn-e03_c20-dev-0022,dev,20,1,1,
syn-e03_c20-dev-0023,dev,20,1,1,
syn-e03_c20-dev-0024,dev,20,1,1,
syn-e03_c20-dev-0025,dev,20,1,1,
syn-e03_c20-dev-0026,dev,20,1,1,
syn-e03_c20-dev-0027,dev,20,1,1,
syn-e03_c20-dev-0028,dev,20,1,1,
syn-e03_c20-dev-0029,dev,20,1,1,
syn-e03_c20-dev-0030,dev,20,1,1,
syn-e03_c20-dev-0031,dev,20,1,1,
syn-e03_c20-dev-0032,dev,20,1,1,
syn-e03_c20-dev-0033,dev,20,1,1,
syn-e03_c20-dev-0034,dev,20,1,1,
syn-e03_c20-dev-0035,dev,20,1,1,
syn-e03_c20-dev-0036,dev,20,1,1,
syn-e03_c20-dev-0037,dev,20,1,1,
syn-e03_c20-dev-0038,dev,20,1,1,
syn-e03_c20-dev-0039,dev,20,1,1,
syn-e03_c20-dev-0040,dev,20,1,1,
syn-e03_c20-dev-0041,dev,20,1,1,
syn-e03_c20-dev-0042,dev,20,1,1,
syn-e03_c20-dev-0043,dev,20,1,1,
syn-e03_c20-dev-0044,dev,20,1,1,
syn-e03_c20-dev-0045,dev,20,1,1,
syn-e03_c20-dev-0046,dev,20,1,1,
syn-e03_c20-dev-0047,dev,20,1,1,
syn-e03_c20-dev-0048,dev,20,1,1,
syn-e03_c20-dev-0049,dev,20,1,1,
syn-e03_c20-dev-0050,dev,20,1,1,
syn-e03_c20-dev-0051,dev,20,1,1,
syn-e03_c20-dev-0052,dev,20,1,1,
syn-e03_c20-dev-0053,dev,20,1,1,
syn-e03_c20-dev-0054,dev,20,1,1,
syn-e03_c20-dev-0055,dev,20,1,1,
syn-e03_c20-dev-0056,dev,20,1,1,
syn-e03_c20-dev-0057,dev,20,1,1,
syn-e03_c20-dev-0058,dev,20,1,1,
syn-e03_c20-dev-0059,dev,20,1,1,
syn-e03_c20-dev-0060,dev,20,1,1,
syn-e03_c20-dev-0061,dev,20,1,1,
syn-e03_c20-dev-0062,dev,20,1,1,
syn-e03_c20-dev-0063,dev,20,1,1,
syn-e03_c20-dev-0064,dev,20,1,1,
syn-e03_c20-dev-0065,dev,20,1,1,
syn-e03_c20-dev-0066,dev,20,1,1,
syn-e03_c20-dev-0067,dev,20,1,1,
syn-e03_c20-dev-0068,dev,20,1,1,
syn-e03_c20-dev-0069,dev,20,1,1,
syn-e03_c20-dev-0070,dev,20,1,1,
syn-e03_c20-dev-0071,dev,20,1,1,
syn-e03_c20-dev-0072,dev,20,1,1,
syn-e03_c20-dev-0073,dev,20,1,1,
syn-e03_c20-dev-0074,dev,20,1,1,
syn-e03_c20-dev-0075,dev,20,1,1,
syn-e03_c20-dev-0076,dev,20,1,1,
syn-e03_c20-dev-0077,dev,20,1,1,
syn-e03_c20-dev-0078,dev,20,1,1,
syn-e03_c20-dev-0079,dev,20,1,1,
syn-e03_c20-dev-0080,dev,20,1,1,
syn-e03_c20-dev-0081,dev,20,1,1,
syn-e03_c20-dev-0082,dev,20,1,1,
syn-e03_c20-dev-0083,dev,20,1,1,
syn-e03_c20-dev-0084,dev,20,1,1,
syn-e03_c20-dev-0085,dev,20,1,1,
syn-e03_c20-dev-0086,dev,20,1,1,
syn-e03_c20-dev-0087,dev,20,1,1,
syn-e03_c20-dev-0088,dev,20,1,1,
syn-e03_c20-dev-0089,dev,20,1,1,
syn-e03_c20-dev-0090,dev,20,1,1,
syn-e03_c20-dev-0091,dev,20,1,1,
syn-e03_c20-dev-0092,dev,20,1,1,
syn-e03_c20-dev-0093,dev,20,1,1,
syn-e03_c20-dev-0094,dev,20,1,1,
syn-e03_c20-dev-0095,dev,20,1,1,
syn-e03_c20-dev-0096,dev,20,1,1,
syn-e03_c20-dev-0097,dev,20,1,1,
syn-e03_c20-dev-0098,dev,20,1,1,
syn-e03_c20-dev-0099,dev,20,1,1,
syn-e03_c20-dev-0100,dev,20,1,1,
syn-e03_c20-dev-0101,dev,20,1,1,
syn-e03_c20-dev-0102,dev,20,1,1,
syn-e03_c20-dev-0103,dev,20,1,1,
syn-e03_c20-dev-0104,dev,20,1,1,
syn-e03_c20-dev-0105,dev,20,1,1,
syn-e03_c20-dev-0106,dev,20,1,1,
syn-e03_c20-dev-0107,dev,20,1,1,
syn-e03_c20-dev-0108,dev,20,1,1,
syn-e03_c20-dev-0109,dev,20,1,1,
syn-e03_c20-dev-0110,dev,20,1,1,
syn-e03_c20-dev-0111,dev,20,1,1,
syn-e03_c20-dev-0112,dev,20,1,1,
syn-e03_c20-dev-0113,dev,20,1,1,
syn-e03_c20-dev-0114,dev,20,1,1,
syn-e03_c20-dev-0115,dev,20,1,1,
syn-e03_c20-dev-0116,dev,20,1,1,
syn-e03_c20-dev-0117,dev,20,1,1,
syn-e03_c20-dev-0118,dev,20,1,1,
syn-e03_c20-dev-0119,dev,20,1,1,
syn-e03_c20-dev-0120,dev,20,1,1,
syn-e03_c20-dev-0121,dev,20,1,1,
syn-e03_c20-dev-0122,dev,20,1,1,
syn-e03_c20-dev-0123,dev,20,1,1,
syn-e03_c20-dev-0124,dev,20,1,1,
syn-e03_c20-dev-0125,dev,20,1,1,
syn-e03_c20-dev-0126,dev,20,1,1,
syn-e03_c20-dev-0127,dev,20,1,1,
syn-e03_c20-dev-0128,dev,20,1,1,
syn-e03_c20-dev-0129,dev,20,1,1,
syn-e03_c20-dev-0130,dev,20,1,1,
syn-e03_c20-dev-0131,dev,20,1,1,
syn-e03_c20-dev-0132,dev,20,1,1,
syn-e03_c20-dev-0133,dev,20,1,1,
syn-e03_c20-dev-0134,dev,20,1,1,
syn-e03_c20-dev-0135,dev,20,1,1,
syn-e03_c20-dev-0136,dev,20,1,1,
syn-e03_c20-dev-0137,dev,20,1,1,
syn-e03_c20-dev-0138,dev,20,1,1,
syn-e03_c20-dev-0139,dev,20,1,1,
syn-e03_c20-dev-0140,dev,20,1,1,
syn-e03_c20-dev-0141,dev,20,1,1,
syn-e03_c20-dev-0142,dev,20,1,1,
syn-e03_c20-dev-0143,dev,20,1,1,
syn-e03_c20-dev-0144,dev,20,1,1,
syn-e03_c20-dev-0145,dev,20,1,1,
syn-e03_c20-dev-0146,dev,20,1,1,
syn-e03_c20-dev-0147,dev,20,1,1,
syn-e03_c20-dev-0148,dev,20,1,1,
syn-e03_c20-dev-0149,dev,20,1,1,
syn-e03_c20-dev-0150,dev,20,1,1,
syn-e03_c20-dev-0151,dev,20,1,1,
syn-e03_c20-dev-0152,dev,20,1,1,
syn-e03_c20-dev-0153,dev,20,1,1,
syn-e03_c20-dev-0154,dev,20,1,1,
syn-e03_c20-dev-0155,dev,20,1,1,
syn-e03_c20-dev-0156,dev,20,1,1,
syn-e03_c20-dev-0157,dev,20,1,1,
syn-e03_c20-dev-0158,dev,20,1,1,
syn-e03_c20-dev-0159,dev,20,1,1,
syn-e03_c20-dev-0160,dev,20,1,1,
syn-e03_c20-dev-0161,dev,20,1,1,
syn-e03_c20-dev-0162,dev,20,1,1,
syn-e03_c20-dev-0163,dev,20,1,1,
syn-e03_c20-dev-0164,dev,20,1,1,
syn-e03_c20-dev-0165,dev,20,1,1,
syn-e03_c20-dev-0166,dev,20,1,1,
syn-e03_c20-dev-0167,dev,20,1,1,
syn-e03_c20-dev-0168,dev,20,1,1,
syn-e03_c20-dev-0169,dev,20,1,1,
syn-e03_c20-dev-0170,dev,20,1,1,
syn-e03_c20-dev-0171,dev,20,1,1,
syn-e03_c20-dev-0172,dev,20,1,1,
syn-e03_c20-dev-0173,dev,20,1,1,
syn-e03_c20-dev-0174,dev,20,1,1,
syn-e03_c20-dev-0175,dev,20,1,1,
syn-e03_c20-dev-0176,dev,20,1,1,
syn-e03_c20-dev-0177,dev,20,1,1,
syn-e03_c20-dev-0178,dev,20,1,1,
syn-e03_c20-dev-0179,dev,20,1,1,
syn-e03_c20-dev-0180,dev,20,1,1,
syn-e03_c20-dev-0181,dev,20,1,1,
syn-e03_c20-dev-0182,dev,20,1,1,
syn-e03_c20-dev-0183,dev,20,1,1,
syn-e03_c20-dev-0184,dev,20,1,1,
syn-e03_c20-dev-0185,dev,20,1,1,
syn-e03_c20-dev-0186,dev,20,1,1,
syn-e03_c20-dev-0187,dev,20,1,1,
syn-e03_c20-dev-0188,dev,20,1,1,
syn-e03_c20-dev-0189,dev,20,1,1,
syn-e03_c20-dev-0190,dev,20,1,1,
syn-e03_c20-dev-0191,dev,20,1,1,
syn-e03_c20-dev-0192,dev,20,1,1,
syn-e03_c20-dev-0193,dev,20,1,1,
syn-e03_c20-dev-0194,dev,20,1,1,
syn-e03_c20-dev-0195,dev,20,1,1,
syn-e03_c20-dev-0196,dev,20,1,1,
syn-e03_c20-dev-0197,dev,20,1,1,
syn-e03_c20-dev-0198,dev,20,1,1,
syn-e03_c20-dev-0199,dev,20,1,1,
syn-e03_c20-dev-0200,dev,20,1,1,
syn-e03_c20-dev-0201,dev,20,1,1,
syn-e03_c20-dev-0202,dev,20,1,1,
syn-e03_c20-dev-0203,dev,20,1,1,
syn-e03_c20-dev-0204,dev,20,1,1,
syn-e03_c20-dev-0205,dev,20,1,1,
syn-e03_c20-dev-0206,dev,20,1,1,
syn-e03_c20-dev-0207,dev,20,1,1,
syn-e03_c20-dev-0208,dev,20,1,1,
syn-e03_c20-dev-0209,dev,20,1,1,
syn-e03_c20-dev-0210,dev,20,1,1,
syn-e03_c20-dev-0211,dev,20,1,1,
syn-e03_c20-dev-0212,dev,20,1,1,
syn-e03_c20-dev-0213,dev,20,1,1,
syn-e03_c20-dev-0214,dev,20,1,1,
syn-e03_c20-dev-0215,dev,20,1,1,
syn-e03_c20-dev-0216,dev,20,1,1,
syn-e03_c20-dev-0217,dev,20,1,1,
syn-e03_c20-dev-0218,dev,20,1,1,
syn-e03_c20-dev-0219,dev,20,1,1,
syn-e03_c20-dev-0220,dev,20,1,1,
syn-e03_c20-dev-0221,dev,20,1,1,
syn-e03_c20-dev-0222,dev,20,1,1,
syn-e03_c20-dev-0223,dev,20,1,1,
syn-e03_c20-dev-0224,dev,20,1,1,
syn-e03_c20-dev-0225,dev,20,1,1,
syn-e03_c20-dev-0226,dev,20,1,1,
syn-e03_c20-dev-0227,dev,20,1,1,
syn-e03_c20-dev-0228,dev,20,1,1,
syn-e03_c20-dev-0229,dev,20,1,1,
syn-e03_c20-dev-0230,dev,20,1,1,
syn-e03_c20-dev-0231,dev,20,1,1,
syn-e03_c20-dev-0232,dev,20,1,1,
syn-e03_c20-dev-0233,dev,20,1,1,
syn-e03_c20-dev-0234,dev,20,1,1,
syn-e03_c20-dev-0235,dev,20,1,1,
syn-e03_c20-dev-0236,dev,20,1,1,
syn-e03_c20-dev-0237,dev,20,1,1,
syn-e03_c20-dev-0238,dev,20,1,1,
syn-e03_c20-dev-0239,dev,20,1,1,
syn-e03_c20-dev-0240,dev,20,1,1,
syn-e03_c20-dev-0241,dev,20,1,1,
syn-e03_c20-dev-0242,dev,20,1,1,
syn-e03_c20-dev-0243,dev,20,1,1,
syn-e03_c20-dev-0244,dev,20,1,1,
syn-e03_c20-dev-0245,dev,20,1,1,
syn-e03_c20-dev-0246,dev,20,1,1,
syn-e03_c20-dev-0247,dev,20,1,1,
syn-e03_c20-dev-0248,dev,20,1,1,
syn-e03_c20-dev-0249,dev,20,1,1,
syn-e03_c20-dev-0250,dev,20,1,1,
syn-e03_c20-dev-0251,dev,20,1,1,
syn-e03_c20-dev-0252,dev,20,1,1,
syn-e03_c20-dev-0253,dev,20,1,1,
syn-e03_c20-dev-0254,dev,20,1,1,
syn-e03_c20-dev-0255,dev,20,1,1,
syn-e03_c20-dev-0256,dev,20,1,1,
syn-e03_c20-dev-0257,dev,20,1,1,
syn-e03_c20-dev-0258,dev,20,1,1,
syn-e03_c20-dev-0259,dev,20,1,1,
syn-e03_c20-dev-0260,dev,20,1,1,
syn-e03_c20-dev-0261,dev,20,1,1,
syn-e03_c20-dev-0262,dev,20,1,1,
syn-e03_c20-dev-0263,dev,20,1,1,
syn-e03_c20-dev-0264,dev,20,1,1,
syn-e03_c20-dev-0265,dev,20,1,1,
syn-e03_c20-dev-0266,dev,20,1,1,
syn-e03_c20-dev-0267,dev,20,1,1,
syn-e03_c20-dev-0268,dev,20,1,1,
syn-e03_c20-dev-0269,dev,20,1,1,
syn-e03_c20-dev-0270,dev,20,1,1,
syn-e03_c20-dev-0271,dev,20,1,1,
syn-e03_c20-dev-0272,dev,20,1,1,
syn-e03_c20-dev-0273,dev,20,1,1,
syn-e03_c20-dev-0274,dev,20,1,1,
syn-e03_c20-dev-0275,dev,20,1,1,
syn-e03_c20-dev-0276,dev,20,1,1,
syn-e03_c20-dev-0277,dev,20,1,1,
syn-e03_c20-dev-0278,dev,20,1,1,
syn-e03_c20-dev-0279,dev,20,1,1,
syn-e03_c20-dev-0280,dev,20,1,1,
syn-e03_c20-dev-0281,dev,20,1,1,
syn-e03_c20-dev-0282,dev,20,1,1,
syn-e03_c20-dev-0283,dev,20,1,1,
syn-e03_c20-dev-0284,dev,20,1,1,
syn-e03_c20-dev-0285,dev,20,1,1,
syn-e03_c20-dev-0286,dev,20,1,1,
syn-e03_c20-dev-0287,dev,20,1,1,
syn-e03_c20-dev-0288,dev,20,1,1,
syn-e03_c20-dev-0289,dev,20,1,1,
syn-e03_c20-dev-0290,dev,20,1,1,
syn-e03_c20-dev-0291,dev,20,1,1,
syn-e03_c20-dev-0292,dev,20,1,1,
syn-e03_c20-dev-0293,dev,20,1,1,
syn-e03_c20-dev-0294,dev,20,1,1,
syn-e03_c20-dev-0295,dev,20,1,1,
syn-e03_c20-dev-0296,dev,20,1,1,
syn-e03_c20-dev-0297,dev,20,1,1,
syn-e03_c20-dev-0298,dev,20,1,1,
syn-e03_c20-dev-0299,dev,20,1,1,
syn-e03_c20-dev-0300,dev,20,1,1,
syn-e03_c20-test-0001,test,20,1,1,
syn-e03_c20-test-0002,test,20,1,1,
syn-e03_c20-test-0003,test,20,1,1,
syn-e03_c20-test-0004,test,20,1,1,
syn-e03_c20-test-0005,test,20,1,1,
syn-e03_c20-test-0006,test,20,1,1,
syn-e03_c20-test-0007,test,20,1,1,
syn-e03_c20-test-0008,test,20,1,1,
syn-e03_c20-test-0009,test,20,1,1,
syn-e03_c20-test-0010,test,20,1,1,
syn-e03_c20-test-0011,test,20,1,1,
syn-e03_c20-test-0012,test,20,1,1,
syn-e03_c20-test-0013,test,20,1,1,
syn-e03_c20-test-0014,test,20,1,1,
syn-e03_c20-test-0015,test,20,1,1,
syn-e03_c20-test-0016,test,20,1,1,
syn-e03_c20-test-0017,test,20,1,1,
syn-e03_c20-test-0018,test,20,1,1,
syn-e03_c20-test-0019,test,20,1,1,
syn-e03_c20-test-0020,test,20,1,1,
syn-e03_c20-test-0021,test,20,1,1,
syn-e03_c20-test-0022,test,20,1,1,
syn-e03_c20-test-0023,test,20,1,1,
syn-e03_c20-test-0024,test,20,1,1,
syn-e03_c20-test-0025,test,20,1,1,
syn-e03_c20-test-0026,test,20,1,1,
syn-e03_c20-test-0027,test,20,1,1,
syn-e03_c20-test-0028,test,20,1,1,
syn-e03_c20-test-0029,test,20,1,1,
syn-e03_c20-test-0030,test,20,1,1,
syn-e03_c20-test-0031,test,20,1,1,
syn-e03_c20-test-0032,test,20,1,1,
syn-e03_c20-test-0033,test,20,1,1,
syn-e03_c20-test-0034,test,20,1,1,
syn-e03_c20-test-0035,test,20,1,1,
syn-e03_c20-test-0036,test,20,1,1,
syn-e03_c20-test-0037,test,20,1,1,
syn-e03_c20-test-0038,test,20,1,1,
syn-e03_c20-test-0039,test,20,1,1,
syn-e03_c20-test-0040,test,20,1,1,
syn-e03_c20-test-0041,test,20,1,1,
syn-e03_c20-test-0042,test,20,1,1,
syn-e03_c20-test-0043,test,20,1,1,
syn-e03_c20-test-0044,test,20,1,1,
syn-e03_c20-test-0045,test,20,1,1,
syn-e03_c20-test-0046,test,20,1,1,
syn-e03_c20-test-0047,test,20,1,1,
syn-e03_c20-test-0048,test,20,1,1,
syn-e03_c20-test-0049,test,20,1,1,
syn-e03_c20-test-0050,test,20,1,1,
syn-e03_c20-test-0051,test,20,1,1,
syn-e03_c20-test-0052,test,20,1,1,
syn-e03_c20-test-0053,test,20,1,1,
syn-e03_c20-test-0054,test,20,1,1,
syn-e03_c20-test-0055,test,20,1,1,
syn-e03_c20-test-0056,test,20,1,1,
syn-e03_c20-test-0057,test,20,1,1,
syn-e03_c20-test-0058,test,20,1,1,
syn-e03_c20-test-0059,test,20,1,1,
syn-e03_c20-test-0060,test,20,1,1,
syn-e03_c20-test-0061,test,20,1,1,
syn-e03_c20-test-0062,test,20,1,1,
syn-e03_c20-test-0063,test,20,1,1,
syn-e03_c20-test-0064,test,20,1,1,
syn-e03_c20-test-0065,test,20,1,1,
syn-e03_c20-test-0066,test,20,1,1,
syn-e03_c20-test-0067,test,20,1,1,
syn-e03_c20-test-0068,test,20,1,1,
syn-e03_c20-test-0069,test,20,1,1,
syn-e03_c20-test-0070,test,20,1,1,
syn-e03_c20-test-0071,test,20,1,1,
syn-e03_c20-test-0072,test,20,1,1,
syn-e03_c20-test-0073,test,20,1,1,
syn-e03_c20-test-0074,test,20,1,1,
syn-e03_c20-test-0075,test,20,1,1,
syn-e03_c20-test-0076,test,20,1,1,
syn-e03_c20-test-0077,test,20,1,1,
syn-e03_c20-test-0078,test,20,1,1,
syn-e03_c20-test-0079,test,20,1,1,
syn-e03_c20-test-0080,test,20,1,1,
syn-e03_c20-test-0081,test,20,1,1,
syn-e03_c20-test-0082,test,20,1,1,
syn-e03_c20-test-0083,test,20,1,1,
syn-e03_c20-test-0084,test,20,1,1,
syn-e03_c20-test-0085,test,20,1,1,
syn-e03_c20-test-0086,test,20,1,1,
syn-e03_c20-test-0087,test,20,1,1,
syn-e03_c20-test-0088,test,20,1,1,
syn-e03_c20-test-0089,test,20,1,1,
syn-e03_c20-test-0090,test,20,1,1,
syn-e03_c20-test-0091,test,20,1,1,
syn-e03_c20-test-0092,test,20,1,1,
syn-e03_c20-test-0093,test,20,1,1,
syn-e03_c20-test-0094,test,20,1,1,
syn-e03_c20-test-0095,test,20,1,1,
syn-e03_c20-test-0096,test,20,1,1,
syn-e03_c20-test-0097,test,20,1,1,
syn-e03_c20-test-0098,test,20,1,1,
syn-e03_c20-test-0099,test,20,1,1,
syn-e03_c20-test-0100,test,20,1,1,
syn-e03_c20-test-0101,test,20,1,1,
syn-e03_c20-test-0102,test,20,1,1,
syn-e03_c20-test-0103,test,20,1,1,
syn-e03_c20-test-0104,test,20,1,1,
syn-e03_c20-test-0105,test,20,1,1,
syn-e03_c20-test-0106,test,20,1,1,
syn-e03_c20-test-0107,test,20,1,1,
syn-e03_c20-test-0108,test,20,1,1,
syn-e03_c20-test-0109,test,20,1,1,
syn-e03_c20-test-0110,test,20,1,1,
syn-e03_c20-test-0111,test,20,1,1,
syn-e03_c20-test-0112,test,20,1,1,
syn-e03_c20-test-0113,test,20,1,1,
syn-e03_c20-test-0114,test,20,1,1,
syn-e03_c20-test-0115,test,20,1,1,
syn-e03_c20-test-0116,test,20,1,1,
syn-e03_c20-test-0117,test,20,1,1,
syn-e03_c20-test-0118,test,20,1,1,
syn-e03_c20-test-0119,test,20,1,1,
syn-e03_c20-test-0120,test,20,1,1,
syn-e03_c20-test-0121,test,20,1,1,
syn-e03_c20-test-0122,test,20,1,1,
syn-e03_c20-test-0123,test,20,1,1,
syn-e03_c20-test-0124,test,20,1,1,
syn-e03_c20-test-0125,test,20,1,1,
syn-e03_c20-test-0126,test,20,1,1,
syn-e03_c20-test-0127,test,20,1,1,
syn-e03_c20-test-0128,test,20,1,1,
syn-e03_c20-test-0129,test,20,1,1,
syn-e03_c20-test-0130,test,20,1,1,
syn-e03_c20-test-0131,test,20,1,1,
syn-e03_c20-test-0132,test,20,1,1,
syn-e03_c20-test-0133,test,20,1,1,
syn-e03_c20-test-0134,test,20,1,1,
syn-e03_c20-test-0135,test,20,1,1,
syn-e03_c20-test-0136,test,20,1,1,
syn-e03_c20-test-0137,test,20,1,1,
syn-e03_c20-test-0138,test,20,1,1,
syn-e03_c20-test-0139,test,20,1,1,
syn-e03_c20-test-0140,test,20,1,1,
syn-e03_c20-test-0141,test,20,1,1,
syn-e03_c20-test-0142,test,20,1,1,
syn-e03_c20-test-0143,test,20,1,1,
syn-e03_c20-test-0144,test,20,1,1,
syn-e03_c20-test-0145,test,20,1,1,
syn-e03_c20-test-0146,test,20,1,1,
syn-e03_c20-test-0147,test,20,1,1,
syn-e03_c20-test-0148,test,20,1,1,
syn-e03_c20-test-0149,test,20,1,1,
syn-e03_c20-test-0150,test,20,1,1,
syn-e03_c20-test-0151,test,20,1,1,
syn-e03_c20-test-0152,test,20,1,1,
syn-e03_c20-test-0153,test,20,1,1,
syn-e03_c20-test-0154,test,20,1,1,
syn-e03_c20-test-0155,test,20,1,1,
syn-e03_c20-test-0156,test,20,1,1,
syn-e03_c20-test-0157,test,20,1,1,
syn-e03_c20-test-0158,test,20,1,1,
syn-e03_c20-test-0159,test,20,1,1,
syn-e03_c20-test-0160,test,20,1,1,
syn-e03_c20-test-0161,test,20,1,1,
syn-e03_c20-test-0162,test,20,1,1,
syn-e03_c20-test-0163,test,20,1,1,
syn-e03_c20-test-0164,test,20,1,1,
syn-e03_c20-test-0165,test,20,1,1,
syn-e03_c20-test-0166,test,20,1,1,
syn-e03_c20-test-0167,test,20,1,1,
syn-e03_c20-test-0168,test,20,1,1,
syn-e03_c20-test-0169,test,20,1,1,
syn-e03_c20-test-0170,test,20,1,1,
syn-e03_c20-test-0171,test,20,1,1,
syn-e03_c20-test-0172,test,20,1,1,
syn-e03_c20-test-0173,test,20,1,1,
syn-e03_c20-test-0174,test,20,1,1,
syn-e03_c20-test-0175,test,20,1,1,
syn-e03_c20-test-0176,test,20,1,1,
syn-e03_c20-test-0177,test,20,1,1,
syn-e03_c20-test-0178,test,20,1,1,
syn-e03_c20-test-0179,test,20,1,1,
syn-e03_c20-test-0180,test,20,1,1,
syn-e03_c20-test-0181,test,20,1,1,
syn-e03_c20-test-0182,test,20,1,1,
syn-e03_c20-test-0183,test,20,1,1,
syn-e03_c20-test-0184,test,20,1,1,
syn-e03_c20-test-0185,test,20,1,1,
syn-e03_c20-test-0186,test,20,1,1,
syn-e03_c20-test-0187,test,20,1,1,
syn-e03_c20-test-0188,test,20,1,1,
syn-e03_c20-test-0189,test,20,1,1,
syn-e03_c20-test-0190,test,20,1,1,
syn-e03_c20-test-0191,test,20,1,1,
syn-e03_c20-test-0192,test,20,1,1,
syn-e03_c20-test-0193,test,20,1,1,
syn-e03_c20-test-0194,test,20,1,1,
syn-e03_c20-test-0195,test,20,1,1,
syn-e03_c20-test-0196,test,20,1,1,
syn-e03_c20-test-0197,test,20,1,1,
syn-e03_c20-test-0198,test,20,1,1,
syn-e03_c20-test-0199,test,20,1,1,
syn-e03_c20-test-0200,test,20,1,1,
syn-e03_c20-test-0201,test,20,1,1,
syn-e03_c20-test-0202,test,20,1,1,
syn-e03_c20-test-0203,test,20,1,1,
syn-e03_c20-test-0204,test,20,1,1,
syn-e03_c20-test-0205,test,20,1,1,
syn-e03_c20-test-0206,test,20,1,1,
syn-e03_c20-test-0207,test,20,1,1,
syn-e03_c20-test-0208,test,20,1,1,
syn-e03_c20-test-0209,test,20,1,1,
syn-e03_c20-test-0210,test,20,1,1,
syn-e03_c20-test-0211,test,20,1,1,
syn-e03_c20-test-0212,test,20,1,1,
syn-e03_c20-test-0213,test,20,1,1,
syn-e03_c20-test-0214,test,20,1,1,
syn-e03_c20-test-0215,test,20,1,1,
syn-e03_c20-test-0216,test,20,1,1,
syn-e03_c20-test-0217,test,20,1,1,
syn-e03_c20-test-0218,test,20,1,1,
syn-e03_c20-test-0219,test,20,1,1,
syn-e03_c20-test-0220,test,20,1,1,
syn-e03_c20-test-0221,test,20,1,1,
syn-e03_c20-test-0222,test,20,1,1,
syn-e03_c20-test-0223,test,20,1,1,
syn-e03_c20-test-0224,test,20,1,1,
syn-e03_c20-test-0225,test,20,1,1,
syn-e03_c20-test-0226,test,20,1,1,
syn-e03_c20-test-0227,test,20,1,1,
syn-e03_c20-test-0228,test,20,1,1,
syn-e03_c20-test-0229,test,20,1,1,
syn-e03_c20-test-0230,test,20,1,1,
syn-e03_c20-test-0231,test,20,1,1,
syn-e03_c20-test-0232,test,20,1,1,
syn-e03_c20-test-0233,test,20,1,1,
syn-e03_c20-test-0234,test,20,1,1,
syn-e03_c20-test-0235,test,20,1,1,
syn-e03_c20-test-0236,test,20,1,1,
syn-e03_c20-test-0237,test,20,1,1,
syn-e03_c20-test-0238,test,20,1,1,
syn-e03_c20-test-0239,test,20,1,1,
syn-e03_c20-test-0240,test,20,1,1,
syn-e03_c20-test-0241,test,20,1,1,
syn-e03_c20-test-0242,test,20,1,1,
syn-e03_c20-test-0243,test,20,1,1,
syn-e03_c20-test-0244,test,20,1,1,
syn-e03_c20-test-0245,test,20,1,1,
syn-e03_c20-test-0246,test,20,1,1,
syn-e03_c20-test-0247,test,20,1,1,
syn-e03_c20-test-0248,test,20,1,1,
syn-e03_c20-test-0249,test,20,1,1,
syn-e03_c20-test-0250,test,20,1,1,
syn-e03_c20-test-0251,test,20,1,1,
syn-e03_c20-test-0252,test,20,1,1,
syn-e03_c20-test-0253,test,20,1,1,
syn-e03_c20-test-0254,test,20,1,1,
syn-e03_c20-test-0255,test,20,1,1,
syn-e03_c20-test-0256,test,20,1,1,
syn-e03_c20-test-0257,test,20,1,1,
syn-e03_c20-test-0258,test,20,1,1,
syn-e03_c20-test-0259,test,20,1,1,
syn-e03_c20-test-0260,test,20,1,1,
syn-e03_c20-test-0261,test,20,1,1,
syn-e03_c20-test-0262,test,20,1,1,
syn-e03_c20-test-0263,test,20,1,1,
syn-e03_c20-test-0264,test,20,1,1,
syn-e03_c20-test-0265,test,20,1,1,
syn-e03_c20-test-0266,test,20,1,1,
syn-e03_c20-test-0267,test,20,1,1,
syn-e03_c20-test-0268,test,20,1,1,
syn-e03_c20-test-0269,test,20,1,1,
syn-e03_c20-test-0270,test,20,1,1,
syn-e03_c20-test-0271,test,20,1,1,
syn-e03_c20-test-0272,test,20,1,1,
syn-e03_c20-test-0273,test,20,1,1,
syn-e03_c20-test-0274,test,20,1,1,
syn-e03_c20-test-0275,test,20,1,1,
syn-e03_c20-test-0276,test,20,1,1,
syn-e03_c20-test-0277,test,20,1,1,
syn-e03_c20-test-0278,test,20,1,1,
syn-e03_c20-test-0279,test,20,1,1,
syn-e03_c20-test-0280,test,20,1,1,
syn-e03_c20-test-0281,test,20,1,1,
syn-e03_c20-test-0282,test,20,1,1,
syn-e03_c20-test-0283,test,20,1,1,
syn-e03_c20-test-0284,test,20,1,1,
syn-e03_c20-test-0285,test,20,1,1,
syn-e03_c20-test-0286,test,20,1,1,
syn-e03_c20-test-0287,test,20,1,1,
syn-e03_c20-test-0288,test,20,1,1,
syn-e03_c20-test-0289,test,20,1,1,
syn-e03_c20-test-0290,test,20,1,1,
syn-e03_c20-test-0291,test,20,1,1,
syn-e03_c20-test-0292,test,20,1,1,
syn-e03_c20-test-0293,test,20,1,1,
syn-e03_c20-test-0294,test,20,1,1,
syn-e03_c20-test-0295,test,20,1,1,
syn-e03_c20-test-0296,test,20,1,1,
syn-e03_c20-test-0297,test,20,1,1,
syn-e03_c20-test-0298,test,20,1,1,
syn-e03_c20-test-0299,test,20,1,1,
syn-e03_c20-test-0300,test,20,1,1,
syn-e03_c20-test-0301,test,20,1,1,
syn-e03_c20-test-0302,test,20,1,1,
syn-e03_c20-test-0303,test,20,1,1,
syn-e03_c20-test-0304,test,20,1,1,
syn-e03_c20-test-0305,test,20,1,1,
syn-e03_c20-test-0306,test,20,1,1,
syn-e03_c20-test-0307,test,20,1,1,
syn-e03_c20-test-0308,test,20,1,1,
syn-e03_c20-test-0309,test,20,1,1,
syn-e03_c20-test-0310,test,20,1,1,
syn-e03_c20-test-0311,test,20,1,1,
syn-e03_c20-test-0312,test,20,1,1,
syn-e03_c20-test-0313,test,20,1,1,
syn-e03_c20-test-0314,test,20,1,1,
syn-e03_c20-test-0315,test,20,1,1,
syn-e03_c20-test-0316,test,20,1,1,
syn-e03_c20-test-0317,test,20,1,1,
syn-e03_c20-test-0318,test,20,1,1,
syn-e03_c20-test-0319,test,20,1,1,
syn-e03_c20-test-0320,test,20,1,1,
syn-e03_c20-test-0321,test,20,1,1,
syn-e03_c20-test-0322,test,20,1,1,
syn-e03_c20-test-0323,test,20,1,1,
syn-e03_c20-test-0324,test,20,1,1,
syn-e03_c20-test-0325,test,20,1,1,
syn-e03_c20-test-0326,test,20,1,1,
syn-e03_c20-test-0327,test,20,1,1,
syn-e03_c20-test-0328,test,20,1,1,
syn-e03_c20-test-0329,test,20,1,1,
syn-e03_c20-test-0330,test,20,1,1,
syn-e03_c20-test-0331,test,20,1,1,
syn-e03_c20-test-0332,test,20,1,1,
syn-e03_c20-test-0333,test,20,1,1,
syn-e03_c20-test-0334,test,20,1,1,
syn-e03_c20-test-0335,test,20,1,1,
syn-e03_c20-test-0336,test,20,1,1,
syn-e03_c20-test-0337,test,20,1,1,
syn-e03_c20-test-0338,test,20,1,1,
syn-e03_c20-test-0339,test,20,1,1,
syn-e03_c20-test-0340,test,20,1,1,
syn-e03_c20-test-0341,test,20,1,1,
syn-e03_c20-test-0342,test,20,1,1,
syn-e03_c20-test-0343,test,20,1,1,
syn-e03_c20-test-0344,test,20,1,1,
syn-e03_c20-test-0345,test,20,1,1,
syn-e03_c20-test-0346,test,20,1,1,
syn-e03_c20-test-0347,test,20,1,1,
syn-e03_c20-test-0348,test,20,1,1,
syn-e03_c20-test-0349,test,20,1,1,
syn-e03_c20-test-0350,test,20,1,1,
syn-e03_c20-test-0351,test,20,1,1,
syn-e03_c20-test-0352,test,20,1,1,
syn-e03_c20-test-0353,test,20,1,1,
syn-e03_c20-test-0354,test,20,1,1,
syn-e03_c20-test-0355,test,20,1,1,
syn-e03_c20-test-0356,test,20,1,1,
syn-e03_c20-test-0357,test,20,1,1,
syn-e03_c20-test-0358,test,20,1,1,
syn-e03_c20-test-0359,test,20,1,1,
syn-e03_c20-test-0360,test,20,1,1,
syn-e03_c20-test-0361,test,20,1,1,
syn-e03_c20-test-0362,test,20,1,1,
syn-e03_c20-test-0363,test,20,1,1,
syn-e03_c20-test-0364,test,20,1,1,
syn-e03_c20-test-0365,test,20,1,1,
syn-e03_c20-test-0366,test,20,1,1,
syn-e03_c20-test-0367,test,20,1,1,
syn-e03_c20-test-0368,test,20,1,1,
syn-e03_c20-test-0369,test,20,1,1,
syn-e03_c20-test-0370,test,20,1,1,
syn-e03_c20-test-0371,test,20,1,1,
syn-e03_c20-test-0372,test,20,1,1,
syn-e03_c20-test-0373,test,20,1,1,
syn-e03_c20-test-0374,test,20,1,1,
syn-e03_c20-test-0375,test,20,1,1,
syn-e03_c20-test-0376,test,20,1,1,
syn-e03_c20-test-0377,test,20,1,1,
syn-e03_c20-test-0378,test,20,1,1,
syn-e03_c20-test-0379,test,20,1,1,
syn-e03_c20-test-0380,test,20,1,1,
syn-e03_c20-test-0381,test,20,1,1,
syn-e03_c20-test-0382,test,20,1,1,
syn-e03_c20-test-0383,test,20,1,1,
syn-e03_c20-test-0384,test,20,1,1,
syn-e03_c20-test-0385,test,20,1,1,
syn-e03_c20-test-0386,test,20,1,1,
syn-e03_c20-test-0387,test,20,1,1,
syn-e03_c20-test-0388,test,20,1,1,
syn-e03_c20-test-0389,test,20,1,1,
syn-e03_c20-test-0390,test,20,1,1,
syn-e03_c20-test-0391,test,20,1,1,
syn-e03_c20-test-0392,test,20,1,1,
syn-e03_c20-test-0393,test,20,1,1,
syn-e03_c20-test-0394,test,20,1,1,
syn-e03_c20-test-0395,test,20,1,1,
syn-e03_c20-test-0396,test,20,1,1,
syn-e03_c20-test-0397,test,20,1,1,
syn-e03_c20-test-0398,test,20,1,1,
syn-e03_c20-test-0399,test,20,1,1,
syn-e03_c20-test-0400,test,20,1,1,
syn-e03_c20-test-0401,test,20,1,1,
syn-e03_c20-test-0402,test,20,1,1,
syn-e03_c20-test-0403,test,20,1,1,
syn-e03_c20-test-0404,test,20,1,1,
syn-e03_c20-test-0405,test,20,1,1,
syn-e03_c20-test-0406,test,20,1,1,
syn-e03_c20-test-0407,test,20,1,1,
syn-e03_c20-test-0408,test,20,1,1,
syn-e03_c20-test-0409,test,20,1,1,
syn-e03_c20-test-0410,test,20,1,1,
syn-e03_c20-test-0411,test,20,1,1,
syn-e03_c20-test-0412,test,20,1,1,
syn-e03_c20-test-0413,test,20,1,1,
syn-e03_c20-test-0414,test,20,1,1,
syn-e03_c20-test-0415,test,20,1,1,
syn-e03_c20-test-0416,test,20,1,1,
syn-e03_c20-test-0417,test,20,1,1,
syn-e03_c20-test-0418,test,20,1,1,
syn-e03_c20-test-0419,test,20,1,1,
syn-e03_c20-test-0420,test,20,1,1,
syn-e03_c20-test-0421,test,20,1,1,
syn-e03_c20-test-0422,test,20,1,1,
syn-e03_c20-test-0423,test,20,1,1,
syn-e03_c20-test-0424,test,20,1,1,
syn-e03_c20-test-0425,test,20,1,1,
syn-e03_c20-test-0426,test,20,1,1,
syn-e03_c20-test-0427,test,20,1,1,
syn-e03_c20-test-0428,test,20,1,1,
syn-e03_c20-test-0429,test,20,1,1,
syn-e03_c20-test-0430,test,20,1,1,
syn-e03_c20-test-0431,test,20,1,1,
syn-e03_c20-test-0432,test,20,1,1,
syn-e03_c20-test-0433,test,20,1,1,
syn-e03_c20-test-0434,test,20,1,1,
syn-e03_c20-test-0435,test,20,1,1,
syn-e03_c20-test-0436,test,20,1,1,
syn-e03_c20-test-0437,test,20,1,1,
syn-e03_c20-test-0438,test,20,1,1,
syn-e03_c20-test-0439,test,20,1,1,
syn-e03_c20-test-0440,test,20,1,1,
syn-e03_c20-test-0441,test,20,1,1,
syn-e03_c20-test-0442,test,20,1,1,
syn-e03_c20-test-0443,test,20,1,1,
syn-e03_c20-test-0444,test,20,1,1,
syn-e03_c20-test-0445,test,20,1,1,
syn-e03_c20-test-0446,test,20,1,1,
syn-e03_c20-test-0447,test,20,1,1,
syn-e03_c20-test-0448,test,20,1,1,
syn-e03_c20-test-0449,test,20,1,1,
syn-e03_c20-test-0450,test,20,1,1,
syn-e03_c20-test-0451,test,20,1,1,
syn-e03_c20-test-0452,test,20,1,1,
syn-e03_c20-test-0453,test,20,1,1,
syn-e03_c20-test-0454,test,20,1,1,
syn-e03_c20-test-0455,test,20,1,1,
syn-e03_c20-test-0456,test,20,1,1,
syn-e03_c20-test-0457,test,20,1,1,
syn-e03_c20-test-0458,test,20,1,1,
syn-e03_c20-test-0459,test,20,1,1,
syn-e03_c20-test-0460,test,20,1,1,
syn-e03_c20-test-0461,test,20,1,1,
syn-e03_c20-test-0462,test,20,1,1,
syn-e03_c20-test-0463,test,20,1,1,
syn-e03_c20-test-0464,test,20,1,1,
syn-e03_c20-test-0465,test,20,1,1,
syn-e03_c20-test-0466,test,20,1,1,
syn-e03_c20-test-0467,test,20,1,1,
syn-e03_c20-test-0468,test,20,1,1,
syn-e03_c20-test-0469,test,20,1,1,
syn-e03_c20-test-0470,test,20,1,1,
syn-e03_c20-test-0471,test,20,1,1,
syn-e03_c20-test-0472,test,20,1,1,
syn-e03_c20-test-0473,test,20,1,1,
syn-e03_c20-test-0474,test,20,1,1,
syn-e03_c20-test-0475,test,20,1,1,
syn-e03_c20-test-0476,test,20,1,1,
syn-e03_c20-test-0477,test,20,1,1,
syn-e03_c20-test-0478,test,20,1,1,
syn-e03_c20-test-0479,test,20,1,1,
syn-e03_c20-test-0480,test,20,1,1,
syn-e03_c20-test-0481,test,20,1,1,
syn-e03_c20-test-0482,test,20,1,1,
syn-e03_c20-test-0483,test,20,1,1,
syn-e03_c20-test-0484,test,20,1,1,
syn-e03_c20-test-0485,test,20,1,1,
syn-e03_c20-test-0486,test,20,1,1,
syn-e03_c20-test-0487,test,20,1,1,
syn-e03_c20-test-0488,test,20,1,1,
syn-e03_c20-test-0489,test,20,1,1,
syn-e03_c20-test-0490,test,20,1,1,
syn-e03_c20-test-0491,test,20,1,1,
syn-e03_c20-test-0492,test,20,1,1,
syn-e03_c20-test-0493,test,20,1,1,
syn-e03_c20-test-0494,test,20,1,1,
syn-e03_c20-test-0495,test,20,1,1,
syn-e03_c20-test-0496,test,20,1,1,
syn-e03_c20-test-0497,test,20,1,1,
syn-e03_c20-test-0498,test,20,1,1,
syn-e03_c20-test-0499,test,20,1,1,
syn-e03_c20-test-0500,test,20,1,1,
syn-e03_c20-test-0501,test,20,1,1,
syn-e03_c20-test-0502,test,20,1,1,
syn-e03_c20-test-0503,test,20,1,1,
syn-e03_c20-test-0504,test,20,1,1,
syn-e03_c20-test-0505,test,20,1,1,
syn-e03_c20-test-0506,test,20,1,1,
syn-e03_c20-test-0507,test,20,1,1,
syn-e03_c20-test-0508,test,20,1,1,
syn-e03_c20-test-0509,test,20,1,1,
syn-e03_c20-test-0510,test,20,1,1,
syn-e03_c20-test-0511,test,20,1,1,
syn-e03_c20-test-0512,test,20,1,1,
syn-e03_c20-test-0513,test,20,1,1,
syn-e03_c20-test-0514,test,20,1,1,
syn-e03_c20-test-0515,test,20,1,1,
syn-e03_c20-test-0516,test,20,1,1,
syn-e03_c20-test-0517,test,20,1,1,
syn-e03_c20-test-0518,test,20,1,1,
syn-e03_c20-test-0519,test,20,1,1,
syn-e03_c20-test-0520,test,20,1,1,
syn-e03_c20-test-0521,test,20,1,1,
syn-e03_c20-test-0522,test,20,1,1,
syn-e03_c20-test-0523,test,20,1,1,
syn-e03_c20-test-0524,test,20,1,1,
syn-e03_c20-test-0525,test,20,1,1,
syn-e03_c20-test-0526,test,20,1,1,
syn-e03_c20-test-0527,test,20,1,1,
syn-e03_c20-test-0528,test,20,1,1,
syn-e03_c20-test-0529,test,20,1,1,
syn-e03_c20-test-0530,test,20,1,1,
syn-e03_c20-test-0531,test,20,1,1,
syn-e03_c20-test-0532,test,20,1,1,
syn-e03_c20-test-0533,test,20,1,1,
syn-e03_c20-test-0534,test,20,1,1,
syn-e03_c20-test-0535,test,20,1,1,
syn-e03_c20-test-0536,test,20,1,1,
syn-e03_c20-test-0537,test,20,1,1,
syn-e03_c20-test-0538,test,20,1,1,
syn-e03_c20-test-0539,test,20,1,1,
syn-e03_c20-test-0540,test,20,1,1,
syn-e03_c20-test-0541,test,20,1,1,
syn-e03_c20-test-0542,test,20,1,1,
syn-e03_c20-test-0543,test,20,1,1,
syn-e03_c20-test-0544,test,20,1,1,
syn-e03_c20-test-0545,test,20,1,1,
syn-e03_c20-test-0546,test,20,1,1,
syn-e03_c20-test-0547,test,20,1,1,
syn-e03_c20-test-0548,test,20,1,1,
syn-e03_c20-test-0549,test,20,1,1,
syn-e03_c20-test-0550,test,20,1,1,
syn-e03_c20-test-0551,test,20,1,1,
syn-e03_c20-test-0552,test,20,1,1,
syn-e03_c20-test-0553,test,20,1,1,
syn-e03_c20-test-0554,test,20,1,1,
syn-e03_c20-test-0555,test,20,1,1,
syn-e03_c20-test-0556,test,20,1,1,
syn-e03_c20-test-0557,test,20,1,1,
syn-e03_c20-test-0558,test,20,1,1,
syn-e03_c20-test-0559,test,20,1,1,
syn-e03_c20-test-0560,test,20,1,1,
syn-e03_c20-test-0561,test,20,1,1,
syn-e03_c20-test-0562,test,20,1,1,
syn-e03_c20-test-0563,test,20,1,1,
syn-e03_c20-test-0564,test,20,1,1,
syn-e03_c20-test-0565,test,20,1,1,
syn-e03_c20-test-0566,test,20,1,1,
syn-e03_c20-test-0567,test,20,1,1,
syn-e03_c20-test-0568,test,20,1,1,
syn-e03_c20-test-0569,test,20,1,1,
syn-e03_c20-test-0570,test,20,1,1,
syn-e03_c20-test-0571,test,20,1,1,
syn-e03_c20-test-0572,test,20,1,1,
syn-e03_c20-test-0573,test,20,1,1,
syn-e03_c20-test-0574,test,20,1,1,
syn-e03_c20-test-0575,test,20,1,1,
syn-e03_c20-test-0576,test,20,1,1,
syn-e03_c20-test-0577,test,20,1,1,
syn-e03_c20-test-0578,test,20,1,1,
syn-e03_c20-test-0579,test,20,1,1,
syn-e03_c20-test-0580,test,20,1,1,
syn-e03_c20-test-0581,test,20,1,1,
syn-e03_c20-test-0582,test,20,1,1,
syn-e03_c20-test-0583,test,20,1,1,
syn-e03_c20-test-0584,test,20,1,1,
syn-e03_c20-test-0585,test,20,1,1,
syn-e03_c20-test-0586,test,20,1,1,
syn-e03_c20-test-0587,test,20,1,1,
syn-e03_c20-test-0588,test,20,1,1,
syn-e03_c20-test-0589,test,20,1,1,
syn-e03_c20-test-0590,test,20,1,1,
syn-e03_c20-test-0591,test,20,1,1,
syn-e03_c20-test-0592,test,20,1,1,
syn-e03_c20-test-0593,test,20,1,1,
syn-e03_c20-test-0594,test,20,1,1,
syn-e03_c20-test-0595,test,20,1,1,
syn-e03_c20-test-0596,test,20,1,1,
syn-e03_c20-test-0597,test,20,1,1,
syn-e03_c20-test-0598,test,20,1,1,
syn-e03_c20-test-0599,test,20,1,1,
syn-e03_c20-test-0600,test,20,1,1,
syn-e03_c20-test-0601,test,20,1,1,
syn-e03_c20-test-0602,test,20,1,1,
syn-e03_c20-test-0603,test,20,1,1,
syn-e03_c20-test-0604,test,20,1,1,
syn-e03_c20-test-0605,test,20,1,1,
syn-e03_c20-test-0606,test,20,1,1,
syn-e03_c20-test-0607,test,20,1,1,
syn-e03_c20-test-0608,test,20,1,1,
syn-e03_c20-test-0609,test,20,1,1,
syn-e03_c20-test-0610,test,20,1,1,
syn-e03_c20-test-0611,test,20,1,1,
syn-e03_c20-test-0612,test,20,1,1,
syn-e03_c20-test-0613,test,20,1,1,
syn-e03_c20-test-0614,test,20,1,1,
syn-e03_c20-test-0615,test,20,1,1,
syn-e03_c20-test-0616,test,20,1,1,
syn-e03_c20-test-0617,test,20,1,1,
syn-e03_c20-test-0618,test,20,1,1,
syn-e03_c20-test-0619,test,20,1,1,
syn-e03_c20-test-0620,test,20,1,1,
syn-e03_c20-test-0621,test,20,1,1,
syn-e03_c20-test-0622,test,20,1,1,
syn-e03_c20-test-0623,test,20,1,1,
syn-e03_c20-test-0624,test,20,1,1,
syn-e03_c20-test-0625,test,20,1,1,
syn-e03_c20-test-0626,test,20,1,1,
syn-e03_c20-test-0627,test,20,1,1,
syn-e03_c20-test-0628,test,20,1,1,
syn-e03_c20-test-0629,test,20,1,1,
syn-e03_c20-test-0630,test,20,1,1,
syn-e03_c20-test-0631,test,20,1,1,
syn-e03_c20-test-0632,test,20,1,1,
syn-e03_c20-test-0633,test,20,1,1,
syn-e03_c20-test-0634,test,20,1,1,
syn-e03_c20-test-0635,test,20,1,1,
syn-e03_c20-test-0636,test,20,1,1,
syn-e03_c20-test-0637,test,20,1,1,
syn-e03_c20-test-0638,test,20,1,1,
syn-e03_c20-test-0639,test,20,1,1,
syn-e03_c20-test-0640,test,20,1,1,
syn-e03_c20-test-0641,test,20,1,1,
syn-e03_c20-test-0642,test,20,1,1,
syn-e03_c20-test-0643,test,20,1,1,
syn-e03_c20-test-0644,test,20,1,1,
syn-e03_c20-test-0645,test,20,1,1,
syn-e03_c20-test-0646,test,20,1,1,
syn-e03_c20-test-0647,test,20,1,1,
syn-e03_c20-test-0648,test,20,1,1,
syn-e03_c20-test-0649,test,20,1,1,
syn-e03_c20-test-0650,test,20,1,1,
syn-e03_c20-test-0651,test,20,1,1,
syn-e03_c20-test-0652,test,20,1,1,
syn-e03_c20-test-0653,test,20,1,1,
syn-e03_c20-test-0654,test,20,1,1,
syn-e03_c20-test-0655,test,20,1,1,
syn-e03_c20-test-0656,test,20,1,1,
syn-e03_c20-test-0657,test,20,1,1,
syn-e03_c20-test-0658,test,20,1,1,
syn-e03_c20-test-0659,test,20,1,1,
syn-e03_c20-test-0660,test,20,1,1,
syn-e03_c20-test-0661,test,20,1,1,
syn-e03_c20-test-0662,test,20,1,1,
syn-e03_c20-test-0663,test,20,1,1,
syn-e03_c20-test-0664,test,20,1,1,
syn-e03_c20-test-0665,test,20,1,1,
syn-e03_c20-test-0666,test,20,1,1,
syn-e03_c20-test-0667,test,20,1,1,
syn-e03_c20-test-0668,test,20,1,1,
syn-e03_c20-test-0669,test,20,1,1,
syn-e03_c20-test-0670,test,20,1,1,
syn-e03_c20-test-0671,test,20,1,1,
syn-e03_c20-test-0672,test,20,1,1,
syn-e03_c20-test-0673,test,20,1,1,
syn-e03_c20-test-0674,test,20,1,1,
syn-e03_c20-test-0675,test,20,1,1,
syn-e03_c20-test-0676,test,20,1,1,
syn-e03_c20-test-0677,test,20,1,1,
syn-e03_c20-test-0678,test,20,1,1,
syn-e03_c20-test-0679,test,20,1,1,
syn-e03_c20-test-0680,test,20,1,1,
syn-e03_c20-test-0681,test,20,1,1,
syn-e03_c20-test-0682,test,20,1,1,
syn-e03_c20-test-0683,test,20,1,1,
syn-e03_c20-test-0684,test,20,1,1,
syn-e03_c20-test-0685,test,20,1,1,
syn-e03_c20-test-0686,test,20,1,1,
syn-e03_c20-test-0687,test,20,1,1,
syn-e03_c20-test-0688,test,20,1,1,
syn-e03_c20-test-0689,test,20,1,1,
syn-e03_c20-test-0690,test,20,1,1,
syn-e03_c20-test-0691,test,20,1,1,
syn-e03_c20-test-0692,test,20,1,1,
syn-e03_c20-test-0693,test,20,1,1,
syn-e03_c20-test-0694,test,20,1,1,
syn-e03_c20-test-0695,test,20,1,1,
syn-e03_c20-test-0696,test,20,1,1,
syn-e03_c20-test-0697,test,20,1,1,
syn-e03_c20-test-0698,test,20,1,1,
syn-e03_c20-test-0699,test,20,1,1,
syn-e03_c20-test-0700,test,20,1,1,
syn-e06_c05-dev-0001,dev,5,1,1,
syn-e06_c05-dev-0002,dev,5,1,1,
syn-e06_c05-dev-0003,dev,5,1,1,
syn-e06_c05-dev-0004,dev,5,1,1,
syn-e06_c05-dev-0005,dev,5,1,1,
syn-e06_c05-dev-0006,dev,5,1,1,
syn-e06_c05-dev-0007,dev,5,1,1,
syn-e06_c05-dev-0008,dev,5,1,1,
syn-e06_c05-dev-0009,dev,5,1,1,
syn-e06_c05-dev-0010,dev,5,1,1,
syn-e06_c05-dev-0011,dev,5,1,1,
syn-e06_c05-dev-0012,dev,5,1,1,
syn-e06_c05-dev-0013,dev,5,1,1,
syn-e06_c05-dev-0014,dev,5,1,1,
syn-e06_c05-dev-0015,dev,5,1,1,
syn-e06_c05-dev-0016,dev,5,1,1,
syn-e06_c05-dev-0017,dev,5,1,1,
syn-e06_c05-dev-0018,dev,5,1,1,
syn-e06_c05-dev-0019,dev,5,1,1,
syn-e06_c05-dev-0020,dev,5,1,1,
syn-e06_c05-dev-0021,dev,5,1,1,
syn-e06_c05-dev-0022,dev,5,1,1,
syn-e06_c05-dev-0023,dev,5,1,1,
syn-e06_c05-dev-0024,dev,5,1,1,
syn-e06_c05-dev-0025,dev,5,1,1,
syn-e06_c05-dev-0026,dev,5,1,1,
syn-e06_c05-dev-0027,dev,5,1,1,
syn-e06_c05-dev-0028,dev,5,1,1,
syn-e06_c05-dev-0029,dev,5,1,1,
syn-e06_c05-dev-0030,dev,5,1,1,
syn-e06_c05-dev-0031,dev,5,1,1,
syn-e06_c05-dev-0032,dev,5,1,1,
syn-e06_c05-dev-0033,dev,5,1,1,
syn-e06_c05-dev-0034,dev,5,1,1,
syn-e06_c05-dev-0035,dev,5,1,1,
syn-e06_c05-dev-0036,dev,5,1,1,
syn-e06_c05-dev-0037,dev,5,1,1,
syn-e06_c05-dev-0038,dev,5,1,1,
syn-e06_c05-dev-0039,dev,5,1,1,
syn-e06_c05-dev-0040,dev,5,1,1,
syn-e06_c05-dev-0041,dev,5,1,1,
syn-e06_c05-dev-0042,dev,5,1,1,
syn-e06_c05-dev-0043,dev,5,1,1,
syn-e06_c05-dev-0044,dev,5,1,1,
syn-e06_c05-dev-0045,dev,5,1,1,
syn-e06_c05-dev-0046,dev,5,1,1,
syn-e06_c05-dev-0047,dev,5,1,1,
syn-e06_c05-dev-0048,dev,5,1,1,
syn-e06_c05-dev-0049,dev,5,1,1,
syn-e06_c05-dev-0050,dev,5,1,1,
syn-e06_c05-dev-0051,dev,5,1,1,
syn-e06_c05-dev-0052,dev,5,1,1,
syn-e06_c05-dev-0053,dev,5,1,1,
syn-e06_c05-dev-0054,dev,5,1,1,
syn-e06_c05-dev-0055,dev,5,1,1,
syn-e06_c05-dev-0056,dev,5,1,1,
syn-e06_c05-dev-0057,dev,5,1,1,
syn-e06_c05-dev-0058,dev,5,1,1,
syn-e06_c05-dev-0059,dev,5,1,1,
syn-e06_c05-dev-0060,dev,5,1,1,
syn-e06_c05-dev-0061,dev,5,1,1,
syn-e06_c05-dev-0062,dev,5,1,1,
syn-e06_c05-dev-0063,dev,5,1,1,
syn-e06_c05-dev-0064,dev,5,1,1,
syn-e06_c05-dev-0065,dev,5,1,1,
syn-e06_c05-dev-0066,dev,5,1,1,
syn-e06_c05-dev-0067,dev,5,1,1,
syn-e06_c05-dev-0068,dev,5,1,1,
syn-e06_c05-dev-0069,dev,5,1,1,
syn-e06_c05-dev-0070,dev,5,1,1,
syn-e06_c05-dev-0071,dev,5,1,1,
syn-e06_c05-dev-0072,dev,5,1,1,
syn-e06_c05-dev-0073,dev,5,1,1,
syn-e06_c05-dev-0074,dev,5,1,1,
syn-e06_c05-dev-0075,dev,5,1,1,
syn-e06_c05-dev-0076,dev,5,1,1,
syn-e06_c05-dev-0077,dev,5,1,1,
syn-e06_c05-dev-0078,dev,5,1,1,
syn-e06_c05-dev-0079,dev,5,1,1,
syn-e06_c05-dev-0080,dev,5,1,1,
syn-e06_c05-dev-0081,dev,5,1,1,
syn-e06_c05-dev-0082,dev,5,1,1,
syn-e06_c05-dev-0083,dev,5,1,1,
syn-e06_c05-dev-0084,dev,5,1,1,
syn-e06_c05-dev-0085,dev,5,1,1,
syn-e06_c05-dev-0086,dev,5,1,1,
syn-e06_c05-dev-0087,dev,5,1,1,
syn-e06_c05-dev-0088,dev,5,1,1,
syn-e06_c05-dev-0089,dev,5,1,1,
syn-e06_c05-dev-0090,dev,5,1,1,
syn-e06_c05-dev-0091,dev,5,1,1,
syn-e06_c05-dev-0092,dev,5,1,1,
syn-e06_c05-dev-0093,dev,5,1,1,
syn-e06_c05-dev-0094,dev,5,1,1,
syn-e06_c05-dev-0095,dev,5,1,1,
syn-e06_c05-dev-0096,dev,5,1,1,
syn-e06_c05-dev-0097,dev,5,1,1,
syn-e06_c05-dev-0098,dev,5,1,1,
syn-e06_c05-dev-0099,dev,5,1,1,
syn-e06_c05-dev-0100,dev,5,1,1,
syn-e06_c05-dev-0101,dev,5,1,1,
syn-e06_c05-dev-0102,dev,5,1,1,
syn-e06_c05-dev-0103,dev,5,1,1,
syn-e06_c05-dev-0104,dev,5,1,1,
syn-e06_c05-dev-0105,dev,5,1,1,
syn-e06_c05-dev-0106,dev,5,1,1,
syn-e06_c05-dev-0107,dev,5,1,1,
syn-e06_c05-dev-0108,dev,5,1,1,
syn-e06_c05-dev-0109,dev,5,1,1,
syn-e06_c05-dev-0110,dev,5,1,1,
syn-e06_c05-dev-0111,dev,5,1,1,
syn-e06_c05-dev-0112,dev,5,1,1,
syn-e06_c05-dev-0113,dev,5,1,1,
syn-e06_c05-dev-0114,dev,5,1,1,
syn-e06_c05-dev-0115,dev,5,1,1,
syn-e06_c05-dev-0116,dev,5,1,1,
syn-e06_c05-dev-0117,dev,5,1,1,
syn-e06_c05-dev-0118,dev,5,1,1,
syn-e06_c05-dev-0119,dev,5,1,1,
syn-e06_c05-dev-0120,dev,5,1,1,
syn-e06_c05-dev-0121,dev,5,1,1,
syn-e06_c05-dev-0122,dev,5,1,1,
syn-e06_c05-dev-0123,dev,5,1,1,
syn-e06_c05-dev-0124,dev,5,1,1,
syn-e06_c05-dev-0125,dev,5,1,1,
syn-e06_c05-dev-0126,dev,5,1,1,
syn-e06_c05-dev-0127,dev,5,1,1,
syn-e06_c05-dev-0128,dev,5,1,1,
syn-e06_c05-dev-0129,dev,5,1,1,
syn-e06_c05-dev-0130,dev,5,1,1,
syn-e06_c05-dev-0131,dev,5,1,1,
syn-e06_c05-dev-0132,dev,5,1,1,
syn-e06_c05-dev-0133,dev,5,1,1,
syn-e06_c05-dev-0134,dev,5,1,1,
syn-e06_c05-dev-0135,dev,5,1,1,
syn-e06_c05-dev-0136,dev,5,1,1,
syn-e06_c05-dev-0137,dev,5,1,1,
syn-e06_c05-dev-0138,dev,5,1,1,
syn-e06_c05-dev-0139,dev,5,1,1,
syn-e06_c05-dev-0140,dev,5,1,1,
syn-e06_c05-dev-0141,dev,5,1,1,
syn-e06_c05-dev-0142,dev,5,1,1,
syn-e06_c05-dev-0143,dev,5,1,1,
syn-e06_c05-dev-0144,dev,5,1,1,
syn-e06_c05-dev-0145,dev,5,1,1,
syn-e06_c05-dev-0146,dev,5,1,1,
syn-e06_c05-dev-0147,dev,5,1,1,
syn-e06_c05-dev-0148,dev,5,1,1,
syn-e06_c05-dev-0149,dev,5,1,1,
syn-e06_c05-dev-0150,dev,5,1,1,
syn-e06_c05-dev-0151,dev,5,1,1,
syn-e06_c05-dev-0152,dev,5,1,1,
syn-e06_c05-dev-0153,dev,5,1,1,
syn-e06_c05-dev-0154,dev,5,1,1,
syn-e06_c05-dev-0155,dev,5,1,1,
syn-e06_c05-dev-0156,dev,5,1,1,
syn-e06_c05-dev-0157,dev,5,1,1,
syn-e06_c05-dev-0158,dev,5,1,1,
syn-e06_c05-dev-0159,dev,5,1,1,
syn-e06_c05-dev-0160,dev,5,1,1,
syn-e06_c05-dev-0161,dev,5,1,1,
syn-e06_c05-dev-0162,dev,5,1,1,
syn-e06_c05-dev-0163,dev,5,1,1,
syn-e06_c05-dev-0164,dev,5,1,1,
syn-e06_c05-dev-0165,dev,5,1,1,
syn-e06_c05-dev-0166,dev,5,1,1,
syn-e06_c05-dev-0167,dev,5,1,1,
syn-e06_c05-dev-0168,dev,5,1,1,
syn-e06_c05-dev-0169,dev,5,1,1,
syn-e06_c05-dev-0170,dev,5,1,1,
syn-e06_c05-dev-0171,dev,5,1,1,
syn-e06_c05-dev-0172,dev,5,1,1,
syn-e06_c05-dev-0173,dev,5,1,1,
syn-e06_c05-dev-0174,dev,5,1,1,
syn-e06_c05-dev-0175,dev,5,1,1,
syn-e06_c05-dev-0176,dev,5,1,1,
syn-e06_c05-dev-0177,dev,5,1,1,
syn-e06_c05-dev-0178,dev,5,1,1,
syn-e06_c05-dev-0179,dev,5,1,1,
syn-e06_c05-dev-0180,dev,5,1,1,
syn-e06_c05-dev-0181,dev,5,1,1,
syn-e06_c05-dev-0182,dev,5,1,1,
syn-e06_c05-dev-0183,dev,5,1,1,
syn-e06_c05-dev-0184,dev,5,1,1,
syn-e06_c05-dev-0185,dev,5,1,1,
syn-e06_c05-dev-0186,dev,5,1,1,
syn-e06_c05-dev-0187,dev,5,1,1,
syn-e06_c05-dev-0188,dev,5,1,1,
syn-e06_c05-dev-0189,dev,5,1,1,
syn-e06_c05-dev-0190,dev,5,1,1,
syn-e06_c05-dev-0191,dev,5,1,1,
syn-e06_c05-dev-0192,dev,5,1,1,
syn-e06_c05-dev-0193,dev,5,1,1,
syn-e06_c05-dev-0194,dev,5,1,1,
syn-e06_c05-dev-0195,dev,5,1,1,
syn-e06_c05-dev-0196,dev,5,1,1,
syn-e06_c05-dev-0197,dev,5,1,1,
syn-e06_c05-dev-0198,dev,5,1,1,
syn-e06_c05-dev-0199,dev,5,1,1,
syn-e06_c05-dev-0200,dev,5,1,1,
syn-e06_c05-dev-0201,dev,5,1,1,
syn-e06_c05-dev-0202,dev,5,1,1,
syn-e06_c05-dev-0203,dev,5,1,1,
syn-e06_c05-dev-0204,dev,5,1,1,
syn-e06_c05-dev-0205,dev,5,1,1,
syn-e06_c05-dev-0206,dev,5,1,1,
syn-e06_c05-dev-0207,dev,5,1,1,
syn-e06_c05-dev-0208,dev,5,1,1,
syn-e06_c05-dev-0209,dev,5,1,1,
syn-e06_c05-dev-0210,dev,5,1,1,
syn-e06_c05-dev-0211,dev,5,1,1,
syn-e06_c05-dev-0212,dev,5,1,1,
syn-e06_c05-dev-0213,dev,5,1,1,
syn-e06_c05-dev-0214,dev,5,1,1,
syn-e06_c05-dev-0215,dev,5,1,1,
syn-e06_c05-dev-0216,dev,5,1,1,
syn-e06_c05-dev-0217,dev,5,1,1,
syn-e06_c05-dev-0218,dev,5,1,1,
syn-e06_c05-dev-0219,dev,5,1,1,
syn-e06_c05-dev-0220,dev,5,1,1,
syn-e06_c05-dev-0221,dev,5,1,1,
syn-e06_c05-dev-0222,dev,5,1,1,
syn-e06_c05-dev-0223,dev,5,1,1,
syn-e06_c05-dev-0224,dev,5,1,1,
syn-e06_c05-dev-0225,dev,5,1,1,
syn-e06_c05-dev-0226,dev,5,1,1,
syn-e06_c05-dev-0227,dev,5,1,1,
syn-e06_c05-dev-0228,dev,5,1,1,
syn-e06_c05-dev-0229,dev,5,1,1,
syn-e06_c05-dev-0230,dev,5,1,1,
syn-e06_c05-dev-0231,dev,5,1,1,
syn-e06_c05-dev-0232,dev,5,1,1,
syn-e06_c05-dev-0233,dev,5,1,1,
syn-e06_c05-dev-0234,dev,5,1,1,
syn-e06_c05-dev-0235,dev,5,1,1,
syn-e06_c05-dev-0236,dev,5,1,1,
syn-e06_c05-dev-0237,dev,5,1,1,
syn-e06_c05-dev-0238,dev,5,1,1,
syn-e06_c05-dev-0239,dev,5,1,1,
syn-e06_c05-dev-0240,dev,5,1,1,
syn-e06_c05-dev-0241,dev,5,1,1,
syn-e06_c05-dev-0242,dev,5,1,1,
syn-e06_c05-dev-0243,dev,5,1,1,
syn-e06_c05-dev-0244,dev,5,1,1,
syn-e06_c05-dev-0245,dev,5,1,1,
syn-e06_c05-dev-0246,dev,5,1,1,
syn-e06_c05-dev-0247,dev,5,1,1,
syn-e06_c05-dev-0248,dev,5,1,1,
syn-e06_c05-dev-0249,dev,5,1,1,
syn-e06_c05-dev-0250,dev,5,1,1,
syn-e06_c05-dev-0251,dev,5,1,1,
syn-e06_c05-dev-0252,dev,5,1,1,
syn-e06_c05-dev-0253,dev,5,1,1,
syn-e06_c05-dev-0254,dev,5,1,1,
syn-e06_c05-dev-0255,dev,5,1,1,
syn-e06_c05-dev-0256,dev,5,1,1,
syn-e06_c05-dev-0257,dev,5,1,1,
syn-e06_c05-dev-0258,dev,5,1,1,
syn-e06_c05-dev-0259,dev,5,1,1,
syn-e06_c05-dev-0260,dev,5,1,1,
syn-e06_c05-dev-0261,dev,5,1,1,
syn-e06_c05-dev-0262,dev,5,1,1,
syn-e06_c05-dev-0263,dev,5,1,1,
syn-e06_c05-dev-0264,dev,5,1,1,
syn-e06_c05-dev-0265,dev,5,1,1,
syn-e06_c05-dev-0266,dev,5,1,1,
syn-e06_c05-dev-0267,dev,5,1,1,
syn-e06_c05-dev-0268,dev,5,1,1,
syn-e06_c05-dev-0269,dev,5,1,1,
syn-e06_c05-dev-0270,dev,5,1,1,
syn-e06_c05-dev-0271,dev,5,1,1,
syn-e06_c05-dev-0272,dev,5,1,1,
syn-e06_c05-dev-0273,dev,5,1,1,
syn-e06_c05-dev-0274,dev,5,1,1,
syn-e06_c05-dev-0275,dev,5,1,1,
syn-e06_c05-dev-0276,dev,5,1,1,
syn-e06_c05-dev-0277,dev,5,1,1,
syn-e06_c05-dev-0278,dev,5,1,1,
syn-e06_c05-dev-0279,dev,5,1,1,
syn-e06_c05-dev-0280,dev,5,1,1,
syn-e06_c05-dev-0281,dev,5,1,1,
syn-e06_c05-dev-0282,dev,5,1,1,
syn-e06_c05-dev-0283,dev,5,1,1,
syn-e06_c05-dev-0284,dev,5,1,1,
syn-e06_c05-dev-0285,dev,5,1,1,
syn-e06_c05-dev-0286,dev,5,1,1,
syn-e06_c05-dev-0287,dev,5,1,1,
syn-e06_c05-dev-0288,dev,5,1,1,
syn-e06_c05-dev-0289,dev,5,1,1,
syn-e06_c05-dev-0290,dev,5,1,1,
syn-e06_c05-dev-0291,dev,5,1,1,
syn-e06_c05-dev-0292,dev,5,1,1,
syn-e06_c05-dev-0293,dev,5,1,1,
syn-e06_c05-dev-0294,dev,5,1,1,
syn-e06_c05-dev-0295,dev,5,1,1,
syn-e06_c05-dev-0296,dev,5,1,1,
syn-e06_c05-dev-0297,dev,5,1,1,
syn-e06_c05-dev-0298,dev,5,1,1,
syn-e06_c05-dev-0299,dev,5,1,1,
syn-e06_c05-dev-0300,dev,5,1,1,
syn-e06_c05-test-0001,test,5,1,1,
syn-e06_c05-test-0002,test,5,1,1,
syn-e06_c05-test-0003,test,5,1,1,
syn-e06_c05-test-0004,test,5,1,1,
syn-e06_c05-test-0005,test,5,1,1,
syn-e06_c05-test-0006,test,5,1,1,
syn-e06_c05-test-0007,test,5,1,1,
syn-e06_c05-test-0008,test,5,1,1,
syn-e06_c05-test-0009,test,5,1,1,
syn-e06_c05-test-0010,test,5,1,1,
syn-e06_c05-test-0011,test,5,1,1,
syn-e06_c05-test-0012,test,5,1,1,
syn-e06_c05-test-0013,test,5,1,1,
syn-e06_c05-test-0014,test,5,1,1,
syn-e06_c05-test-0015,test,5,1,1,
syn-e06_c05-test-0016,test,5,1,1,
syn-e06_c05-test-0017,test,5,1,1,
syn-e06_c05-test-0018,test,5,1,1,
syn-e06_c05-test-0019,test,5,1,1,
syn-e06_c05-test-0020,test,5,1,1,
syn-e06_c05-test-0021,test,5,1,1,
syn-e06_c05-test-0022,test,5,1,1,
syn-e06_c05-test-0023,test,5,1,1,
syn-e06_c05-test-0024,test,5,1,1,
syn-e06_c05-test-0025,test,5,1,1,
syn-e06_c05-test-0026,test,5,1,1,
syn-e06_c05-test-0027,test,5,1,1,
syn-e06_c05-test-0028,test,5,1,1,
syn-e06_c05-test-0029,test,5,1,1,
syn-e06_c05-test-0030,test,5,1,1,
syn-e06_c05-test-0031,test,5,1,1,
syn-e06_c05-test-0032,test,5,1,1,
syn-e06_c05-test-0033,test,5,1,1,
syn-e06_c05-test-0034,test,5,1,1,
syn-e06_c05-test-0035,test,5,1,1,
syn-e06_c05-test-0036,test,5,1,1,
syn-e06_c05-test-0037,test,5,1,1,
syn-e06_c05-test-0038,test,5,1,1,
syn-e06_c05-test-0039,test,5,1,1,
syn-e06_c05-test-0040,test,5,1,1,
syn-e06_c05-test-0041,test,5,1,1,
syn-e06_c05-test-0042,test,5,1,1,
syn-e06_c05-test-0043,test,5,1,1,
syn-e06_c05-test-0044,test,5,1,1,
syn-e06_c05-test-0045,test,5,1,1,
syn-e06_c05-test-0046,test,5,1,1,
syn-e06_c05-test-0047,test,5,1,1,
syn-e06_c05-test-0048,test,5,1,1,
syn-e06_c05-test-0049,test,5,1,1,
syn-e06_c05-test-0050,test,5,1,1,
syn-e06_c05-test-0051,test,5,1,1,
syn-e06_c05-test-0052,test,5,1,1,
syn-e06_c05-test-0053,test,5,1,1,
syn-e06_c05-test-0054,test,5,1,1,
syn-e06_c05-test-0055,test,5,1,1,
syn-e06_c05-test-0056,test,5,1,1,
syn-e06_c05-test-0057,test,5,1,1,
syn-e06_c05-test-0058,test,5,1,1,
syn-e06_c05-test-0059,test,5,1,1,
syn-e06_c05-test-0060,test,5,1,1,
syn-e06_c05-test-0061,test,5,1,1,
syn-e06_c05-test-0062,test,5,1,1,
syn-e06_c05-test-0063,test,5,1,1,
syn-e06_c05-test-0064,test,5,1,1,
syn-e06_c05-test-0065,test,5,1,1,
syn-e06_c05-test-0066,test,5,1,1,
syn-e06_c05-test-0067,test,5,1,1,
syn-e06_c05-test-0068,test,5,1,1,
syn-e06_c05-test-0069,test,5,1,1,
syn-e06_c05-test-0070,test,5,1,1,
syn-e06_c05-test-0071,test,5,1,1,
syn-e06_c05-test-0072,test,5,1,1,
syn-e06_c05-test-0073,test,5,1,1,
syn-e06_c05-test-0074,test,5,1,1,
syn-e06_c05-test-0075,test,5,1,1,
syn-e06_c05-test-0076,test,5,1,1,
syn-e06_c05-test-0077,test,5,1,1,
syn-e06_c05-test-0078,test,5,1,1,
syn-e06_c05-test-0079,test,5,1,1,
syn-e06_c05-test-0080,test,5,1,1,
syn-e06_c05-test-0081,test,5,1,1,
syn-e06_c05-test-0082,test,5,1,1,
syn-e06_c05-test-0083,test,5,1,1,
syn-e06_c05-test-0084,test,5,1,1,
syn-e06_c05-test-0085,test,5,1,1,
syn-e06_c05-test-0086,test,5,1,1,
syn-e06_c05-test-0087,test,5,1,1,
syn-e06_c05-test-0088,test,5,1,1,
syn-e06_c05-test-0089,test,5,1,1,
syn-e06_c05-test-0090,test,5,1,1,
syn-e06_c05-test-0091,test,5,1,1,
syn-e06_c05-test-0092,test,5,1,1,
syn-e06_c05-test-0093,test,5,1,1,
syn-e06_c05-test-0094,test,5,1,1,
syn-e06_c05-test-0095,test,5,1,1,
syn-e06_c05-test-0096,test,5,1,1,
syn-e06_c05-test-0097,test,5,1,1,
syn-e06_c05-test-0098,test,5,1,1,
syn-e06_c05-test-0099,test,5,1,1,
syn-e06_c05-test-0100,test,5,1,1,
syn-e06_c05-test-0101,test,5,1,1,
syn-e06_c05-test-0102,test,5,1,1,
syn-e06_c05-test-0103,test,5,1,1,
syn-e06_c05-test-0104,test,5,1,1,
syn-e06_c05-test-0105,test,5,1,1,
syn-e06_c05-test-0106,test,5,1,1,
syn-e06_c05-test-0107,test,5,1,1,
syn-e06_c05-test-0108,test,5,1,1,
syn-e06_c05-test-0109,test,5,1,1,
syn-e06_c05-test-0110,test,5,1,1,
syn-e06_c05-test-0111,test,5,1,1,
syn-e06_c05-test-0112,test,5,1,1,
syn-e06_c05-test-0113,test,5,1,1,
syn-e06_c05-test-0114,test,5,1,1,
syn-e06_c05-test-0115,test,5,1,1,
syn-e06_c05-test-0116,test,5,1,1,
syn-e06_c05-test-0117,test,5,1,1,
syn-e06_c05-test-0118,test,5,1,1,
syn-e06_c05-test-0119,test,5,1,1,
syn-e06_c05-test-0120,test,5,1,1,
syn-e06_c05-test-0121,test,5,1,1,
syn-e06_c05-test-0122,test,5,1,1,
syn-e06_c05-test-0123,test,5,1,1,
syn-e06_c05-test-0124,test,5,1,1,
syn-e06_c05-test-0125,test,5,1,1,
syn-e06_c05-test-0126,test,5,1,1,
syn-e06_c05-test-0127,test,5,1,1,
syn-e06_c05-test-0128,test,5,1,1,
syn-e06_c05-test-0129,test,5,1,1,
syn-e06_c05-test-0130,test,5,1,1,
syn-e06_c05-test-0131,test,5,1,1,
syn-e06_c05-test-0132,test,5,1,1,
syn-e06_c05-test-0133,test,5,1,1,
syn-e06_c05-test-0134,test,5,1,1,
syn-e06_c05-test-0135,test,5,1,1,
syn-e06_c05-test-0136,test,5,1,1,
syn-e06_c05-test-0137,test,5,1,1,
syn-e06_c05-test-0138,test,5,1,1,
syn-e06_c05-test-0139,test,5,1,1,
syn-e06_c05-test-0140,test,5,1,1,
syn-e06_c05-test-0141,test,5,1,1,
syn-e06_c05-test-0142,test,5,1,1,
syn-e06_c05-test-0143,test,5,1,1,
syn-e06_c05-test-0144,test,5,1,1,
syn-e06_c05-test-0145,test,5,1,1,
syn-e06_c05-test-0146,test,5,1,1,
syn-e06_c05-test-0147,test,5,1,1,
syn-e06_c05-test-0148,test,5,1,1,
syn-e06_c05-test-0149,test,5,1,1,
syn-e06_c05-test-0150,test,5,1,1,
syn-e06_c05-test-0151,test,5,1,1,
syn-e06_c05-test-0152,test,5,1,1,
syn-e06_c05-test-0153,test,5,1,1,
syn-e06_c05-test-0154,test,5,1,1,
syn-e06_c05-test-0155,test,5,1,1,
syn-e06_c05-test-0156,test,5,1,1,
syn-e06_c05-test-0157,test,5,1,1,
syn-e06_c05-test-0158,test,5,1,1,
syn-e06_c05-test-0159,test,5,1,1,
syn-e06_c05-test-0160,test,5,1,1,
syn-e06_c05-test-0161,test,5,1,1,
syn-e06_c05-test-0162,test,5,1,1,
syn-e06_c05-test-0163,test,5,1,1,
syn-e06_c05-test-0164,test,5,1,1,
syn-e06_c05-test-0165,test,5,1,1,
syn-e06_c05-test-0166,test,5,1,1,
syn-e06_c05-test-0167,test,5,1,1,
syn-e06_c05-test-0168,test,5,1,1,
syn-e06_c05-test-0169,test,5,1,1,
syn-e06_c05-test-0170,test,5,1,1,
syn-e06_c05-test-0171,test,5,1,1,
syn-e06_c05-test-0172,test,5,1,1,
syn-e06_c05-test-0173,test,5,1,1,
syn-e06_c05-test-0174,test,5,1,1,
syn-e06_c05-test-0175,test,5,1,1,
syn-e06_c05-test-0176,test,5,1,1,
syn-e06_c05-test-0177,test,5,1,1,
syn-e06_c05-test-0178,test,5,1,1,
syn-e06_c05-test-0179,test,5,1,1,
syn-e06_c05-test-0180,test,5,1,1,
syn-e06_c05-test-0181,test,5,1,1,
syn-e06_c05-test-0182,test,5,1,1,
syn-e06_c05-test-0183,test,5,1,1,
syn-e06_c05-test-0184,test,5,1,1,
syn-e06_c05-test-0185,test,5,1,1,
syn-e06_c05-test-0186,test,5,1,1,
syn-e06_c05-test-0187,test,5,1,1,
syn-e06_c05-test-0188,test,5,1,1,
syn-e06_c05-test-0189,test,5,1,1,
syn-e06_c05-test-0190,test,5,1,1,
syn-e06_c05-test-0191,test,5,1,1,
syn-e06_c05-test-0192,test,5,1,1,
syn-e06_c05-test-0193,test,5,1,1,
syn-e06_c05-test-0194,test,5,1,1,
syn-e06_c05-test-0195,test,5,1,1,
syn-e06_c05-test-0196,test,5,1,1,
syn-e06_c05-test-0197,test,5,1,1,
syn-e06_c05-test-0198,test,5,1,1,
syn-e06_c05-test-0199,test,5,1,1,
syn-e06_c05-test-0200,test,5,1,1,
syn-e06_c05-test-0201,test,5,1,1,
syn-e06_c05-test-0202,test,5,1,1,
syn-e06_c05-test-0203,test,5,1,1,
syn-e06_c05-test-0204,test,5,1,1,
syn-e06_c05-test-0205,test,5,1,1,
syn-e06_c05-test-0206,test,5,1,1,
syn-e06_c05-test-0207,test,5,1,1,
syn-e06_c05-test-0208,test,5,1,1,
syn-e06_c05-test-0209,test,5,1,1,
syn-e06_c05-test-0210,test,5,1,1,
syn-e06_c05-test-0211,test,5,1,1,
syn-e06_c05-test-0212,test,5,1,1,
syn-e06_c05-test-0213,test,5,1,1,
syn-e06_c05-test-0214,test,5,1,1,
syn-e06_c05-test-0215,test,5,1,1,
syn-e06_c05-test-0216,test,5,1,1,
syn-e06_c05-test-0217,test,5,1,1,
syn-e06_c05-test-0218,test,5,1,1,
syn-e06_c05-test-0219,test,5,1,1,
syn-e06_c05-test-0220,test,5,1,1,
syn-e06_c05-test-0221,test,5,1,1,
syn-e06_c05-test-0222,test,5,1,1,
syn-e06_c05-test-0223,test,5,1,1,
syn-e06_c05-test-0224,test,5,1,1,
syn-e06_c05-test-0225,test,5,1,1,
syn-e06_c05-test-0226,test,5,1,1,
syn-e06_c05-test-0227,test,5,1,1,
syn-e06_c05-test-0228,test,5,1,1,
syn-e06_c05-test-0229,test,5,1,1,
syn-e06_c05-test-0230,test,5,1,1,
syn-e06_c05-test-0231,test,5,1,1,
syn-e06_c05-test-0232,test,5,1,1,
syn-e06_c05-test-0233,test,5,1,1,
syn-e06_c05-test-0234,test,5,1,1,
syn-e06_c05-test-0235,test,5,1,1,
syn-e06_c05-test-0236,test,5,1,1,
syn-e06_c05-test-0237,test,5,1,1,
syn-e06_c05-test-0238,test,5,1,1,
syn-e06_c05-test-0239,test,5,1,1,
syn-e06_c05-test-0240,test,5,1,1,
syn-e06_c05-test-0241,test,5,1,1,
syn-e06_c05-test-0242,test,5,1,1,
syn-e06_c05-test-0243,test,5,1,1,
syn-e06_c05-test-0244,test,5,1,1,
syn-e06_c05-test-0245,test,5,1,1,
syn-e06_c05-test-0246,test,5,1,1,
syn-e06_c05-test-0247,test,5,1,1,
syn-e06_c05-test-0248,test,5,1,1,
syn-e06_c05-test-0249,test,5,1,1,
syn-e06_c05-test-0250,test,5,1,1,
syn-e06_c05-test-0251,test,5,1,1,
syn-e06_c05-test-0252,test,5,1,1,
syn-e06_c05-test-0253,test,5,1,1,
syn-e06_c05-test-0254,test,5,1,1,
syn-e06_c05-test-0255,test,5,1,1,
syn-e06_c05-test-0256,test,5,1,1,
syn-e06_c05-test-0257,test,5,1,1,
syn-e06_c05-test-0258,test,5,1,1,
syn-e06_c05-test-0259,test,5,1,1,
syn-e06_c05-test-0260,test,5,1,1,
syn-e06_c05-test-0261,test,5,1,1,
syn-e06_c05-test-0262,test,5,1,1,
syn-e06_c05-test-0263,test,5,1,1,
syn-e06_c05-test-0264,test,5,1,1,
syn-e06_c05-test-0265,test,5,1,1,
syn-e06_c05-test-0266,test,5,1,1,
syn-e06_c05-test-0267,test,5,1,1,
syn-e06_c05-test-0268,test,5,1,1,
syn-e06_c05-test-0269,test,5,1,1,
syn-e06_c05-test-0270,test,5,1,1,
syn-e06_c05-test-0271,test,5,1,1,
syn-e06_c05-test-0272,test,5,1,1,
syn-e06_c05-test-0273,test,5,1,1,
syn-e06_c05-test-0274,test,5,1,1,
syn-e06_c05-test-0275,test,5,1,1,
syn-e06_c05-test-0276,test,5,1,1,
syn-e06_c05-test-0277,test,5,1,1,
syn-e06_c05-test-0278,test,5,1,1,
syn-e06_c05-test-0279,test,5,1,1,
syn-e06_c05-test-0280,test,5,1,1,
syn-e06_c05-test-0281,test,5,1,1,
syn-e06_c05-test-0282,test,5,1,1,
syn-e06_c05-test-0283,test,5,1,1,
syn-e06_c05-test-0284,test,5,1,1,
syn-e06_c05-test-0285,test,5,1,1,
syn-e06_c05-test-0286,test,5,1,1,
syn-e06_c05-test-0287,test,5,1,1,
syn-e06_c05-test-0288,test,5,1,1,
syn-e06_c05-test-0289,test,5,1,1,
syn-e06_c05-test-0290,test,5,1,1,
syn-e06_c05-test-0291,test,5,1,1,
syn-e06_c05-test-0292,test,5,1,1,
syn-e06_c05-test-0293,test,5,1,1,
syn-e06_c05-test-0294,test,5,1,1,
syn-e06_c05-test-0295,test,5,1,1,
syn-e06_c05-test-0296,test,5,1,1,
syn-e06_c05-test-0297,test,5,1,1,
syn-e06_c05-test-0298,test,5,1,1,
syn-e06_c05-test-0299,test,5,1,1,
syn-e06_c05-test-0300,test,5,1,1,
syn-e06_c05-test-0301,test,5,1,1,
syn-e06_c05-test-0302,test,5,1,1,
syn-e06_c05-test-0303,test,5,1,1,
syn-e06_c05-test-0304,test,5,1,1,
syn-e06_c05-test-0305,test,5,1,1,
syn-e06_c05-test-0306,test,5,1,1,
syn-e06_c05-test-0307,test,5,1,1,
syn-e06_c05-test-0308,test,5,1,1,
syn-e06_c05-test-0309,test,5,1,1,
syn-e06_c05-test-0310,test,5,1,1,
syn-e06_c05-test-0311,test,5,1,1,
syn-e06_c05-test-0312,test,5,1,1,
syn-e06_c05-test-0313,test,5,1,1,
syn-e06_c05-test-0314,test,5,1,1,
syn-e06_c05-test-0315,test,5,1,1,
syn-e06_c05-test-0316,test,5,1,1,
syn-e06_c05-test-0317,test,5,1,1,
syn-e06_c05-test-0318,test,5,1,1,
syn-e06_c05-test-0319,test,5,1,1,
syn-e06_c05-test-0320,test,5,1,1,
syn-e06_c05-test-0321,test,5,1,1,
syn-e06_c05-test-0322,test,5,1,1,
syn-e06_c05-test-0323,test,5,1,1,
syn-e06_c05-test-0324,test,5,1,1,
syn-e06_c05-test-0325,test,5,1,1,
syn-e06_c05-test-0326,test,5,1,1,
syn-e06_c05-test-0327,test,5,1,1,
syn-e06_c05-test-0328,test,5,1,1,
syn-e06_c05-test-0329,test,5,1,1,
syn-e06_c05-test-0330,test,5,1,1,
syn-e06_c05-test-0331,test,5,1,1,
syn-e06_c05-test-0332,test,5,1,1,
syn-e06_c05-test-0333,test,5,1,1,
syn-e06_c05-test-0334,test,5,1,1,
syn-e06_c05-test-0335,test,5,1,1,
syn-e06_c05-test-0336,test,5,1,1,
syn-e06_c05-test-0337,test,5,1,1,
syn-e06_c05-test-0338,test,5,1,1,
syn-e06_c05-test-0339,test,5,1,1,
syn-e06_c05-test-0340,test,5,1,1,
syn-e06_c05-test-0341,test,5,1,1,
syn-e06_c05-test-0342,test,5,1,1,
syn-e06_c05-test-0343,test,5,1,1,
syn-e06_c05-test-0344,test,5,1,1,
syn-e06_c05-test-0345,test,5,1,1,
syn-e06_c05-test-0346,test,5,1,1,
syn-e06_c05-test-0347,test,5,1,1,
syn-e06_c05-test-0348,test,5,1,1,
syn-e06_c05-test-0349,test,5,1,1,
syn-e06_c05-test-0350,test,5,1,1,
syn-e06_c05-test-0351,test,5,1,1,
syn-e06_c05-test-0352,test,5,1,1,
syn-e06_c05-test-0353,test,5,1,1,
syn-e06_c05-test-0354,test,5,1,1,
syn-e06_c05-test-0355,test,5,1,1,
syn-e06_c05-test-0356,test,5,1,1,
syn-e06_c05-test-0357,test,5,1,1,
syn-e06_c05-test-0358,test,5,1,1,
syn-e06_c05-test-0359,test,5,1,1,
syn-e06_c05-test-0360,test,5,1,1,
syn-e06_c05-test-0361,test,5,1,1,
syn-e06_c05-test-0362,test,5,1,1,
syn-e06_c05-test-0363,test,5,1,1,
syn-e06_c05-test-0364,test,5,1,1,
syn-e06_c05-test-0365,test,5,1,1,
syn-e06_c05-test-0366,test,5,1,1,
syn-e06_c05-test-0367,test,5,1,1,
syn-e06_c05-test-0368,test,5,1,1,
syn-e06_c05-test-0369,test,5,1,1,
syn-e06_c05-test-0370,test,5,1,1,
syn-e06_c05-test-0371,test,5,1,1,
syn-e06_c05-test-0372,test,5,1,1,
syn-e06_c05-test-0373,test,5,1,1,
syn-e06_c05-test-0374,test,5,1,1,
syn-e06_c05-test-0375,test,5,1,1,
syn-e06_c05-test-0376,test,5,1,1,
syn-e06_c05-test-0377,test,5,1,1,
syn-e06_c05-test-0378,test,5,1,1,
syn-e06_c05-test-0379,test,5,1,1,
syn-e06_c05-test-0380,test,5,1,1,
syn-e06_c05-test-0381,test,5,1,1,
syn-e06_c05-test-0382,test,5,1,1,
syn-e06_c05-test-0383,test,5,1,1,
syn-e06_c05-test-0384,test,5,1,1,
syn-e06_c05-test-0385,test,5,1,1,
syn-e06_c05-test-0386,test,5,1,1,
syn-e06_c05-test-0387,test,5,1,1,
syn-e06_c05-test-0388,test,5,1,1,
syn-e06_c05-test-0389,test,5,1,1,
syn-e06_c05-test-0390,test,5,1,1,
syn-e06_c05-test-0391,test,5,1,1,
syn-e06_c05-test-0392,test,5,1,1,
syn-e06_c05-test-0393,test,5,1,1,
syn-e06_c05-test-0394,test,5,1,1,
syn-e06_c05-test-0395,test,5,1,1,
syn-e06_c05-test-0396,test,5,1,1,
syn-e06_c05-test-0397,test,5,1,1,
syn-e06_c05-test-0398,test,5,1,1,
syn-e06_c05-test-0399,test,5,1,1,
syn-e06_c05-test-0400,test,5,1,1,
syn-e06_c05-test-0401,test,5,1,1,
syn-e06_c05-test-0402,test,5,1,1,
syn-e06_c05-test-0403,test,5,1,1,
syn-e06_c05-test-0404,test,5,1,1,
syn-e06_c05-test-0405,test,5,1,1,
syn-e06_c05-test-0406,test,5,1,1,
syn-e06_c05-test-0407,test,5,1,1,
syn-e06_c05-test-0408,test,5,1,1,
syn-e06_c05-test-0409,test,5,1,1,
syn-e06_c05-test-0410,test,5,1,1,
syn-e06_c05-test-0411,test,5,1,1,
syn-e06_c05-test-0412,test,5,1,1,
syn-e06_c05-test-0413,test,5,1,1,
syn-e06_c05-test-0414,test,5,1,1,
syn-e06_c05-test-0415,test,5,1,1,
syn-e06_c05-test-0416,test,5,1,1,
syn-e06_c05-test-0417,test,5,1,1,
syn-e06_c05-test-0418,test,5,1,1,
syn-e06_c05-test-0419,test,5,1,1,
syn-e06_c05-test-0420,test,5,1,1,
syn-e06_c05-test-0421,test,5,1,1,
syn-e06_c05-test-0422,test,5,1,1,
syn-e06_c05-test-0423,test,5,1,1,
syn-e06_c05-test-0424,test,5,1,1,
syn-e06_c05-test-0425,test,5,1,1,
syn-e06_c05-test-0426,test,5,1,1,
syn-e06_c05-test-0427,test,5,1,1,
syn-e06_c05-test-0428,test,5,1,1,
syn-e06_c05-test-0429,test,5,1,1,
syn-e06_c05-test-0430,test,5,1,1,
syn-e06_c05-test-0431,test,5,1,1,
syn-e06_c05-test-0432,test,5,1,1,
syn-e06_c05-test-0433,test,5,1,1,
syn-e06_c05-test-0434,test,5,1,1,
syn-e06_c05-test-0435,test,5,1,1,
syn-e06_c05-test-0436,test,5,1,1,
syn-e06_c05-test-0437,test,5,1,1,
syn-e06_c05-test-0438,test,5,1,1,
syn-e06_c05-test-0439,test,5,1,1,
syn-e06_c05-test-0440,test,5,1,1,
syn-e06_c05-test-0441,test,5,1,1,
syn-e06_c05-test-0442,test,5,1,1,
syn-e06_c05-test-0443,test,5,1,1,
syn-e06_c05-test-0444,test,5,1,1,
syn-e06_c05-test-0445,test,5,1,1,
syn-e06_c05-test-0446,test,5,1,1,
syn-e06_c05-test-0447,test,5,1,1,
syn-e06_c05-test-0448,test,5,1,1,
syn-e06_c05-test-0449,test,5,1,1,
syn-e06_c05-test-0450,test,5,1,1,
syn-e06_c05-test-0451,test,5,1,1,
syn-e06_c05-test-0452,test,5,1,1,
syn-e06_c05-test-0453,test,5,1,1,
syn-e06_c05-test-0454,test,5,1,1,
syn-e06_c05-test-0455,test,5,1,1,
syn-e06_c05-test-0456,test,5,1,1,
syn-e06_c05-test-0457,test,5,1,1,
syn-e06_c05-test-0458,test,5,1,1,
syn-e06_c05-test-0459,test,5,1,1,
syn-e06_c05-test-0460,test,5,1,1,
syn-e06_c05-test-0461,test,5,1,1,
syn-e06_c05-test-0462,test,5,1,1,
syn-e06_c05-test-0463,test,5,1,1,
syn-e06_c05-test-0464,test,5,1,1,
syn-e06_c05-test-0465,test,5,1,1,
syn-e06_c05-test-0466,test,5,1,1,
syn-e06_c05-test-0467,test,5,1,1,
syn-e06_c05-test-0468,test,5,1,1,
syn-e06_c05-test-0469,test,5,1,1,
syn-e06_c05-test-0470,test,5,1,1,
syn-e06_c05-test-0471,test,5,1,1,
syn-e06_c05-test-0472,test,5,1,1,
syn-e06_c05-test-0473,test,5,1,1,
syn-e06_c05-test-0474,test,5,1,1,
syn-e06_c05-test-0475,test,5,1,1,
syn-e06_c05-test-0476,test,5,1,1,
syn-e06_c05-test-0477,test,5,1,1,
syn-e06_c05-test-0478,test,5,1,1,
syn-e06_c05-test-0479,test,5,1,1,
syn-e06_c05-test-0480,test,5,1,1,
syn-e06_c05-test-0481,test,5,1,1,
syn-e06_c05-test-0482,test,5,1,1,
syn-e06_c05-test-0483,test,5,1,1,
syn-e06_c05-test-0484,test,5,1,1,
syn-e06_c05-test-0485,test,5,1,1,
syn-e06_c05-test-0486,test,5,1,1,
syn-e06_c05-test-0487,test,5,1,1,
syn-e06_c05-test-0488,test,5,1,1,
syn-e06_c05-test-0489,test,5,1,1,
syn-e06_c05-test-0490,test,5,1,1,
syn-e06_c05-test-0491,test,5,1,1,
syn-e06_c05-test-0492,test,5,1,1,
syn-e06_c05-test-0493,test,5,1,1,
syn-e06_c05-test-0494,test,5,1,1,
syn-e06_c05-test-0495,test,5,1,1,
syn-e06_c05-test-0496,test,5,1,1,
syn-e06_c05-test-0497,test,5,1,1,
syn-e06_c05-test-0498,test,5,1,1,
syn-e06_c05-test-0499,test,5,1,1,
syn-e06_c05-test-0500,test,5,1,1,
syn-e06_c05-test-0501,test,5,1,1,
syn-e06_c05-test-0502,test,5,1,1,
syn-e06_c05-test-0503,test,5,1,1,
syn-e06_c05-test-0504,test,5,1,1,
syn-e06_c05-test-0505,test,5,1,1,
syn-e06_c05-test-0506,test,5,1,1,
syn-e06_c05-test-0507,test,5,1,1,
syn-e06_c05-test-0508,test,5,1,1,
syn-e06_c05-test-0509,test,5,1,1,
syn-e06_c05-test-0510,test,5,1,1,
syn-e06_c05-test-0511,test,5,1,1,
syn-e06_c05-test-0512,test,5,1,1,
syn-e06_c05-test-0513,test,5,1,1,
syn-e06_c05-test-0514,test,5,1,1,
syn-e06_c05-test-0515,test,5,1,1,
syn-e06_c05-test-0516,test,5,1,1,
syn-e06_c05-test-0517,test,5,1,1,
syn-e06_c05-test-0518,test,5,1,1,
syn-e06_c05-test-0519,test,5,1,1,
syn-e06_c05-test-0520,test,5,1,1,
syn-e06_c05-test-0521,test,5,1,1,
syn-e06_c05-test-0522,test,5,1,1,
syn-e06_c05-test-0523,test,5,1,1,
syn-e06_c05-test-0524,test,5,1,1,
syn-e06_c05-test-0525,test,5,1,1,
syn-e06_c05-test-0526,test,5,1,1,
syn-e06_c05-test-0527,test,5,1,1,
syn-e06_c05-test-0528,test,5,1,1,
syn-e06_c05-test-0529,test,5,1,1,
syn-e06_c05-test-0530,test,5,1,1,
syn-e06_c05-test-0531,test,5,1,1,
syn-e06_c05-test-0532,test,5,1,1,
syn-e06_c05-test-0533,test,5,1,1,
syn-e06_c05-test-0534,test,5,1,1,
syn-e06_c05-test-0535,test,5,1,1,
syn-e06_c05-test-0536,test,5,1,1,
syn-e06_c05-test-0537,test,5,1,1,
syn-e06_c05-test-0538,test,5,1,1,
syn-e06_c05-test-0539,test,5,1,1,
syn-e06_c05-test-0540,test,5,1,1,
syn-e06_c05-test-0541,test,5,1,1,
syn-e06_c05-test-0542,test,5,1,1,
syn-e06_c05-test-0543,test,5,1,1,
syn-e06_c05-test-0544,test,5,1,1,
syn-e06_c05-test-0545,test,5,1,1,
syn-e06_c05-test-0546,test,5,1,1,
syn-e06_c05-test-0547,test,5,1,1,
syn-e06_c05-test-0548,test,5,1,1,
syn-e06_c05-test-0549,test,5,1,1,
syn-e06_c05-test-0550,test,5,1,1,
syn-e06_c05-test-0551,test,5,1,1,
syn-e06_c05-test-0552,test,5,1,1,
syn-e06_c05-test-0553,test,5,1,1,
syn-e06_c05-test-0554,test,5,1,1,
syn-e06_c05-test-0555,test,5,1,1,
syn-e06_c05-test-0556,test,5,1,1,
syn-e06_c05-test-0557,test,5,1,1,
syn-e06_c05-test-0558,test,5,1,1,
syn-e06_c05-test-0559,test,5,1,1,
syn-e06_c05-test-0560,test,5,1,1,
syn-e06_c05-test-0561,test,5,1,1,
syn-e06_c05-test-0562,test,5,1,1,
syn-e06_c05-test-0563,test,5,1,1,
syn-e06_c05-test-0564,test,5,1,1,
syn-e06_c05-test-0565,test,5,1,1,
syn-e06_c05-test-0566,test,5,1,1,
syn-e06_c05-test-0567,test,5,1,1,
syn-e06_c05-test-0568,test,5,1,1,
syn-e06_c05-test-0569,test,5,1,1,
syn-e06_c05-test-0570,test,5,1,1,
syn-e06_c05-test-0571,test,5,1,1,
syn-e06_c05-test-0572,test,5,1,1,
syn-e06_c05-test-0573,test,5,1,1,
syn-e06_c05-test-0574,test,5,1,1,
syn-e06_c05-test-0575,test,5,1,1,
syn-e06_c05-test-0576,test,5,1,1,
syn-e06_c05-test-0577,test,5,1,1,
syn-e06_c05-test-0578,test,5,1,1,
syn-e06_c05-test-0579,test,5,1,1,
syn-e06_c05-test-0580,test,5,1,1,
syn-e06_c05-test-0581,test,5,1,1,
syn-e06_c05-test-0582,test,5,1,1,
syn-e06_c05-test-0583,test,5,1,1,
syn-e06_c05-test-0584,test,5,1,1,
syn-e06_c05-test-0585,test,5,1,1,
syn-e06_c05-test-0586,test,5,1,1,
syn-e06_c05-test-0587,test,5,1,1,
syn-e06_c05-test-0588,test,5,1,1,
syn-e06_c05-test-0589,test,5,1,1,
syn-e06_c05-test-0590,test,5,1,1,
syn-e06_c05-test-0591,test,5,1,1,
syn-e06_c05-test-0592,test,5,1,1,
syn-e06_c05-test-0593,test,5,1,1,
syn-e06_c05-test-0594,test,5,1,1,
syn-e06_c05-test-0595,test,5,1,1,
syn-e06_c05-test-0596,test,5,1,1,
syn-e06_c05-test-0597,test,5,1,1,
syn-e06_c05-test-0598,test,5,1,1,
syn-e06_c05-test-0599,test,5,1,1,
syn-e06_c05-test-0600,test,5,1,1,
syn-e06_c05-test-0601,test,5,1,1,
syn-e06_c05-test-0602,test,5,1,1,
syn-e06_c05-test-0603,test,5,1,1,
syn-e06_c05-test-0604,test,5,1,1,
syn-e06_c05-test-0605,test,5,1,1,
syn-e06_c05-test-0606,test,5,1,1,
syn-e06_c05-test-0607,test,5,1,1,
syn-e06_c05-test-0608,test,5,1,1,
syn-e06_c05-test-0609,test,5,1,1,
syn-e06_c05-test-0610,test,5,1,1,
syn-e06_c05-test-0611,test,5,1,1,
syn-e06_c05-test-0612,test,5,1,1,
syn-e06_c05-test-0613,test,5,1,1,
syn-e06_c05-test-0614,test,5,1,1,
syn-e06_c05-test-0615,test,5,1,1,
syn-e06_c05-test-0616,test,5,1,1,
syn-e06_c05-test-0617,test,5,1,1,
syn-e06_c05-test-0618,test,5,1,1,
syn-e06_c05-test-0619,test,5,1,1,
syn-e06_c05-test-0620,test,5,1,1,
syn-e06_c05-test-0621,test,5,1,1,
syn-e06_c05-test-0622,test,5,1,1,
syn-e06_c05-test-0623,test,5,1,1,
syn-e06_c05-test-0624,test,5,1,1,
syn-e06_c05-test-0625,test,5,1,1,
syn-e06_c05-test-0626,test,5,1,1,
syn-e06_c05-test-0627,test,5,1,1,
syn-e06_c05-test-0628,test,5,1,1,
syn-e06_c05-test-0629,test,5,1,1,
syn-e06_c05-test-0630,test,5,1,1,
syn-e06_c05-test-0631,test,5,1,1,
syn-e06_c05-test-0632,test,5,1,1,
syn-e06_c05-test-0633,test,5,1,1,
syn-e06_c05-test-0634,test,5,1,1,
syn-e06_c05-test-0635,test,5,1,1,
syn-e06_c05-test-0636,test,5,1,1,
syn-e06_c05-test-0637,test,5,1,1,
syn-e06_c05-test-0638,test,5,1,1,
syn-e06_c05-test-0639,test,5,1,1,
syn-e06_c05-test-0640,test,5,1,1,
syn-e06_c05-test-0641,test,5,1,1,
syn-e06_c05-test-0642,test,5,1,1,
syn-e06_c05-test-0643,test,5,1,1,
syn-e06_c05-test-0644,test,5,1,1,
syn-e06_c05-test-0645,test,5,1,1,
syn-e06_c05-test-0646,test,5,1,1,
syn-e06_c05-test-0647,test,5,1,1,
syn-e06_c05-test-0648,test,5,1,1,
syn-e06_c05-test-0649,test,5,1,1,
syn-e06_c05-test-0650,test,5,1,1,
syn-e06_c05-test-0651,test,5,1,1,
syn-e06_c05-test-0652,test,5,1,1,
syn-e06_c05-test-0653,test,5,1,1,
syn-e06_c05-test-0654,test,5,1,1,
syn-e06_c05-test-0655,test,5,1,1,
syn-e06_c05-test-0656,test,5,1,1,
syn-e06_c05-test-0657,test,5,1,1,
syn-e06_c05-test-0658,test,5,1,1,
syn-e06_c05-test-0659,test,5,1,1,
syn-e06_c05-test-0660,test,5,1,1,
syn-e06_c05-test-0661,test,5,1,1,
syn-e06_c05-test-0662,test,5,1,1,
syn-e06_c05-test-0663,test,5,1,1,
syn-e06_c05-test-0664,test,5,1,1,
syn-e06_c05-test-0665,test,5,1,1,
syn-e06_c05-test-0666,test,5,1,1,
syn-e06_c05-test-0667,test,5,1,1,
syn-e06_c05-test-0668,test,5,1,1,
syn-e06_c05-test-0669,test,5,1,1,
syn-e06_c05-test-0670,test,5,1,1,
syn-e06_c05-test-0671,test,5,1,1,
syn-e06_c05-test-0672,test,5,1,1,
syn-e06_c05-test-0673,test,5,1,1,
syn-e06_c05-test-0674,test,5,1,1,
syn-e06_c05-test-0675,test,5,1,1,
syn-e06_c05-test-0676,test,5,1,1,
syn-e06_c05-test-0677,test,5,1,1,
syn-e06_c05-test-0678,test,5,1,1,
syn-e06_c05-test-0679,test,5,1,1,
syn-e06_c05-test-0680,test,5,1,1,
syn-e06_c05-test-0681,test,5,1,1,
syn-e06_c05-test-0682,test,5,1,1,
syn-e06_c05-test-0683,test,5,1,1,
syn-e06_c05-test-0684,test,5,1,1,
syn-e06_c05-test-0685,test,5,1,1,
syn-e06_c05-test-0686,test,5,1,1,
syn-e06_c05-test-0687,test,5,1,1,
syn-e06_c05-test-0688,test,5,1,1,
syn-e06_c05-test-0689,test,5,1,1,
syn-e06_c05-test-0690,test,5,1,1,
syn-e06_c05-test-0691,test,5,1,1,
syn-e06_c05-test-0692,test,5,1,1,
syn-e06_c05-test-0693,test,5,1,1,
syn-e06_c05-test-0694,test,5,1,1,
syn-e06_c05-test-0695,test,5,1,1,
syn-e06_c05-test-0696,test,5,1,1,
syn-e06_c05-test-0697,test,5,1,1,
syn-e06_c05-test-0698,test,5,1,1,
syn-e06_c05-test-0699,test,5,1,1,
syn-e06_c05-test-0700,test,5,1,1,
syn-e06_c10-dev-0001,dev,10,1,1,
syn-e06_c10-dev-0002,dev,10,1,1,
syn-e06_c10-dev-0003,dev,10,1,1,
syn-e06_c10-dev-0004,dev,10,1,1,
syn-e06_c10-dev-0005,dev,10,1,1,
syn-e06_c10-dev-0006,dev,10,1,1,
syn-e06_c10-dev-0007,dev,10,1,1,
syn-e06_c10-dev-0008,dev,10,1,1,
syn-e06_c10-dev-0009,dev,10,1,1,
syn-e06_c10-dev-0010,dev,10,1,1,
syn-e06_c10-dev-0011,dev,10,1,1,
syn-e06_c10-dev-0012,dev,10,1,1,
syn-e06_c10-dev-0013,dev,10,1,1,
syn-e06_c10-dev-0014,dev,10,1,1,
syn-e06_c10-dev-0015,dev,10,1,1,
syn-e06_c10-dev-0016,dev,10,1,1,
syn-e06_c10-dev-0017,dev,10,1,1,
syn-e06_c10-dev-0018,dev,10,1,1,
syn-e06_c10-dev-0019,dev,10,1,1,
syn-e06_c10-dev-0020,dev,10,1,1,
syn-e06_c10-dev-0021,dev,10,1,1,
syn-e06_c10-dev-0022,dev,10,1,1,
syn-e06_c10-dev-0023,dev,10,1,1,
syn-e06_c10-dev-0024,dev,10,1,1,
syn-e06_c10-dev-0025,dev,10,1,1,
syn-e06_c10-dev-0026,dev,10,1,1,
syn-e06_c10-dev-0027,dev,10,1,1,
syn-e06_c10-dev-0028,dev,10,1,1,
syn-e06_c10-dev-0029,dev,10,1,1,
syn-e06_c10-dev-0030,dev,10,1,1,
syn-e06_c10-dev-0031,dev,10,1,1,
syn-e06_c10-dev-0032,dev,10,1,1,
syn-e06_c10-dev-0033,dev,10,1,1,
syn-e06_c10-dev-0034,dev,10,1,1,
syn-e06_c10-dev-0035,dev,10,1,1,
syn-e06_c10-dev-0036,dev,10,1,1,
syn-e06_c10-dev-0037,dev,10,1,1,
syn-e06_c10-dev-0038,dev,10,1,1,
syn-e06_c10-dev-0039,dev,10,1,1,
syn-e06_c10-dev-0040,dev,10,1,1,
syn-e06_c10-dev-0041,dev,10,1,1,
syn-e06_c10-dev-0042,dev,10,1,1,
syn-e06_c10-dev-0043,dev,10,1,1,
syn-e06_c10-dev-0044,dev,10,1,1,
syn-e06_c10-dev-0045,dev,10,1,1,
syn-e06_c10-dev-0046,dev,10,1,1,
syn-e06_c10-dev-0047,dev,10,1,1,
syn-e06_c10-dev-0048,dev,10,1,1,
syn-e06_c10-dev-0049,dev,10,1,1,
syn-e06_c10-dev-0050,dev,10,1,1,
syn-e06_c10-dev-0051,dev,10,1,1,
syn-e06_c10-dev-0052,dev,10,1,1,
syn-e06_c10-dev-0053,dev,10,1,1,
syn-e06_c10-dev-0054,dev,10,1,1,
syn-e06_c10-dev-0055,dev,10,1,1,
syn-e06_c10-dev-0056,dev,10,1,1,
syn-e06_c10-dev-0057,dev,10,1,1,
syn-e06_c10-dev-0058,dev,10,1,1,
syn-e06_c10-dev-0059,dev,10,1,1,
syn-e06_c10-dev-0060,dev,10,1,1,
syn-e06_c10-dev-0061,dev,10,1,1,
syn-e06_c10-dev-0062,dev,10,1,1,
syn-e06_c10-dev-0063,dev,10,1,1,
syn-e06_c10-dev-0064,dev,10,1,1,
syn-e06_c10-dev-0065,dev,10,1,1,
syn-e06_c10-dev-0066,dev,10,1,1,
syn-e06_c10-dev-0067,dev,10,1,1,
syn-e06_c10-dev-0068,dev,10,1,1,
syn-e06_c10-dev-0069,dev,10,1,1,
syn-e06_c10-dev-0070,dev,10,1,1,
syn-e06_c10-dev-0071,dev,10,1,1,
syn-e06_c10-dev-0072,dev,10,1,1,
syn-e06_c10-dev-0073,dev,10,1,1,
syn-e06_c10-dev-0074,dev,10,1,1,
syn-e06_c10-dev-0075,dev,10,1,1,
syn-e06_c10-dev-0076,dev,10,1,1,
syn-e06_c10-dev-0077,dev,10,1,1,
syn-e06_c10-dev-0078,dev,10,1,1,
syn-e06_c10-dev-0079,dev,10,1,1,
syn-e06_c10-dev-0080,dev,10,1,1,
syn-e06_c10-dev-0081,dev,10,1,1,
syn-e06_c10-dev-0082,dev,10,1,1,
syn-e06_c10-dev-0083,dev,10,1,1,
syn-e06_c10-dev-0084,dev,10,1,1,
syn-e06_c10-dev-0085,dev,10,1,1,
syn-e06_c10-dev-0086,dev,10,1,1,
syn-e06_c10-dev-0087,dev,10,1,1,
syn-e06_c10-dev-0088,dev,10,1,1,
syn-e06_c10-dev-0089,dev,10,1,1,
syn-e06_c10-dev-0090,dev,10,1,1,
syn-e06_c10-dev-0091,dev,10,1,1,
syn-e06_c10-dev-0092,dev,10,1,1,
syn-e06_c10-dev-0093,dev,10,1,1,
syn-e06_c10-dev-0094,dev,10,1,1,
syn-e06_c10-dev-0095,dev,10,1,1,
syn-e06_c10-dev-0096,dev,10,1,1,
syn-e06_c10-dev-0097,dev,10,1,1,
syn-e06_c10-dev-0098,dev,10,1,1,
syn-e06_c10-dev-0099,dev,10,1,1,
syn-e06_c10-dev-0100,dev,10,1,1,
syn-e06_c10-dev-0101,dev,10,1,1,
syn-e06_c10-dev-0102,dev,10,1,1,
syn-e06_c10-dev-0103,dev,10,1,1,
syn-e06_c10-dev-0104,dev,10,1,1,
syn-e06_c10-dev-0105,dev,10,1,1,
syn-e06_c10-dev-0106,dev,10,1,1,
syn-e06_c10-dev-0107,dev,10,1,1,
syn-e06_c10-dev-0108,dev,10,1,1,
syn-e06_c10-dev-0109,dev,10,1,1,
syn-e06_c10-dev-0110,dev,10,1,1,
syn-e06_c10-dev-0111,dev,10,1,1,
syn-e06_c10-dev-0112,dev,10,1,1,
syn-e06_c10-dev-0113,dev,10,1,1,
syn-e06_c10-dev-0114,dev,10,1,1,
syn-e06_c10-dev-0115,dev,10,1,1,
syn-e06_c10-dev-0116,dev,10,1,1,
syn-e06_c10-dev-0117,dev,10,1,1,
syn-e06_c10-dev-0118,dev,10,1,1,
syn-e06_c10-dev-0119,dev,10,1,1,
syn-e06_c10-dev-0120,dev,10,1,1,
syn-e06_c10-dev-0121,dev,10,1,1,
syn-e06_c10-dev-0122,dev,10,1,1,
syn-e06_c10-dev-0123,dev,10,1,1,
syn-e06_c10-dev-0124,dev,10,1,1,
syn-e06_c10-dev-0125,dev,10,1,1,
syn-e06_c10-dev-0126,dev,10,1,1,
syn-e06_c10-dev-0127,dev,10,1,1,
syn-e06_c10-dev-0128,dev,10,1,1,
syn-e06_c10-dev-0129,dev,10,1,1,
syn-e06_c10-dev-0130,dev,10,1,1,
syn-e06_c10-dev-0131,dev,10,1,1,
syn-e06_c10-dev-0132,dev,10,1,1,
syn-e06_c10-dev-0133,dev,10,1,1,
syn-e06_c10-dev-0134,dev,10,1,1,
syn-e06_c10-dev-0135,dev,10,1,1,
syn-e06_c10-dev-0136,dev,10,1,1,
syn-e06_c10-dev-0137,dev,10,1,1,
syn-e06_c10-dev-0138,dev,10,1,1,
syn-e06_c10-dev-0139,dev,10,1,1,
syn-e06_c10-dev-0140,dev,10,1,1,
syn-e06_c10-dev-0141,dev,10,1,1,
syn-e06_c10-dev-0142,dev,10,1,1,
syn-e06_c10-dev-0143,dev,10,1,1,
syn-e06_c10-dev-0144,dev,10,1,1,
syn-e06_c10-dev-0145,dev,10,1,1,
syn-e06_c10-dev-0146,dev,10,1,1,
syn-e06_c10-dev-0147,dev,10,1,1,
syn-e06_c10-dev-0148,dev,10,1,1,
syn-e06_c10-dev-0149,dev,10,1,1,
syn-e06_c10-dev-0150,dev,10,1,1,
syn-e06_c10-dev-0151,dev,10,1,1,
syn-e06_c10-dev-0152,dev,10,1,1,
syn-e06_c10-dev-0153,dev,10,1,1,
syn-e06_c10-dev-0154,dev,10,1,1,
syn-e06_c10-dev-0155,dev,10,1,1,
syn-e06_c10-dev-0156,dev,10,1,1,
syn-e06_c10-dev-0157,dev,10,1,1,
syn-e06_c10-dev-0158,dev,10,1,1,
syn-e06_c10-dev-0159,dev,10,1,1,
syn-e06_c10-dev-0160,dev,10,1,1,
syn-e06_c10-dev-0161,dev,10,1,1,
syn-e06_c10-dev-0162,dev,10,1,1,
syn-e06_c10-dev-0163,dev,10,1,1,
syn-e06_c10-dev-0164,dev,10,1,1,
syn-e06_c10-dev-0165,dev,10,1,1,
syn-e06_c10-dev-0166,dev,10,1,1,
syn-e06_c10-dev-0167,dev,10,1,1,
syn-e06_c10-dev-0168,dev,10,1,1,
syn-e06_c10-dev-0169,dev,10,1,1,
syn-e06_c10-dev-0170,dev,10,1,1,
syn-e06_c10-dev-0171,dev,10,1,1,
syn-e06_c10-dev-0172,dev,10,1,1,
syn-e06_c10-dev-0173,dev,10,1,1,
syn-e06_c10-dev-0174,dev,10,1,1,
syn-e06_c10-dev-0175,dev,10,1,1,
syn-e06_c10-dev-0176,dev,10,1,1,
syn-e06_c10-dev-0177,dev,10,1,1,
syn-e06_c10-dev-0178,dev,10,1,1,
syn-e06_c10-dev-0179,dev,10,1,1,
syn-e06_c10-dev-0180,dev,10,1,1,
syn-e06_c10-dev-0181,dev,10,1,1,
syn-e06_c10-dev-0182,dev,10,1,1,
syn-e06_c10-dev-0183,dev,10,1,1,
syn-e06_c10-dev-0184,dev,10,1,1,
syn-e06_c10-dev-0185,dev,10,1,1,
syn-e06_c10-dev-0186,dev,10,1,1,
syn-e06_c10-dev-0187,dev,10,1,1,
syn-e06_c10-dev-0188,dev,10,1,1,
syn-e06_c10-dev-0189,dev,10,1,1,
syn-e06_c10-dev-0190,dev,10,1,1,
syn-e06_c10-dev-0191,dev,10,1,1,
syn-e06_c10-dev-0192,dev,10,1,1,
syn-e06_c10-dev-0193,dev,10,1,1,
syn-e06_c10-dev-0194,dev,10,1,1,
syn-e06_c10-dev-0195,dev,10,1,1,
syn-e06_c10-dev-0196,dev,10,1,1,
syn-e06_c10-dev-0197,dev,10,1,1,
syn-e06_c10-dev-0198,dev,10,1,1,
syn-e06_c10-dev-0199,dev,10,1,1,
syn-e06_c10-dev-0200,dev,10,1,1,
syn-e06_c10-dev-0201,dev,10,1,1,
syn-e06_c10-dev-0202,dev,10,1,1,
syn-e06_c10-dev-0203,dev,10,1,1,
syn-e06_c10-dev-0204,dev,10,1,1,
syn-e06_c10-dev-0205,dev,10,1,1,
syn-e06_c10-dev-0206,dev,10,1,1,
syn-e06_c10-dev-0207,dev,10,1,1,
syn-e06_c10-dev-0208,dev,10,1,1,
syn-e06_c10-dev-0209,dev,10,1,1,
syn-e06_c10-dev-0210,dev,10,1,1,
syn-e06_c10-dev-0211,dev,10,1,1,
syn-e06_c10-dev-0212,dev,10,1,1,
syn-e06_c10-dev-0213,dev,10,1,1,
syn-e06_c10-dev-0214,dev,10,1,1,
syn-e06_c10-dev-0215,dev,10,1,1,
syn-e06_c10-dev-0216,dev,10,1,1,
syn-e06_c10-dev-0217,dev,10,1,1,
syn-e06_c10-dev-0218,dev,10,1,1,
syn-e06_c10-dev-0219,dev,10,1,1,
syn-e06_c10-dev-0220,dev,10,1,1,
syn-e06_c10-dev-0221,dev,10,1,1,
syn-e06_c10-dev-0222,dev,10,1,1,
syn-e06_c10-dev-0223,dev,10,1,1,
syn-e06_c10-dev-0224,dev,10,1,1,
syn-e06_c10-dev-0225,dev,10,1,1,
syn-e06_c10-dev-0226,dev,10,1,1,
syn-e06_c10-dev-0227,dev,10,1,1,
syn-e06_c10-dev-0228,dev,10,1,1,
syn-e06_c10-dev-0229,dev,10,1,1,
syn-e06_c10-dev-0230,dev,10,1,1,
syn-e06_c10-dev-0231,dev,10,1,1,
syn-e06_c10-dev-0232,dev,10,1,1,
syn-e06_c10-dev-0233,dev,10,1,1,
syn-e06_c10-dev-0234,dev,10,1,1,
syn-e06_c10-dev-0235,dev,10,1,1,
syn-e06_c10-dev-0236,dev,10,1,1,
syn-e06_c10-dev-0237,dev,10,1,1,
syn-e06_c10-dev-0238,dev,10,1,1,
syn-e06_c10-dev-0239,dev,10,1,1,
syn-e06_c10-dev-0240,dev,10,1,1,
syn-e06_c10-dev-0241,dev,10,1,1,
syn-e06_c10-dev-0242,dev,10,1,1,
syn-e06_c10-dev-0243,dev,10,1,1,
syn-e06_c10-dev-0244,dev,10,1,1,
syn-e06_c10-dev-0245,dev,10,1,1,
syn-e06_c10-dev-0246,dev,10,1,1,
syn-e06_c10-dev-0247,dev,10,1,1,
syn-e06_c10-dev-0248,dev,10,1,1,
syn-e06_c10-dev-0249,dev,10,1,1,
syn-e06_c10-dev-0250,dev,10,1,1,
syn-e06_c10-dev-0251,dev,10,1,1,
syn-e06_c10-dev-0252,dev,10,1,1,
syn-e06_c10-dev-0253,dev,10,1,1,
syn-e06_c10-dev-0254,dev,10,1,1,
syn-e06_c10-dev-0255,dev,10,1,1,
syn-e06_c10-dev-0256,dev,10,1,1,
syn-e06_c10-dev-0257,dev,10,1,1,
syn-e06_c10-dev-0258,dev,10,1,1,
syn-e06_c10-dev-0259,dev,10,1,1,
syn-e06_c10-dev-0260,dev,10,1,1,
syn-e06_c10-dev-0261,dev,10,1,1,
syn-e06_c10-dev-0262,dev,10,1,1,
syn-e06_c10-dev-0263,dev,10,1,1,
syn-e06_c10-dev-0264,dev,10,1,1,
syn-e06_c10-dev-0265,dev,10,1,1,
syn-e06_c10-dev-0266,dev,10,1,1,
syn-e06_c10-dev-0267,dev,10,1,1,
syn-e06_c10-dev-0268,dev,10,1,1,
syn-e06_c10-dev-0269,dev,10,1,1,
syn-e06_c10-dev-0270,dev,10,1,1,
syn-e06_c10-dev-0271,dev,10,1,1,
syn-e06_c10-dev-0272,dev,10,1,1,
syn-e06_c10-dev-0273,dev,10,1,1,
syn-e06_c10-dev-0274,dev,10,1,1,
syn-e06_c10-dev-0275,dev,10,1,1,
syn-e06_c10-dev-0276,dev,10,1,1,
syn-e06_c10-dev-0277,dev,10,1,1,
syn-e06_c10-dev-0278,dev,10,1,1,
syn-e06_c10-dev-0279,dev,10,1,1,
syn-e06_c10-dev-0280,dev,10,1,1,
syn-e06_c10-dev-0281,dev,10,1,1,
syn-e06_c10-dev-0282,dev,10,1,1,
syn-e06_c10-dev-0283,dev,10,1,1,
syn-e06_c10-dev-0284,dev,10,1,1,
syn-e06_c10-dev-0285,dev,10,1,1,
syn-e06_c10-dev-0286,dev,10,1,1,
syn-e06_c10-dev-0287,dev,10,1,1,
syn-e06_c10-dev-0288,dev,10,1,1,
syn-e06_c10-dev-0289,dev,10,1,1,
syn-e06_c10-dev-0290,dev,10,1,1,
syn-e06_c10-dev-0291,dev,10,1,1,
syn-e06_c10-dev-0292,dev,10,1,1,
syn-e06_c10-dev-0293,dev,10,1,1,
syn-e06_c10-dev-0294,dev,10,1,1,
syn-e06_c10-dev-0295,dev,10,1,1,
syn-e06_c10-dev-0296,dev,10,1,1,
syn-e06_c10-dev-0297,dev,10,1,1,
syn-e06_c10-dev-0298,dev,10,1,1,
syn-e06_c10-dev-0299,dev,10,1,1,
syn-e06_c10-dev-0300,dev,10,1,1,
syn-e06_c10-test-0001,test,10,1,1,
syn-e06_c10-test-0002,test,10,1,1,
syn-e06_c10-test-0003,test,10,1,1,
syn-e06_c10-test-0004,test,10,1,1,
syn-e06_c10-test-0005,test,10,1,1,
syn-e06_c10-test-0006,test,10,1,1,
syn-e06_c10-test-0007,test,10,1,1,
syn-e06_c10-test-0008,test,10,1,1,
syn-e06_c10-test-0009,test,10,1,1,
syn-e06_c10-test-0010,test,10,1,1,
syn-e06_c10-test-0011,test,10,1,1,
syn-e06_c10-test-0012,test,10,1,1,
syn-e06_c10-test-0013,test,10,1,1,
syn-e06_c10-test-0014,test,10,1,1,
syn-e06_c10-test-0015,test,10,1,1,
syn-e06_c10-test-0016,test,10,1,1,
syn-e06_c10-test-0017,test,10,1,1,
syn-e06_c10-test-0018,test,10,1,1,
syn-e06_c10-test-0019,test,10,1,1,
syn-e06_c10-test-0020,test,10,1,1,
syn-e06_c10-test-0021,test,10,1,1,
syn-e06_c10-test-0022,test,10,1,1,
syn-e06_c10-test-0023,test,10,1,1,
syn-e06_c10-test-0024,test,10,1,1,
syn-e06_c10-test-0025,test,10,1,1,
syn-e06_c10-test-0026,test,10,1,1,
syn-e06_c10-test-0027,test,10,1,1,
syn-e06_c10-test-0028,test,10,1,1,
syn-e06_c10-test-0029,test,10,1,1,
syn-e06_c10-test-0030,test,10,1,1,
syn-e06_c10-test-0031,test,10,1,1,
syn-e06_c10-test-0032,test,10,1,1,
syn-e06_c10-test-0033,test,10,1,1,
syn-e06_c10-test-0034,test,10,1,1,
syn-e06_c10-test-0035,test,10,1,1,
syn-e06_c10-test-0036,test,10,1,1,
syn-e06_c10-test-0037,test,10,1,1,
syn-e06_c10-test-0038,test,10,1,1,
syn-e06_c10-test-0039,test,10,1,1,
syn-e06_c10-test-0040,test,10,1,1,
syn-e06_c10-test-0041,test,10,1,1,
syn-e06_c10-test-0042,test,10,1,1,
syn-e06_c10-test-0043,test,10,1,1,
syn-e06_c10-test-0044,test,10,1,1,
syn-e06_c10-test-0045,test,10,1,1,
syn-e06_c10-test-0046,test,10,1,1,
syn-e06_c10-test-0047,test,10,1,1,
syn-e06_c10-test-0048,test,10,1,1,
syn-e06_c10-test-0049,test,10,1,1,
syn-e06_c10-test-0050,test,10,1,1,
syn-e06_c10-test-0051,test,10,1,1,
syn-e06_c10-test-0052,test,10,1,1,
syn-e06_c10-test-0053,test,10,1,1,
syn-e06_c10-test-0054,test,10,1,1,
syn-e06_c10-test-0055,test,10,1,1,
syn-e06_c10-test-0056,test,10,1,1,
syn-e06_c10-test-0057,test,10,1,1,
syn-e06_c10-test-0058,test,10,1,1,
syn-e06_c10-test-0059,test,10,1,1,
syn-e06_c10-test-0060,test,10,1,1,
syn-e06_c10-test-0061,test,10,1,1,
syn-e06_c10-test-0062,test,10,1,1,
syn-e06_c10-test-0063,test,10,1,1,
syn-e06_c10-test-0064,test,10,1,1,
syn-e06_c10-test-0065,test,10,1,1,
syn-e06_c10-test-0066,test,10,1,1,
syn-e06_c10-test-0067,test,10,1,1,
syn-e06_c10-test-0068,test,10,1,1,
syn-e06_c10-test-0069,test,10,1,1,
syn-e06_c10-test-0070,test,10,1,1,
syn-e06_c10-test-0071,test,10,1,1,
syn-e06_c10-test-0072,test,10,1,1,
syn-e06_c10-test-0073,test,10,1,1,
syn-e06_c10-test-0074,test,10,1,1,
syn-e06_c10-test-0075,test,10,1,1,
syn-e06_c10-test-0076,test,10,1,1,
syn-e06_c10-test-0077,test,10,1,1,
syn-e06_c10-test-0078,test,10,1,1,
syn-e06_c10-test-0079,test,10,1,1,
syn-e06_c10-test-0080,test,10,1,1,
syn-e06_c10-test-0081,test,10,1,1,
syn-e06_c10-test-0082,test,10,1,1,
syn-e06_c10-test-0083,test,10,1,1,
syn-e06_c10-test-0084,test,10,1,1,
syn-e06_c10-test-0085,test,10,1,1,
syn-e06_c10-test-0086,test,10,1,1,
syn-e06_c10-test-0087,test,10,1,1,
syn-e06_c10-test-0088,test,10,1,1,
syn-e06_c10-test-0089,test,10,1,1,
syn-e06_c10-test-0090,test,10,1,1,
syn-e06_c10-test-0091,test,10,1,1,
syn-e06_c10-test-0092,test,10,1,1,
syn-e06_c10-test-0093,test,10,1,1,
syn-e06_c10-test-0094,test,10,1,1,
syn-e06_c10-test-0095,test,10,1,1,
syn-e06_c10-test-0096,test,10,1,1,
syn-e06_c10-test-0097,test,10,1,1,
syn-e06_c10-test-0098,test,10,1,1,
syn-e06_c10-test-0099,test,10,1,1,
syn-e06_c10-test-0100,test,10,1,1,
syn-e06_c10-test-0101,test,10,1,1,
syn-e06_c10-test-0102,test,10,1,1,
syn-e06_c10-test-0103,test,10,1,1,
syn-e06_c10-test-0104,test,10,1,1,
syn-e06_c10-test-0105,test,10,1,1,
syn-e06_c10-test-0106,test,10,1,1,
syn-e06_c10-test-0107,test,10,1,1,
syn-e06_c10-test-0108,test,10,1,1,
syn-e06_c10-test-0109,test,10,1,1,
syn-e06_c10-test-0110,test,10,1,1,
syn-e06_c10-test-0111,test,10,1,1,
syn-e06_c10-test-0112,test,10,1,1,
syn-e06_c10-test-0113,test,10,1,1,
syn-e06_c10-test-0114,test,10,1,1,
syn-e06_c10-test-0115,test,10,1,1,
syn-e06_c10-test-0116,test,10,1,1,
syn-e06_c10-test-0117,test,10,1,1,
syn-e06_c10-test-0118,test,10,1,1,
syn-e06_c10-test-0119,test,10,1,1,
syn-e06_c10-test-0120,test,10,1,1,
syn-e06_c10-test-0121,test,10,1,1,
syn-e06_c10-test-0122,test,10,1,1,
syn-e06_c10-test-0123,test,10,1,1,
syn-e06_c10-test-0124,test,10,1,1,
syn-e06_c10-test-0125,test,10,1,1,
syn-e06_c10-test-0126,test,10,1,1,
syn-e06_c10-test-0127,test,10,1,1,
syn-e06_c10-test-0128,test,10,1,1,
syn-e06_c10-test-0129,test,10,1,1,
syn-e06_c10-test-0130,test,10,1,1,
syn-e06_c10-test-0131,test,10,1,1,
syn-e06_c10-test-0132,test,10,1,1,
syn-e06_c10-test-0133,test,10,1,1,
syn-e06_c10-test-0134,test,10,1,1,
syn-e06_c10-test-0135,test,10,1,1,
syn-e06_c10-test-0136,test,10,1,1,
syn-e06_c10-test-0137,test,10,1,1,
syn-e06_c10-test-0138,test,10,1,1,
syn-e06_c10-test-0139,test,10,1,1,
syn-e06_c10-test-0140,test,10,1,1,
syn-e06_c10-test-0141,test,10,1,1,
syn-e06_c10-test-0142,test,10,1,1,
syn-e06_c10-test-0143,test,10,1,1,
syn-e06_c10-test-0144,test,10,1,1,
syn-e06_c10-test-0145,test,10,1,1,
syn-e06_c10-test-0146,test,10,1,1,
syn-e06_c10-test-0147,test,10,1,1,
syn-e06_c10-test-0148,test,10,1,1,
syn-e06_c10-test-0149,test,10,1,1,
syn-e06_c10-test-0150,test,10,1,1,
syn-e06_c10-test-0151,test,10,1,1,
syn-e06_c10-test-0152,test,10,1,1,
syn-e06_c10-test-0153,test,10,1,1,
syn-e06_c10-test-0154,test,10,1,1,
syn-e06_c10-test-0155,test,10,1,1,
syn-e06_c10-test-0156,test,10,1,1,
syn-e06_c10-test-0157,test,10,1,1,
syn-e06_c10-test-0158,test,10,1,1,
syn-e06_c10-test-0159,test,10,1,1,
syn-e06_c10-test-0160,test,10,1,1,
syn-e06_c10-test-0161,test,10,1,1,
syn-e06_c10-test-0162,test,10,1,1,
syn-e06_c10-test-0163,test,10,1,1,
syn-e06_c10-test-0164,test,10,1,1,
syn-e06_c10-test-0165,test,10,1,1,
syn-e06_c10-test-0166,test,10,1,1,
syn-e06_c10-test-0167,test,10,1,1,
syn-e06_c10-test-0168,test,10,1,1,
syn-e06_c10-test-0169,test,10,1,1,
syn-e06_c10-test-0170,test,10,1,1,
syn-e06_c10-test-0171,test,10,1,1,
syn-e06_c10-test-0172,test,10,1,1,
syn-e06_c10-test-0173,test,10,1,1,
syn-e06_c10-test-0174,test,10,1,1,
syn-e06_c10-test-0175,test,10,1,1,
syn-e06_c10-test-0176,test,10,1,1,
syn-e06_c10-test-0177,test,10,1,1,
syn-e06_c10-test-0178,test,10,1,1,
syn-e06_c10-test-0179,test,10,1,1,
syn-e06_c10-test-0180,test,10,1,1,
syn-e06_c10-test-0181,test,10,1,1,
syn-e06_c10-test-0182,test,10,1,1,
syn-e06_c10-test-0183,test,10,1,1,
syn-e06_c10-test-0184,test,10,1,1,
syn-e06_c10-test-0185,test,10,1,1,
syn-e06_c10-test-0186,test,10,1,1,
syn-e06_c10-test-0187,test,10,1,1,
syn-e06_c10-test-0188,test,10,1,1,
syn-e06_c10-test-0189,test,10,1,1,
syn-e06_c10-test-0190,test,10,1,1,
syn-e06_c10-test-0191,test,10,1,1,
syn-e06_c10-test-0192,test,10,1,1,
syn-e06_c10-test-0193,test,10,1,1,
syn-e06_c10-test-0194,test,10,1,1,
syn-e06_c10-test-0195,test,10,1,1,
syn-e06_c10-test-0196,test,10,1,1,
syn-e06_c10-test-0197,test,10,1,1,
syn-e06_c10-test-0198,test,10,1,1,
syn-e06_c10-test-0199,test,10,1,1,
syn-e06_c10-test-0200,test,10,1,1,
syn-e06_c10-test-0201,test,10,1,1,
syn-e06_c10-test-0202,test,10,1,1,
syn-e06_c10-test-0203,test,10,1,1,
syn-e06_c10-test-0204,test,10,1,1,
syn-e06_c10-test-0205,test,10,1,1,
syn-e06_c10-test-0206,test,10,1,1,
syn-e06_c10-test-0207,test,10,1,1,
syn-e06_c10-test-0208,test,10,1,1,
syn-e06_c10-test-0209,test,10,1,1,
syn-e06_c10-test-0210,test,10,1,1,
syn-e06_c10-test-0211,test,10,1,1,
syn-e06_c10-test-0212,test,10,1,1,
syn-e06_c10-test-0213,test,10,1,1,
syn-e06_c10-test-0214,test,10,1,1,
syn-e06_c10-test-0215,test,10,1,1,
syn-e06_c10-test-0216,test,10,1,1,
syn-e06_c10-test-0217,test,10,1,1,
syn-e06_c10-test-0218,test,10,1,1,
syn-e06_c10-test-0219,test,10,1,1,
syn-e06_c10-test-0220,test,10,1,1,
syn-e06_c10-test-0221,test,10,1,1,
syn-e06_c10-test-0222,test,10,1,1,
syn-e06_c10-test-0223,test,10,1,1,
syn-e06_c10-test-0224,test,10,1,1,
syn-e06_c10-test-0225,test,10,1,1,
syn-e06_c10-test-0226,test,10,1,1,
syn-e06_c10-test-0227,test,10,1,1,
syn-e06_c10-test-0228,test,10,1,1,
syn-e06_c10-test-0229,test,10,1,1,
syn-e06_c10-test-0230,test,10,1,1,
syn-e06_c10-test-0231,test,10,1,1,
syn-e06_c10-test-0232,test,10,1,1,
syn-e06_c10-test-0233,test,10,1,1,
syn-e06_c10-test-0234,test,10,1,1,
syn-e06_c10-test-0235,test,10,1,1,
syn-e06_c10-test-0236,test,10,1,1,
syn-e06_c10-test-0237,test,10,1,1,
syn-e06_c10-test-0238,test,10,1,1,
syn-e06_c10-test-0239,test,10,1,1,
syn-e06_c10-test-0240,test,10,1,1,
syn-e06_c10-test-0241,test,10,1,1,
syn-e06_c10-test-0242,test,10,1,1,
syn-e06_c10-test-0243,test,10,1,1,
syn-e06_c10-test-0244,test,10,1,1,
syn-e06_c10-test-0245,test,10,1,1,
syn-e06_c10-test-0246,test,10,1,1,
syn-e06_c10-test-0247,test,10,1,1,
syn-e06_c10-test-0248,test,10,1,1,
syn-e06_c10-test-0249,test,10,1,1,
syn-e06_c10-test-0250,test,10,1,1,
syn-e06_c10-test-0251,test,10,1,1,
syn-e06_c10-test-0252,test,10,1,1,
syn-e06_c10-test-0253,test,10,1,1,
syn-e06_c10-test-0254,test,10,1,1,
syn-e06_c10-test-0255,test,10,1,1,
syn-e06_c10-test-0256,test,10,1,1,
syn-e06_c10-test-0257,test,10,1,1,
syn-e06_c10-test-0258,test,10,1,1,
syn-e06_c10-test-0259,test,10,1,1,
syn-e06_c10-test-0260,test,10,1,1,
syn-e06_c10-test-0261,test,10,1,1,
syn-e06_c10-test-0262,test,10,1,1,
syn-e06_c10-test-0263,test,10,1,1,
syn-e06_c10-test-0264,test,10,1,1,
syn-e06_c10-test-0265,test,10,1,1,
syn-e06_c10-test-0266,test,10,1,1,
syn-e06_c10-test-0267,test,10,1,1,
syn-e06_c10-test-0268,test,10,1,1,
syn-e06_c10-test-0269,test,10,1,1,
syn-e06_c10-test-0270,test,10,1,1,
syn-e06_c10-test-0271,test,10,1,1,
syn-e06_c10-test-0272,test,10,1,1,
syn-e06_c10-test-0273,test,10,1,1,
syn-e06_c10-test-0274,test,10,1,1,
syn-e06_c10-test-0275,test,10,1,1,
syn-e06_c10-test-0276,test,10,1,1,
syn-e06_c10-test-0277,test,10,1,1,
syn-e06_c10-test-0278,test,10,1,1,
syn-e06_c10-test-0279,test,10,1,1,
syn-e06_c10-test-0280,test,10,1,1,
syn-e06_c10-test-0281,test,10,1,1,
syn-e06_c10-test-0282,test,10,1,1,
syn-e06_c10-test-0283,test,10,1,1,
syn-e06_c10-test-0284,test,10,1,1,
syn-e06_c10-test-0285,test,10,1,1,
syn-e06_c10-test-0286,test,10,1,1,
syn-e06_c10-test-0287,test,10,1,1,
syn-e06_c10-test-0288,test,10,1,1,
syn-e06_c10-test-0289,test,10,1,1,
syn-e06_c10-test-0290,test,10,1,1,
syn-e06_c10-test-0291,test,10,1,1,
syn-e06_c10-test-0292,test,10,1,1,
syn-e06_c10-test-0293,test,10,1,1,
syn-e06_c10-test-0294,test,10,1,1,
syn-e06_c10-test-0295,test,10,1,1,
syn-e06_c10-test-0296,test,10,1,1,
syn-e06_c10-test-0297,test,10,1,1,
syn-e06_c10-test-0298,test,10,1,1,
syn-e06_c10-test-0299,test,10,1,1,
syn-e06_c10-test-0300,test,10,1,1,
syn-e06_c10-test-0301,test,10,1,1,
syn-e06_c10-test-0302,test,10,1,1,
syn-e06_c10-test-0303,test,10,1,1,
syn-e06_c10-test-0304,test,10,1,1,
syn-e06_c10-test-0305,test,10,1,1,
syn-e06_c10-test-0306,test,10,1,1,
syn-e06_c10-test-0307,test,10,1,1,
syn-e06_c10-test-0308,test,10,1,1,
syn-e06_c10-test-0309,test,10,1,1,
syn-e06_c10-test-0310,test,10,1,1,
syn-e06_c10-test-0311,test,10,1,1,
syn-e06_c10-test-0312,test,10,1,1,
syn-e06_c10-test-0313,test,10,1,1,
syn-e06_c10-test-0314,test,10,1,1,
syn-e06_c10-test-0315,test,10,1,1,
syn-e06_c10-test-0316,test,10,1,1,
syn-e06_c10-test-0317,test,10,1,1,
syn-e06_c10-test-0318,test,10,1,1,
syn-e06_c10-test-0319,test,10,1,1,
syn-e06_c10-test-0320,test,10,1,1,
syn-e06_c10-test-0321,test,10,1,1,
syn-e06_c10-test-0322,test,10,1,1,
syn-e06_c10-test-0323,test,10,1,1,
syn-e06_c10-test-0324,test,10,1,1,
syn-e06_c10-test-0325,test,10,1,1,
syn-e06_c10-test-0326,test,10,1,1,
syn-e06_c10-test-0327,test,10,1,1,
syn-e06_c10-test-0328,test,10,1,1,
syn-e06_c10-test-0329,test,10,1,1,
syn-e06_c10-test-0330,test,10,1,1,
syn-e06_c10-test-0331,test,10,1,1,
syn-e06_c10-test-0332,test,10,1,1,
syn-e06_c10-test-0333,test,10,1,1,
syn-e06_c10-test-0334,test,10,1,1,
syn-e06_c10-test-0335,test,10,1,1,
syn-e06_c10-test-0336,test,10,1,1,
syn-e06_c10-test-0337,test,10,1,1,
syn-e06_c10-test-0338,test,10,1,1,
syn-e06_c10-test-0339,test,10,1,1,
syn-e06_c10-test-0340,test,10,1,1,
syn-e06_c10-test-0341,test,10,1,1,
syn-e06_c10-test-0342,test,10,1,1,
syn-e06_c10-test-0343,test,10,1,1,
syn-e06_c10-test-0344,test,10,1,1,
syn-e06_c10-test-0345,test,10,1,1,
syn-e06_c10-test-0346,test,10,1,1,
syn-e06_c10-test-0347,test,10,1,1,
syn-e06_c10-test-0348,test,10,1,1,
syn-e06_c10-test-0349,test,10,1,1,
syn-e06_c10-test-0350,test,10,1,1,
syn-e06_c10-test-0351,test,10,1,1,
syn-e06_c10-test-0352,test,10,1,1,
syn-e06_c10-test-0353,test,10,1,1,
syn-e06_c10-test-0354,test,10,1,1,
syn-e06_c10-test-0355,test,10,1,1,
syn-e06_c10-test-0356,test,10,1,1,
syn-e06_c10-test-0357,test,10,1,1,
syn-e06_c10-test-0358,test,10,1,1,
syn-e06_c10-test-0359,test,10,1,1,
syn-e06_c10-test-0360,test,10,1,1,
syn-e06_c10-test-0361,test,10,1,1,
syn-e06_c10-test-0362,test,10,1,1,
syn-e06_c10-test-0363,test,10,1,1,
syn-e06_c10-test-0364,test,10,1,1,
syn-e06_c10-test-0365,test,10,1,1,
syn-e06_c10-test-0366,test,10,1,1,
syn-e06_c10-test-0367,test,10,1,1,
syn-e06_c10-test-0368,test,10,1,1,
syn-e06_c10-test-0369,test,10,1,1,
syn-e06_c10-test-0370,test,10,1,1,
syn-e06_c10-test-0371,test,10,1,1,
syn-e06_c10-test-0372,test,10,1,1,
syn-e06_c10-test-0373,test,10,1,1,
syn-e06_c10-test-0374,test,10,1,1,
syn-e06_c10-test-0375,test,10,1,1,
syn-e06_c10-test-0376,test,10,1,1,
syn-e06_c10-test-0377,test,10,1,1,
syn-e06_c10-test-0378,test,10,1,1,
syn-e06_c10-test-0379,test,10,1,1,
syn-e06_c10-test-0380,test,10,1,1,
syn-e06_c10-test-0381,test,10,1,1,
syn-e06_c10-test-0382,test,10,1,1,
syn-e06_c10-test-0383,test,10,1,1,
syn-e06_c10-test-0384,test,10,1,1,
syn-e06_c10-test-0385,test,10,1,1,
syn-e06_c10-test-0386,test,10,1,1,
syn-e06_c10-test-0387,test,10,1,1,
syn-e06_c10-test-0388,test,10,1,1,
syn-e06_c10-test-0389,test,10,1,1,
syn-e06_c10-test-0390,test,10,1,1,
syn-e06_c10-test-0391,test,10,1,1,
syn-e06_c10-test-0392,test,10,1,1,
syn-e06_c10-test-0393,test,10,1,1,
syn-e06_c10-test-0394,test,10,1,1,
syn-e06_c10-test-0395,test,10,1,1,
syn-e06_c10-test-0396,test,10,1,1,
syn-e06_c10-test-0397,test,10,1,1,
syn-e06_c10-test-0398,test,10,1,1,
syn-e06_c10-test-0399,test,10,1,1,
syn-e06_c10-test-0400,test,10,1,1,
syn-e06_c10-test-0401,test,10,1,1,
syn-e06_c10-test-0402,test,10,1,1,
syn-e06_c10-test-0403,test,10,1,1,
syn-e06_c10-test-0404,test,10,1,1,
syn-e06_c10-test-0405,test,10,1,1,
syn-e06_c10-test-0406,test,10,1,1,
syn-e06_c10-test-0407,test,10,1,1,
syn-e06_c10-test-0408,test,10,1,1,
syn-e06_c10-test-0409,test,10,1,1,
syn-e06_c10-test-0410,test,10,1,1,
syn-e06_c10-test-0411,test,10,1,1,
syn-e06_c10-test-0412,test,10,1,1,
syn-e06_c10-test-0413,test,10,1,1,
syn-e06_c10-test-0414,test,10,1,1,
syn-e06_c10-test-0415,test,10,1,1,
syn-e06_c10-test-0416,test,10,1,1,
syn-e06_c10-test-0417,test,10,1,1,
syn-e06_c10-test-0418,test,10,1,1,
syn-e06_c10-test-0419,test,10,1,1,
syn-e06_c10-test-0420,test,10,1,1,
syn-e06_c10-test-0421,test,10,1,1,
syn-e06_c10-test-0422,test,10,1,1,
syn-e06_c10-test-0423,test,10,1,1,
syn-e06_c10-test-0424,test,10,1,1,
syn-e06_c10-test-0425,test,10,1,1,
syn-e06_c10-test-0426,test,10,1,1,
syn-e06_c10-test-0427,test,10,1,1,
syn-e06_c10-test-0428,test,10,1,1,
syn-e06_c10-test-0429,test,10,1,1,
syn-e06_c10-test-0430,test,10,1,1,
syn-e06_c10-test-0431,test,10,1,1,
syn-e06_c10-test-0432,test,10,1,1,
syn-e06_c10-test-0433,test,10,1,1,
syn-e06_c10-test-0434,test,10,1,1,
syn-e06_c10-test-0435,test,10,1,1,
syn-e06_c10-test-0436,test,10,1,1,
syn-e06_c10-test-0437,test,10,1,1,
syn-e06_c10-test-0438,test,10,1,1,
syn-e06_c10-test-0439,test,10,1,1,
syn-e06_c10-test-0440,test,10,1,1,
syn-e06_c10-test-0441,test,10,1,1,
syn-e06_c10-test-0442,test,10,1,1,
syn-e06_c10-test-0443,test,10,1,1,
syn-e06_c10-test-0444,test,10,1,1,
syn-e06_c10-test-0445,test,10,1,1,
syn-e06_c10-test-0446,test,10,1,1,
syn-e06_c10-test-0447,test,10,1,1,
syn-e06_c10-test-0448,test,10,1,1,
syn-e06_c10-test-0449,test,10,1,1,
syn-e06_c10-test-0450,test,10,1,1,
syn-e06_c10-test-0451,test,10,1,1,
syn-e06_c10-test-0452,test,10,1,1,
syn-e06_c10-test-0453,test,10,1,1,
syn-e06_c10-test-0454,test,10,1,1,
syn-e06_c10-test-0455,test,10,1,1,
syn-e06_c10-test-0456,test,10,1,1,
syn-e06_c10-test-0457,test,10,1,1,
syn-e06_c10-test-0458,test,10,1,1,
syn-e06_c10-test-0459,test,10,1,1,
syn-e06_c10-test-0460,test,10,1,1,
syn-e06_c10-test-0461,test,10,1,1,
syn-e06_c10-test-0462,test,10,1,1,
syn-e06_c10-test-0463,test,10,1,1,
syn-e06_c10-test-0464,test,10,1,1,
syn-e06_c10-test-0465,test,10,1,1,
syn-e06_c10-test-0466,test,10,1,1,
syn-e06_c10-test-0467,test,10,1,1,
syn-e06_c10-test-0468,test,10,1,1,
syn-e06_c10-test-0469,test,10,1,1,
syn-e06_c10-test-0470,test,10,1,1,
syn-e06_c10-test-0471,test,10,1,1,
syn-e06_c10-test-0472,test,10,1,1,
syn-e06_c10-test-0473,test,10,1,1,
syn-e06_c10-test-0474,test,10,1,1,
syn-e06_c10-test-0475,test,10,1,1,
syn-e06_c10-test-0476,test,10,1,1,
syn-e06_c10-test-0477,test,10,1,1,
syn-e06_c10-test-0478,test,10,1,1,
syn-e06_c10-test-0479,test,10,1,1,
syn-e06_c10-test-0480,test,10,1,1,
syn-e06_c10-test-0481,test,10,1,1,
syn-e06_c10-test-0482,test,10,1,1,
syn-e06_c10-test-0483,test,10,1,1,
syn-e06_c10-test-0484,test,10,1,1,
syn-e06_c10-test-0485,test,10,1,1,
syn-e06_c10-test-0486,test,10,1,1,
syn-e06_c10-test-0487,test,10,1,1,
syn-e06_c10-test-0488,test,10,1,1,
syn-e06_c10-test-0489,test,10,1,1,
syn-e06_c10-test-0490,test,10,1,1,
syn-e06_c10-test-0491,test,10,1,1,
syn-e06_c10-test-0492,test,10,1,1,
syn-e06_c10-test-0493,test,10,1,1,
syn-e06_c10-test-0494,test,10,1,1,
syn-e06_c10-test-0495,test,10,1,1,
syn-e06_c10-test-0496,test,10,1,1,
syn-e06_c10-test-0497,test,10,1,1,
syn-e06_c10-test-0498,test,10,1,1,
syn-e06_c10-test-0499,test,10,1,1,
syn-e06_c10-test-0500,test,10,1,1,
syn-e06_c10-test-0501,test,10,1,1,
syn-e06_c10-test-0502,test,10,1,1,
syn-e06_c10-test-0503,test,10,1,1,
syn-e06_c10-test-0504,test,10,1,1,
syn-e06_c10-test-0505,test,10,1,1,
syn-e06_c10-test-0506,test,10,1,1,
syn-e06_c10-test-0507,test,10,1,1,
syn-e06_c10-test-0508,test,10,1,1,
syn-e06_c10-test-0509,test,10,1,1,
syn-e06_c10-test-0510,test,10,1,1,
syn-e06_c10-test-0511,test,10,1,1,
syn-e06_c10-test-0512,test,10,1,1,
syn-e06_c10-test-0513,test,10,1,1,
syn-e06_c10-test-0514,test,10,1,1,
syn-e06_c10-test-0515,test,10,1,1,
syn-e06_c10-test-0516,test,10,1,1,
syn-e06_c10-test-0517,test,10,1,1,
syn-e06_c10-test-0518,test,10,1,1,
syn-e06_c10-test-0519,test,10,1,1,
syn-e06_c10-test-0520,test,10,1,1,
syn-e06_c10-test-0521,test,10,1,1,
syn-e06_c10-test-0522,test,10,1,1,
syn-e06_c10-test-0523,test,10,1,1,
syn-e06_c10-test-0524,test,10,1,1,
syn-e06_c10-test-0525,test,10,1,1,
syn-e06_c10-test-0526,test,10,1,1,
syn-e06_c10-test-0527,test,10,1,1,
syn-e06_c10-test-0528,test,10,1,1,
syn-e06_c10-test-0529,test,10,1,1,
syn-e06_c10-test-0530,test,10,1,1,
syn-e06_c10-test-0531,test,10,1,1,
syn-e06_c10-test-0532,test,10,1,1,
syn-e06_c10-test-0533,test,10,1,1,
syn-e06_c10-test-0534,test,10,1,1,
syn-e06_c10-test-0535,test,10,1,1,
syn-e06_c10-test-0536,test,10,1,1,
syn-e06_c10-test-0537,test,10,1,1,
syn-e06_c10-test-0538,test,10,1,1,
syn-e06_c10-test-0539,test,10,1,1,
syn-e06_c10-test-0540,test,10,1,1,
syn-e06_c10-test-0541,test,10,1,1,
syn-e06_c10-test-0542,test,10,1,1,
syn-e06_c10-test-0543,test,10,1,1,
syn-e06_c10-test-0544,test,10,1,1,
syn-e06_c10-test-0545,test,10,1,1,
syn-e06_c10-test-0546,test,10,1,1,
syn-e06_c10-test-0547,test,10,1,1,
syn-e06_c10-test-0548,test,10,1,1,
syn-e06_c10-test-0549,test,10,1,1,
syn-e06_c10-test-0550,test,10,1,1,
syn-e06_c10-test-0551,test,10,1,1,
syn-e06_c10-test-0552,test,10,1,1,
syn-e06_c10-test-0553,test,10,1,1,
syn-e06_c10-test-0554,test,10,1,1,
syn-e06_c10-test-0555,test,10,1,1,
syn-e06_c10-test-0556,test,10,1,1,
syn-e06_c10-test-0557,test,10,1,1,
syn-e06_c10-test-0558,test,10,1,1,
syn-e06_c10-test-0559,test,10,1,1,
syn-e06_c10-test-0560,test,10,1,1,
syn-e06_c10-test-0561,test,10,1,1,
syn-e06_c10-test-0562,test,10,1,1,
syn-e06_c10-test-0563,test,10,1,1,
syn-e06_c10-test-0564,test,10,1,1,
syn-e06_c10-test-0565,test,10,1,1,
syn-e06_c10-test-0566,test,10,1,1,
syn-e06_c10-test-0567,test,10,1,1,
syn-e06_c10-test-0568,test,10,1,1,
syn-e06_c10-test-0569,test,10,1,1,
syn-e06_c10-test-0570,test,10,1,1,
syn-e06_c10-test-0571,test,10,1,1,
syn-e06_c10-test-0572,test,10,1,1,
syn-e06_c10-test-0573,test,10,1,1,
syn-e06_c10-test-0574,test,10,1,1,
syn-e06_c10-test-0575,test,10,1,1,
syn-e06_c10-test-0576,test,10,1,1,
syn-e06_c10-test-0577,test,10,1,1,
syn-e06_c10-test-0578,test,10,1,1,
syn-e06_c10-test-0579,test,10,1,1,
syn-e06_c10-test-0580,test,10,1,1,
syn-e06_c10-test-0581,test,10,1,1,
syn-e06_c10-test-0582,test,10,1,1,
syn-e06_c10-test-0583,test,10,1,1,
syn-e06_c10-test-0584,test,10,1,1,
syn-e06_c10-test-0585,test,10,1,1,
syn-e06_c10-test-0586,test,10,1,1,
syn-e06_c10-test-0587,test,10,1,1,
syn-e06_c10-test-0588,test,10,1,1,
syn-e06_c10-test-0589,test,10,1,1,
syn-e06_c10-test-0590,test,10,1,1,
syn-e06_c10-test-0591,test,10,1,1,
syn-e06_c10-test-0592,test,10,1,1,
syn-e06_c10-test-0593,test,10,1,1,
syn-e06_c10-test-0594,test,10,1,1,
syn-e06_c10-test-0595,test,10,1,1,
syn-e06_c10-test-0596,test,10,1,1,
syn-e06_c10-test-0597,test,10,1,1,
syn-e06_c10-test-0598,test,10,1,1,
syn-e06_c10-test-0599,test,10,1,1,
syn-e06_c10-test-0600,test,10,1,1,
syn-e06_c10-test-0601,test,10,1,1,
syn-e06_c10-test-0602,test,10,1,1,
syn-e06_c10-test-0603,test,10,1,1,
syn-e06_c10-test-0604,test,10,1,1,
syn-e06_c10-test-0605,test,10,1,1,
syn-e06_c10-test-0606,test,10,1,1,
syn-e06_c10-test-0607,test,10,1,1,
syn-e06_c10-test-0608,test,10,1,1,
syn-e06_c10-test-0609,test,10,1,1,
syn-e06_c10-test-0610,test,10,1,1,
syn-e06_c10-test-0611,test,10,1,1,
syn-e06_c10-test-0612,test,10,1,1,
syn-e06_c10-test-0613,test,10,1,1,
syn-e06_c10-test-0614,test,10,1,1,
syn-e06_c10-test-0615,test,10,1,1,
syn-e06_c10-test-0616,test,10,1,1,
syn-e06_c10-test-0617,test,10,1,1,
syn-e06_c10-test-0618,test,10,1,1,
syn-e06_c10-test-0619,test,10,1,1,
syn-e06_c10-test-0620,test,10,1,1,
syn-e06_c10-test-0621,test,10,1,1,
syn-e06_c10-test-0622,test,10,1,1,
syn-e06_c10-test-0623,test,10,1,1,
syn-e06_c10-test-0624,test,10,1,1,
syn-e06_c10-test-0625,test,10,1,1,
syn-e06_c10-test-0626,test,10,1,1,
syn-e06_c10-test-0627,test,10,1,1,
syn-e06_c10-test-0628,test,10,1,1,
syn-e06_c10-test-0629,test,10,1,1,
syn-e06_c10-test-0630,test,10,1,1,
syn-e06_c10-test-0631,test,10,1,1,
syn-e06_c10-test-0632,test,10,1,1,
syn-e06_c10-test-0633,test,10,1,1,
syn-e06_c10-test-0634,test,10,1,1,
syn-e06_c10-test-0635,test,10,1,1,
syn-e06_c10-test-0636,test,10,1,1,
syn-e06_c10-test-0637,test,10,1,1,
syn-e06_c10-test-0638,test,10,1,1,
syn-e06_c10-test-0639,test,10,1,1,
syn-e06_c10-test-0640,test,10,1,1,
syn-e06_c10-test-0641,test,10,1,1,
syn-e06_c10-test-0642,test,10,1,1,
syn-e06_c10-test-0643,test,10,1,1,
syn-e06_c10-test-0644,test,10,1,1,
syn-e06_c10-test-0645,test,10,1,1,
syn-e06_c10-test-0646,test,10,1,1,
syn-e06_c10-test-0647,test,10,1,1,
syn-e06_c10-test-0648,test,10,1,1,
syn-e06_c10-test-0649,test,10,1,1,
syn-e06_c10-test-0650,test,10,1,1,
syn-e06_c10-test-0651,test,10,1,1,
syn-e06_c10-test-0652,test,10,1,1,
syn-e06_c10-test-0653,test,10,1,1,
syn-e06_c10-test-0654,test,10,1,1,
syn-e06_c10-test-0655,test,10,1,1,
syn-e06_c10-test-0656,test,10,1,1,
syn-e06_c10-test-0657,test,10,1,1,
syn-e06_c10-test-0658,test,10,1,1,
syn-e06_c10-test-0659,test,10,1,1,
syn-e06_c10-test-0660,test,10,1,1,
syn-e06_c10-test-0661,test,10,1,1,
syn-e06_c10-test-0662,test,10,1,1,
syn-e06_c10-test-0663,test,10,1,1,
syn-e06_c10-test-0664,test,10,1,1,
syn-e06_c10-test-0665,test,10,1,1,
syn-e06_c10-test-0666,test,10,1,1,
syn-e06_c10-test-0667,test,10,1,1,
syn-e06_c10-test-0668,test,10,1,1,
syn-e06_c10-test-0669,test,10,1,1,
syn-e06_c10-test-0670,test,10,1,1,
syn-e06_c10-test-0671,test,10,1,1,
syn-e06_c10-test-0672,test,10,1,1,
syn-e06_c10-test-0673,test,10,1,1,
syn-e06_c10-test-0674,test,10,1,1,
syn-e06_c10-test-0675,test,10,1,1,
syn-e06_c10-test-0676,test,10,1,1,
syn-e06_c10-test-0677,test,10,1,1,
syn-e06_c10-test-0678,test,10,1,1,
syn-e06_c10-test-0679,test,10,1,1,
syn-e06_c10-test-0680,test,10,1,1,
syn-e06_c10-test-0681,test,10,1,1,
syn-e06_c10-test-0682,test,10,1,1,
syn-e06_c10-test-0683,test,10,1,1,
syn-e06_c10-test-0684,test,10,1,1,
syn-e06_c10-test-0685,test,10,1,1,
syn-e06_c10-test-0686,test,10,1,1,
syn-e06_c10-test-0687,test,10,1,1,
syn-e06_c10-test-0688,test,10,1,1,
syn-e06_c10-test-0689,test,10,1,1,
syn-e06_c10-test-0690,test,10,1,1,
syn-e06_c10-test-0691,test,10,1,1,
syn-e06_c10-test-0692,test,10,1,1,
syn-e06_c10-test-0693,test,10,1,1,
syn-e06_c10-test-0694,test,10,1,1,
syn-e06_c10-test-0695,test,10,1,1,
syn-e06_c10-test-0696,test,10,1,1,
syn-e06_c10-test-0697,test,10,1,1,
syn-e06_c10-test-0698,test,10,1,1,
syn-e06_c10-test-0699,test,10,1,1,
syn-e06_c10-test-0700,test,10,1,1,
syn-e06_c20-dev-0001,dev,20,1,1,
syn-e06_c20-dev-0002,dev,20,1,1,
syn-e06_c20-dev-0003,dev,20,1,1,
syn-e06_c20-dev-0004,dev,20,1,1,
syn-e06_c20-dev-0005,dev,20,1,1,
syn-e06_c20-dev-0006,dev,20,1,1,
syn-e06_c20-dev-0007,dev,20,1,1,
syn-e06_c20-dev-0008,dev,20,1,1,
syn-e06_c20-dev-0009,dev,20,1,1,
syn-e06_c20-dev-0010,dev,20,1,1,
syn-e06_c20-dev-0011,dev,20,1,1,
syn-e06_c20-dev-0012,dev,20,1,1,
syn-e06_c20-dev-0013,dev,20,1,1,
syn-e06_c20-dev-0014,dev,20,1,1,
syn-e06_c20-dev-0015,dev,20,1,1,
syn-e06_c20-dev-0016,dev,20,1,1,
syn-e06_c20-dev-0017,dev,20,1,1,
syn-e06_c20-dev-0018,dev,20,1,1,
syn-e06_c20-dev-0019,dev,20,1,1,
syn-e06_c20-dev-0020,dev,20,1,1,
syn-e06_c20-dev-0021,dev,20,1,1,
syn-e06_c20-dev-0022,dev,20,1,1,
syn-e06_c20-dev-0023,dev,20,1,1,
syn-e06_c20-dev-0024,dev,20,1,1,
syn-e06_c20-dev-0025,dev,20,1,1,
syn-e06_c20-dev-0026,dev,20,1,1,
syn-e06_c20-dev-0027,dev,20,1,1,
syn-e06_c20-dev-0028,dev,20,1,1,
syn-e06_c20-dev-0029,dev,20,1,1,
syn-e06_c20-dev-0030,dev,20,1,1,
syn-e06_c20-dev-0031,dev,20,1,1,
syn-e06_c20-dev-0032,dev,20,1,1,
syn-e06_c20-dev-0033,dev,20,1,1,
syn-e06_c20-dev-0034,dev,20,1,1,
syn-e06_c20-dev-0035,dev,20,1,1,
syn-e06_c20-dev-0036,dev,20,1,1,
syn-e06_c20-dev-0037,dev,20,1,1,
syn-e06_c20-dev-0038,dev,20,1,1,
syn-e06_c20-dev-0039,dev,20,1,1,
syn-e06_c20-dev-0040,dev,20,1,1,
syn-e06_c20-dev-0041,dev,20,1,1,
syn-e06_c20-dev-0042,dev,20,1,1,
syn-e06_c20-dev-0043,dev,20,1,1,
syn-e06_c20-dev-0044,dev,20,1,1,
syn-e06_c20-dev-0045,dev,20,1,1,
syn-e06_c20-dev-0046,dev,20,1,1,
syn-e06_c20-dev-0047,dev,20,1,1,
syn-e06_c20-dev-0048,dev,20,1,1,
syn-e06_c20-dev-0049,dev,20,1,1,
syn-e06_c20-dev-0050,dev,20,1,1,
syn-e06_c20-dev-0051,dev,20,1,1,
syn-e06_c20-dev-0052,dev,20,1,1,
syn-e06_c20-dev-0053,dev,20,1,1,
syn-e06_c20-dev-0054,dev,20,1,1,
syn-e06_c20-dev-0055,dev,20,1,1,
syn-e06_c20-dev-0056,dev,20,1,1,
syn-e06_c20-dev-0057,dev,20,1,1,
syn-e06_c20-dev-0058,dev,20,1,1,
syn-e06_c20-dev-0059,dev,20,1,1,
syn-e06_c20-dev-0060,dev,20,1,1,
syn-e06_c20-dev-0061,dev,20,1,1,
syn-e06_c20-dev-0062,dev,20,1,1,
syn-e06_c20-dev-0063,dev,20,1,1,
syn-e06_c20-dev-0064,dev,20,1,1,
syn-e06_c20-dev-0065,dev,20,1,1,
syn-e06_c20-dev-0066,dev,20,1,1,
syn-e06_c20-dev-0067,dev,20,1,1,
syn-e06_c20-dev-0068,dev,20,1,1,
syn-e06_c20-dev-0069,dev,20,1,1,
syn-e06_c20-dev-0070,dev,20,1,1,
syn-e06_c20-dev-0071,dev,20,1,1,
syn-e06_c20-dev-0072,dev,20,1,1,
syn-e06_c20-dev-0073,dev,20,1,1,
syn-e06_c20-dev-0074,dev,20,1,1,
syn-e06_c20-dev-0075,dev,20,1,1,
syn-e06_c20-dev-0076,dev,20,1,1,
syn-e06_c20-dev-0077,dev,20,1,1,
syn-e06_c20-dev-0078,dev,20,1,1,
syn-e06_c20-dev-0079,dev,20,1,1,
syn-e06_c20-dev-0080,dev,20,1,1,
syn-e06_c20-dev-0081,dev,20,1,1,
syn-e06_c20-dev-0082,dev,20,1,1,
syn-e06_c20-dev-0083,dev,20,1,1,
syn-e06_c20-dev-0084,dev,20,1,1,
syn-e06_c20-dev-0085,dev,20,1,1,
syn-e06_c20-dev-0086,dev,20,1,1,
syn-e06_c20-dev-0087,dev,20,1,1,
syn-e06_c20-dev-0088,dev,20,1,1,
syn-e06_c20-dev-0089,dev,20,1,1,
syn-e06_c20-dev-0090,dev,20,1,1,
syn-e06_c20-dev-0091,dev,20,1,1,
syn-e06_c20-dev-0092,dev,20,1,1,
syn-e06_c20-dev-0093,dev,20,1,1,
syn-e06_c20-dev-0094,dev,20,1,1,
syn-e06_c20-dev-0095,dev,20,1,1,
syn-e06_c20-dev-0096,dev,20,1,1,
syn-e06_c20-dev-0097,dev,20,1,1,
syn-e06_c20-dev-0098,dev,20,1,1,
syn-e06_c20-dev-0099,dev,20,1,1,
syn-e06_c20-dev-0100,dev,20,1,1,
syn-e06_c20-dev-0101,dev,20,1,1,
syn-e06_c20-dev-0102,dev,20,1,1,
syn-e06_c20-dev-0103,dev,20,1,1,
syn-e06_c20-dev-0104,dev,20,1,1,
syn-e06_c20-dev-0105,dev,20,1,1,
syn-e06_c20-dev-0106,dev,20,1,1,
syn-e06_c20-dev-0107,dev,20,1,1,
syn-e06_c20-dev-0108,dev,20,1,1,
syn-e06_c20-dev-0109,dev,20,1,1,
syn-e06_c20-dev-0110,dev,20,1,1,
syn-e06_c20-dev-0111,dev,20,1,1,
syn-e06_c20-dev-0112,dev,20,1,1,
syn-e06_c20-dev-0113,dev,20,1,1,
syn-e06_c20-dev-0114,dev,20,1,1,
syn-e06_c20-dev-0115,dev,20,1,1,
syn-e06_c20-dev-0116,dev,20,1,1,
syn-e06_c20-dev-0117,dev,20,1,1,
syn-e06_c20-dev-0118,dev,20,1,1,
syn-e06_c20-dev-0119,dev,20,1,1,
syn-e06_c20-dev-0120,dev,20,1,1,
syn-e06_c20-dev-0121,dev,20,1,1,
syn-e06_c20-dev-0122,dev,20,1,1,
syn-e06_c20-dev-0123,dev,20,1,1,
syn-e06_c20-dev-0124,dev,20,1,1,
syn-e06_c20-dev-0125,dev,20,1,1,
syn-e06_c20-dev-0126,dev,20,1,1,
syn-e06_c20-dev-0127,dev,20,1,1,
syn-e06_c20-dev-0128,dev,20,1,1,
syn-e06_c20-dev-0129,dev,20,1,1,
syn-e06_c20-dev-0130,dev,20,1,1,
syn-e06_c20-dev-0131,dev,20,1,1,
syn-e06_c20-dev-0132,dev,20,1,1,
syn-e06_c20-dev-0133,dev,20,1,1,
syn-e06_c20-dev-0134,dev,20,1,1,
syn-e06_c20-dev-0135,dev,20,1,1,
syn-e06_c20-dev-0136,dev,20,1,1,
syn-e06_c20-dev-0137,dev,20,1,1,
syn-e06_c20-dev-0138,dev,20,1,1,
syn-e06_c20-dev-0139,dev,20,1,1,
syn-e06_c20-dev-0140,dev,20,1,1,
syn-e06_c20-dev-0141,dev,20,1,1,
syn-e06_c20-dev-0142,dev,20,1,1,
syn-e06_c20-dev-0143,dev,20,1,1,
syn-e06_c20-dev-0144,dev,20,1,1,
syn-e06_c20-dev-0145,dev,20,1,1,
syn-e06_c20-dev-0146,dev,20,1,1,
syn-e06_c20-dev-0147,dev,20,1,1,
syn-e06_c20-dev-0148,dev,20,1,1,
syn-e06_c20-dev-0149,dev,20,1,1,
syn-e06_c20-dev-0150,dev,20,1,1,
syn-e06_c20-dev-0151,dev,20,1,1,
syn-e06_c20-dev-0152,dev,20,1,1,
syn-e06_c20-dev-0153,dev,20,1,1,
syn-e06_c20-dev-0154,dev,20,1,1,
syn-e06_c20-dev-0155,dev,20,1,1,
syn-e06_c20-dev-0156,dev,20,1,1,
syn-e06_c20-dev-0157,dev,20,1,1,
syn-e06_c20-dev-0158,dev,20,1,1,
syn-e06_c20-dev-0159,dev,20,1,1,
syn-e06_c20-dev-0160,dev,20,1,1,
syn-e06_c20-dev-0161,dev,20,1,1,
syn-e06_c20-dev-0162,dev,20,1,1,
syn-e06_c20-dev-0163,dev,20,1,1,
syn-e06_c20-dev-0164,dev,20,1,1,
syn-e06_c20-dev-0165,dev,20,1,1,
syn-e06_c20-dev-0166,dev,20,1,1,
syn-e06_c20-dev-0167,dev,20,1,1,
syn-e06_c20-dev-0168,dev,20,1,1,
syn-e06_c20-dev-0169,dev,20,1,1,
syn-e06_c20-dev-0170,dev,20,1,1,
syn-e06_c20-dev-0171,dev,20,1,1,
syn-e06_c20-dev-0172,dev,20,1,1,
syn-e06_c20-dev-0173,dev,20,1,1,
syn-e06_c20-dev-0174,dev,20,1,1,
syn-e06_c20-dev-0175,dev,20,1,1,
syn-e06_c20-dev-0176,dev,20,1,1,
syn-e06_c20-dev-0177,dev,20,1,1,
syn-e06_c20-dev-0178,dev,20,1,1,
syn-e06_c20-dev-0179,dev,20,1,1,
syn-e06_c20-dev-0180,dev,20,1,1,
syn-e06_c20-dev-0181,dev,20,1,1,
syn-e06_c20-dev-0182,dev,20,1,1,
syn-e06_c20-dev-0183,dev,20,1,1,
syn-e06_c20-dev-0184,dev,20,1,1,
syn-e06_c20-dev-0185,dev,20,1,1,
syn-e06_c20-dev-0186,dev,20,1,1,
syn-e06_c20-dev-0187,dev,20,1,1,
syn-e06_c20-dev-0188,dev,20,1,1,
syn-e06_c20-dev-0189,dev,20,1,1,
syn-e06_c20-dev-0190,dev,20,1,1,
syn-e06_c20-dev-0191,dev,20,1,1,
syn-e06_c20-dev-0192,dev,20,1,1,
syn-e06_c20-dev-0193,dev,20,1,1,
syn-e06_c20-dev-0194,dev,20,1,1,
syn-e06_c20-dev-0195,dev,20,1,1,
syn-e06_c20-dev-0196,dev,20,1,1,
syn-e06_c20-dev-0197,dev,20,1,1,
syn-e06_c20-dev-0198,dev,20,1,1,
syn-e06_c20-dev-0199,dev,20,1,1,
syn-e06_c20-dev-0200,dev,20,1,1,
syn-e06_c20-dev-0201,dev,20,1,1,
syn-e06_c20-dev-0202,dev,20,1,1,
syn-e06_c20-dev-0203,dev,20,1,1,
syn-e06_c20-dev-0204,dev,20,1,1,
syn-e06_c20-dev-0205,dev,20,1,1,
syn-e06_c20-dev-0206,dev,20,1,1,
syn-e06_c20-dev-0207,dev,20,1,1,
syn-e06_c20-dev-0208,dev,20,1,1,
syn-e06_c20-dev-0209,dev,20,1,1,
syn-e06_c20-dev-0210,dev,20,1,1,
syn-e06_c20-dev-0211,dev,20,1,1,
syn-e06_c20-dev-0212,dev,20,1,1,
syn-e06_c20-dev-0213,dev,20,1,1,
syn-e06_c20-dev-0214,dev,20,1,1,
syn-e06_c20-dev-0215,dev,20,1,1,
syn-e06_c20-dev-0216,dev,20,1,1,
syn-e06_c20-dev-0217,dev,20,1,1,
syn-e06_c20-dev-0218,dev,20,1,1,
syn-e06_c20-dev-0219,dev,20,1,1,
syn-e06_c20-dev-0220,dev,20,1,1,
syn-e06_c20-dev-0221,dev,20,1,1,
syn-e06_c20-dev-0222,dev,20,1,1,
syn-e06_c20-dev-0223,dev,20,1,1,
syn-e06_c20-dev-0224,dev,20,1,1,
syn-e06_c20-dev-0225,dev,20,1,1,
syn-e06_c20-dev-0226,dev,20,1,1,
syn-e06_c20-dev-0227,dev,20,1,1,
syn-e06_c20-dev-0228,dev,20,1,1,
syn-e06_c20-dev-0229,dev,20,1,1,
syn-e06_c20-dev-0230,dev,20,1,1,
syn-e06_c20-dev-0231,dev,20,1,1,
syn-e06_c20-dev-0232,dev,20,1,1,
syn-e06_c20-dev-0233,dev,20,1,1,
syn-e06_c20-dev-0234,dev,20,1,1,
syn-e06_c20-dev-0235,dev,20,1,1,
syn-e06_c20-dev-0236,dev,20,1,1,
syn-e06_c20-dev-0237,dev,20,1,1,
syn-e06_c20-dev-0238,dev,20,1,1,
syn-e06_c20-dev-0239,dev,20,1,1,
syn-e06_c20-dev-0240,dev,20,1,1,
syn-e06_c20-dev-0241,dev,20,1,1,
syn-e06_c20-dev-0242,dev,20,1,1,
syn-e06_c20-dev-0243,dev,20,1,1,
syn-e06_c20-dev-0244,dev,20,1,1,
syn-e06_c20-dev-0245,dev,20,1,1,
syn-e06_c20-dev-0246,dev,20,1,1,
syn-e06_c20-dev-0247,dev,20,1,1,
syn-e06_c20-dev-0248,dev,20,1,1,
syn-e06_c20-dev-0249,dev,20,1,1,
syn-e06_c20-dev-0250,dev,20,1,1,
syn-e06_c20-dev-0251,dev,20,1,1,
syn-e06_c20-dev-0252,dev,20,1,1,
syn-e06_c20-dev-0253,dev,20,1,1,
syn-e06_c20-dev-0254,dev,20,1,1,
syn-e06_c20-dev-0255,dev,20,1,1,
syn-e06_c20-dev-0256,dev,20,1,1,
syn-e06_c20-dev-0257,dev,20,1,1,
syn-e06_c20-dev-0258,dev,20,1,1,
syn-e06_c20-dev-0259,dev,20,1,1,
syn-e06_c20-dev-0260,dev,20,1,1,
syn-e06_c20-dev-0261,dev,20,1,1,
syn-e06_c20-dev-0262,dev,20,1,1,
syn-e06_c20-dev-0263,dev,20,1,1,
syn-e06_c20-dev-0264,dev,20,1,1,
syn-e06_c20-dev-0265,dev,20,1,1,
syn-e06_c20-dev-0266,dev,20,1,1,
syn-e06_c20-dev-0267,dev,20,1,1,
syn-e06_c20-dev-0268,dev,20,1,1,
syn-e06_c20-dev-0269,dev,20,1,1,
syn-e06_c20-dev-0270,dev,20,1,1,
syn-e06_c20-dev-0271,dev,20,1,1,
syn-e06_c20-dev-0272,dev,20,1,1,
syn-e06_c20-dev-0273,dev,20,1,1,
syn-e06_c20-dev-0274,dev,20,1,1,
syn-e06_c20-dev-0275,dev,20,1,1,
syn-e06_c20-dev-0276,dev,20,1,1,
syn-e06_c20-dev-0277,dev,20,1,1,
syn-e06_c20-dev-0278,dev,20,1,1,
syn-e06_c20-dev-0279,dev,20,1,1,
syn-e06_c20-dev-0280,dev,20,1,1,
syn-e06_c20-dev-0281,dev,20,1,1,
syn-e06_c20-dev-0282,dev,20,1,1,
syn-e06_c20-dev-0283,dev,20,1,1,
syn-e06_c20-dev-0284,dev,20,1,1,
syn-e06_c20-dev-0285,dev,20,1,1,
syn-e06_c20-dev-0286,dev,20,1,1,
syn-e06_c20-dev-0287,dev,20,1,1,
syn-e06_c20-dev-0288,dev,20,1,1,
syn-e06_c20-dev-0289,dev,20,1,1,
syn-e06_c20-dev-0290,dev,20,1,1,
syn-e06_c20-dev-0291,dev,20,1,1,
syn-e06_c20-dev-0292,dev,20,1,1,
syn-e06_c20-dev-0293,dev,20,1,1,
syn-e06_c20-dev-0294,dev,20,1,1,
syn-e06_c20-dev-0295,dev,20,1,1,
syn-e06_c20-dev-0296,dev,20,1,1,
syn-e06_c20-dev-0297,dev,20,1,1,
syn-e06_c20-dev-0298,dev,20,1,1,
syn-e06_c20-dev-0299,dev,20,1,1,
syn-e06_c20-dev-0300,dev,20,1,1,
syn-e06_c20-test-0001,test,20,1,1,
syn-e06_c20-test-0002,test,20,1,1,
syn-e06_c20-test-0003,test,20,1,1,
syn-e06_c20-test-0004,test,20,1,1,
syn-e06_c20-test-0005,test,20,1,1,
syn-e06_c20-test-0006,test,20,1,1,
syn-e06_c20-test-0007,test,20,1,1,
syn-e06_c20-test-0008,test,20,1,1,
syn-e06_c20-test-0009,test,20,1,1,
syn-e06_c20-test-0010,test,20,1,1,
syn-e06_c20-test-0011,test,20,1,1,
syn-e06_c20-test-0012,test,20,1,1,
syn-e06_c20-test-0013,test,20,1,1,
syn-e06_c20-test-0014,test,20,1,1,
syn-e06_c20-test-0015,test,20,1,1,
syn-e06_c20-test-0016,test,20,1,1,
syn-e06_c20-test-0017,test,20,1,1,
syn-e06_c20-test-0018,test,20,1,1,
syn-e06_c20-test-0019,test,20,1,1,
syn-e06_c20-test-0020,test,20,1,1,
syn-e06_c20-test-0021,test,20,1,1,
syn-e06_c20-test-0022,test,20,1,1,
syn-e06_c20-test-0023,test,20,1,1,
syn-e06_c20-test-0024,test,20,1,1,
syn-e06_c20-test-0025,test,20,1,1,
syn-e06_c20-test-0026,test,20,1,1,
syn-e06_c20-test-0027,test,20,1,1,
syn-e06_c20-test-0028,test,20,1,1,
syn-e06_c20-test-0029,test,20,1,1,
syn-e06_c20-test-0030,test,20,1,1,
syn-e06_c20-test-0031,test,20,1,1,
syn-e06_c20-test-0032,test,20,1,1,
syn-e06_c20-test-0033,test,20,1,1,
syn-e06_c20-test-0034,test,20,1,1,
syn-e06_c20-test-0035,test,20,1,1,
syn-e06_c20-test-0036,test,20,1,1,
syn-e06_c20-test-0037,test,20,1,1,
syn-e06_c20-test-0038,test,20,1,1,
syn-e06_c20-test-0039,test,20,1,1,
syn-e06_c20-test-0040,test,20,1,1,
syn-e06_c20-test-0041,test,20,1,1,
syn-e06_c20-test-0042,test,20,1,1,
syn-e06_c20-test-0043,test,20,1,1,
syn-e06_c20-test-0044,test,20,1,1,
syn-e06_c20-test-0045,test,20,1,1,
syn-e06_c20-test-0046,test,20,1,1,
syn-e06_c20-test-0047,test,20,1,1,
syn-e06_c20-test-0048,test,20,1,1,
syn-e06_c20-test-0049,test,20,1,1,
syn-e06_c20-test-0050,test,20,1,1,
syn-e06_c20-test-0051,test,20,1,1,
syn-e06_c20-test-0052,test,20,1,1,
syn-e06_c20-test-0053,test,20,1,1,
syn-e06_c20-test-0054,test,20,1,1,
syn-e06_c20-test-0055,test,20,1,1,
syn-e06_c20-test-0056,test,20,1,1,
syn-e06_c20-test-0057,test,20,1,1,
syn-e06_c20-test-0058,test,20,1,1,
syn-e06_c20-test-0059,test,20,1,1,
syn-e06_c20-test-0060,test,20,1,1,
syn-e06_c20-test-0061,test,20,1,1,
syn-e06_c20-test-0062,test,20,1,1,
syn-e06_c20-test-0063,test,20,1,1,
syn-e06_c20-test-0064,test,20,1,1,
syn-e06_c20-test-0065,test,20,1,1,
syn-e06_c20-test-0066,test,20,1,1,
syn-e06_c20-test-0067,test,20,1,1,
syn-e06_c20-test-0068,test,20,1,1,
syn-e06_c20-test-0069,test,20,1,1,
syn-e06_c20-test-0070,test,20,1,1,
syn-e06_c20-test-0071,test,20,1,1,
syn-e06_c20-test-0072,test,20,1,1,
syn-e06_c20-test-0073,test,20,1,1,
syn-e06_c20-test-0074,test,20,1,1,
syn-e06_c20-test-0075,test,20,1,1,
syn-e06_c20-test-0076,test,20,1,1,
syn-e06_c20-test-0077,test,20,1,1,
syn-e06_c20-test-0078,test,20,1,1,
syn-e06_c20-test-0079,test,20,1,1,
syn-e06_c20-test-0080,test,20,1,1,
syn-e06_c20-test-0081,test,20,1,1,
syn-e06_c20-test-0082,test,20,1,1,
syn-e06_c20-test-0083,test,20,1,1,
syn-e06_c20-test-0084,test,20,1,1,
syn-e06_c20-test-0085,test,20,1,1,
syn-e06_c20-test-0086,test,20,1,1,
syn-e06_c20-test-0087,test,20,1,1,
syn-e06_c20-test-0088,test,20,1,1,
syn-e06_c20-test-0089,test,20,1,1,
syn-e06_c20-test-0090,test,20,1,1,
syn-e06_c20-test-0091,test,20,1,1,
syn-e06_c20-test-0092,test,20,1,1,
syn-e06_c20-test-0093,test,20,1,1,
syn-e06_c20-test-0094,test,20,1,1,
syn-e06_c20-test-0095,test,20,1,1,
syn-e06_c20-test-0096,test,20,1,1,
syn-e06_c20-test-0097,test,20,1,1,
syn-e06_c20-test-0098,test,20,1,1,
syn-e06_c20-test-0099,test,20,1,1,
syn-e06_c20-test-0100,test,20,1,1,
syn-e06_c20-test-0101,test,20,1,1,
syn-e06_c20-test-0102,test,20,1,1,
syn-e06_c20-test-0103,test,20,1,1,
syn-e06_c20-test-0104,test,20,1,1,
syn-e06_c20-test-0105,test,20,1,1,
syn-e06_c20-test-0106,test,20,1,1,
syn-e06_c20-test-0107,test,20,1,1,
syn-e06_c20-test-0108,test,20,1,1,
syn-e06_c20-test-0109,test,20,1,1,
syn-e06_c20-test-0110,test,20,1,1,
syn-e06_c20-test-0111,test,20,1,1,
syn-e06_c20-test-0112,test,20,1,1,
syn-e06_c20-test-0113,test,20,1,1,
syn-e06_c20-test-0114,test,20,1,1,
syn-e06_c20-test-0115,test,20,1,1,
syn-e06_c20-test-0116,test,20,1,1,
syn-e06_c20-test-0117,test,20,1,1,
syn-e06_c20-test-0118,test,20,1,1,
syn-e06_c20-test-0119,test,20,1,1,
syn-e06_c20-test-0120,test,20,1,1,
syn-e06_c20-test-0121,test,20,1,1,
syn-e06_c20-test-0122,test,20,1,1,
syn-e06_c20-test-0123,test,20,1,1,
syn-e06_c20-test-0124,test,20,1,1,
syn-e06_c20-test-0125,test,20,1,1,
syn-e06_c20-test-0126,test,20,1,1,
syn-e06_c20-test-0127,test,20,1,1,
syn-e06_c20-test-0128,test,20,1,1,
syn-e06_c20-test-0129,test,20,1,1,
syn-e06_c20-test-0130,test,20,1,1,
syn-e06_c20-test-0131,test,20,1,1,
syn-e06_c20-test-0132,test,20,1,1,
syn-e06_c20-test-0133,test,20,1,1,
syn-e06_c20-test-0134,test,20,1,1,
syn-e06_c20-test-0135,test,20,1,1,
syn-e06_c20-test-0136,test,20,1,1,
syn-e06_c20-test-0137,test,20,1,1,
syn-e06_c20-test-0138,test,20,1,1,
syn-e06_c20-test-0139,test,20,1,1,
syn-e06_c20-test-0140,test,20,1,1,
syn-e06_c20-test-0141,test,20,1,1,
syn-e06_c20-test-0142,test,20,1,1,
syn-e06_c20-test-0143,test,20,1,1,
syn-e06_c20-test-0144,test,20,1,1,
syn-e06_c20-test-0145,test,20,1,1,
syn-e06_c20-test-0146,test,20,1,1,
syn-e06_c20-test-0147,test,20,1,1,
syn-e06_c20-test-0148,test,20,1,1,
syn-e06_c20-test-0149,test,20,1,1,
syn-e06_c20-test-0150,test,20,1,1,
syn-e06_c20-test-0151,test,20,1,1,
syn-e06_c20-test-0152,test,20,1,1,
syn-e06_c20-test-0153,test,20,1,1,
syn-e06_c20-test-0154,test,20,1,1,
syn-e06_c20-test-0155,test,20,1,1,
syn-e06_c20-test-0156,test,20,1,1,
syn-e06_c20-test-0157,test,20,1,1,
syn-e06_c20-test-0158,test,20,1,1,
syn-e06_c20-test-0159,test,20,1,1,
syn-e06_c20-test-0160,test,20,1,1,
syn-e06_c20-test-0161,test,20,1,1,
syn-e06_c20-test-0162,test,20,1,1,
syn-e06_c20-test-0163,test,20,1,1,
syn-e06_c20-test-0164,test,20,1,1,
syn-e06_c20-test-0165,test,20,1,1,
syn-e06_c20-test-0166,test,20,1,1,
syn-e06_c20-test-0167,test,20,1,1,
syn-e06_c20-test-0168,test,20,1,1,
syn-e06_c20-test-0169,test,20,1,1,
syn-e06_c20-test-0170,test,20,1,1,
syn-e06_c20-test-0171,test,20,1,1,
syn-e06_c20-test-0172,test,20,1,1,
syn-e06_c20-test-0173,test,20,1,1,
syn-e06_c20-test-0174,test,20,1,1,
syn-e06_c20-test-0175,test,20,1,1,
syn-e06_c20-test-0176,test,20,1,1,
syn-e06_c20-test-0177,test,20,1,1,
syn-e06_c20-test-0178,test,20,1,1,
syn-e06_c20-test-0179,test,20,1,1,
syn-e06_c20-test-0180,test,20,1,1,
syn-e06_c20-test-0181,test,20,1,1,
syn-e06_c20-test-0182,test,20,1,1,
syn-e06_c20-test-0183,test,20,1,1,
syn-e06_c20-test-0184,test,20,1,1,
syn-e06_c20-test-0185,test,20,1,1,
syn-e06_c20-test-0186,test,20,1,1,
syn-e06_c20-test-0187,test,20,1,1,
syn-e06_c20-test-0188,test,20,1,1,
syn-e06_c20-test-0189,test,20,1,1,
syn-e06_c20-test-0190,test,20,1,1,
syn-e06_c20-test-0191,test,20,1,1,
syn-e06_c20-test-0192,test,20,1,1,
syn-e06_c20-test-0193,test,20,1,1,
syn-e06_c20-test-0194,test,20,1,1,
syn-e06_c20-test-0195,test,20,1,1,
syn-e06_c20-test-0196,test,20,1,1,
syn-e06_c20-test-0197,test,20,1,1,
syn-e06_c20-test-0198,test,20,1,1,
syn-e06_c20-test-0199,test,20,1,1,
syn-e06_c20-test-0200,test,20,1,1,
syn-e06_c20-test-0201,test,20,1,1,
syn-e06_c20-test-0202,test,20,1,1,
syn-e06_c20-test-0203,test,20,1,1,
syn-e06_c20-test-0204,test,20,1,1,
syn-e06_c20-test-0205,test,20,1,1,
syn-e06_c20-test-0206,test,20,1,1,
syn-e06_c20-test-0207,test,20,1,1,
syn-e06_c20-test-0208,test,20,1,1,
syn-e06_c20-test-0209,test,20,1,1,
syn-e06_c20-test-0210,test,20,1,1,
syn-e06_c20-test-0211,test,20,1,1,
syn-e06_c20-test-0212,test,20,1,1,
syn-e06_c20-test-0213,test,20,1,1,
syn-e06_c20-test-0214,test,20,1,1,
syn-e06_c20-test-0215,test,20,1,1,
syn-e06_c20-test-0216,test,20,1,1,
syn-e06_c20-test-0217,test,20,1,1,
syn-e06_c20-test-0218,test,20,1,1,
syn-e06_c20-test-0219,test,20,1,1,
syn-e06_c20-test-0220,test,20,1,1,
syn-e06_c20-test-0221,test,20,1,1,
syn-e06_c20-test-0222,test,20,1,1,
syn-e06_c20-test-0223,test,20,1,1,
syn-e06_c20-test-0224,test,20,1,1,
syn-e06_c20-test-0225,test,20,1,1,
syn-e06_c20-test-0226,test,20,1,1,
syn-e06_c20-test-0227,test,20,1,1,
syn-e06_c20-test-0228,test,20,1,1,
syn-e06_c20-test-0229,test,20,1,1,
syn-e06_c20-test-0230,test,20,1,1,
syn-e06_c20-test-0231,test,20,1,1,
syn-e06_c20-test-0232,test,20,1,1,
syn-e06_c20-test-0233,test,20,1,1,
syn-e06_c20-test-0234,test,20,1,1,
syn-e06_c20-test-0235,test,20,1,1,
syn-e06_c20-test-0236,test,20,1,1,
syn-e06_c20-test-0237,test,20,1,1,
syn-e06_c20-test-0238,test,20,1,1,
syn-e06_c20-test-0239,test,20,1,1,
syn-e06_c20-test-0240,test,20,1,1,
syn-e06_c20-test-0241,test,20,1,1,
syn-e06_c20-test-0242,test,20,1,1,
syn-e06_c20-test-0243,test,20,1,1,
syn-e06_c20-test-0244,test,20,1,1,
syn-e06_c20-test-0245,test,20,1,1,
syn-e06_c20-test-0246,test,20,1,1,
syn-e06_c20-test-0247,test,20,1,1,
syn-e06_c20-test-0248,test,20,1,1,
syn-e06_c20-test-0249,test,20,1,1,
syn-e06_c20-test-0250,test,20,1,1,
syn-e06_c20-test-0251,test,20,1,1,
syn-e06_c20-test-0252,test,20,1,1,
syn-e06_c20-test-0253,test,20,1,1,
syn-e06_c20-test-0254,test,20,1,1,
syn-e06_c20-test-0255,test,20,1,1,
syn-e06_c20-test-0256,test,20,1,1,
syn-e06_c20-test-0257,test,20,1,1,
syn-e06_c20-test-0258,test,20,1,1,
syn-e06_c20-test-0259,test,20,1,1,
syn-e06_c20-test-0260,test,20,1,1,
syn-e06_c20-test-0261,test,20,1,1,
syn-e06_c20-test-0262,test,20,1,1,
syn-e06_c20-test-0263,test,20,1,1,
syn-e06_c20-test-0264,test,20,1,1,
syn-e06_c20-test-0265,test,20,1,1,
syn-e06_c20-test-0266,test,20,1,1,
syn-e06_c20-test-0267,test,20,1,1,
syn-e06_c20-test-0268,test,20,1,1,
syn-e06_c20-test-0269,test,20,1,1,
syn-e06_c20-test-0270,test,20,1,1,
syn-e06_c20-test-0271,test,20,1,1,
syn-e06_c20-test-0272,test,20,1,1,
syn-e06_c20-test-0273,test,20,1,1,
syn-e06_c20-test-0274,test,20,1,1,
syn-e06_c20-test-0275,test,20,1,1,
syn-e06_c20-test-0276,test,20,1,1,
syn-e06_c20-test-0277,test,20,1,1,
syn-e06_c20-test-0278,test,20,1,1,
syn-e06_c20-test-0279,test,20,1,1,
syn-e06_c20-test-0280,test,20,1,1,
syn-e06_c20-test-0281,test,20,1,1,
syn-e06_c20-test-0282,test,20,1,1,
syn-e06_c20-test-0283,test,20,1,1,
syn-e06_c20-test-0284,test,20,1,1,
syn-e06_c20-test-0285,test,20,1,1,
syn-e06_c20-test-0286,test,20,1,1,
syn-e06_c20-test-0287,test,20,1,1,
syn-e06_c20-test-0288,test,20,1,1,
syn-e06_c20-test-0289,test,20,1,1,
syn-e06_c20-test-0290,test,20,1,1,
syn-e06_c20-test-0291,test,20,1,1,
syn-e06_c20-test-0292,test,20,1,1,
syn-e06_c20-test-0293,test,20,1,1,
syn-e06_c20-test-0294,test,20,1,1,
syn-e06_c20-test-0295,test,20,1,1,
syn-e06_c20-test-0296,test,20,1,1,
syn-e06_c20-test-0297,test,20,1,1,
syn-e06_c20-test-0298,test,20,1,1,
syn-e06_c20-test-0299,test,20,1,1,
syn-e06_c20-test-0300,test,20,1,1,
syn-e06_c20-test-0301,test,20,1,1,
syn-e06_c20-test-0302,test,20,1,1,
syn-e06_c20-test-0303,test,20,1,1,
syn-e06_c20-test-0304,test,20,1,1,
syn-e06_c20-test-0305,test,20,1,1,
syn-e06_c20-test-0306,test,20,1,1,
syn-e06_c20-test-0307,test,20,1,1,
syn-e06_c20-test-0308,test,20,1,1,
syn-e06_c20-test-0309,test,20,1,1,
syn-e06_c20-test-0310,test,20,1,1,
syn-e06_c20-test-0311,test,20,1,1,
syn-e06_c20-test-0312,test,20,1,1,
syn-e06_c20-test-0313,test,20,1,1,
syn-e06_c20-test-0314,test,20,1,1,
syn-e06_c20-test-0315,test,20,1,1,
syn-e06_c20-test-0316,test,20,1,1,
syn-e06_c20-test-0317,test,20,1,1,
syn-e06_c20-test-0318,test,20,1,1,
syn-e06_c20-test-0319,test,20,1,1,
syn-e06_c20-test-0320,test,20,1,1,
syn-e06_c20-test-0321,test,20,1,1,
syn-e06_c20-test-0322,test,20,1,1,
syn-e06_c20-test-0323,test,20,1,1,
syn-e06_c20-test-0324,test,20,1,1,
syn-e06_c20-test-0325,test,20,1,1,
syn-e06_c20-test-0326,test,20,1,1,
syn-e06_c20-test-0327,test,20,1,1,
syn-e06_c20-test-0328,test,20,1,1,
syn-e06_c20-test-0329,test,20,1,1,
syn-e06_c20-test-0330,test,20,1,1,
syn-e06_c20-test-0331,test,20,1,1,
syn-e06_c20-test-0332,test,20,1,1,
syn-e06_c20-test-0333,test,20,1,1,
syn-e06_c20-test-0334,test,20,1,1,
syn-e06_c20-test-0335,test,20,1,1,
syn-e06_c20-test-0336,test,20,1,1,
syn-e06_c20-test-0337,test,20,1,1,
syn-e06_c20-test-0338,test,20,1,1,
syn-e06_c20-test-0339,test,20,1,1,
syn-e06_c20-test-0340,test,20,1,1,
syn-e06_c20-test-0341,test,20,1,1,
syn-e06_c20-test-0342,test,20,1,1,
syn-e06_c20-test-0343,test,20,1,1,
syn-e06_c20-test-0344,test,20,1,1,
syn-e06_c20-test-0345,test,20,1,1,
syn-e06_c20-test-0346,test,20,1,1,
syn-e06_c20-test-0347,test,20,1,1,
syn-e06_c20-test-0348,test,20,1,1,
syn-e06_c20-test-0349,test,20,1,1,
syn-e06_c20-test-0350,test,20,1,1,
syn-e06_c20-test-0351,test,20,1,1,
syn-e06_c20-test-0352,test,20,1,1,
syn-e06_c20-test-0353,test,20,1,1,
syn-e06_c20-test-0354,test,20,1,1,
syn-e06_c20-test-0355,test,20,1,1,
syn-e06_c20-test-0356,test,20,1,1,
syn-e06_c20-test-0357,test,20,1,1,
syn-e06_c20-test-0358,test,20,1,1,
syn-e06_c20-test-0359,test,20,1,1,
syn-e06_c20-test-0360,test,20,1,1,
syn-e06_c20-test-0361,test,20,1,1,
syn-e06_c20-test-0362,test,20,1,1,
syn-e06_c20-test-0363,test,20,1,1,
syn-e06_c20-test-0364,test,20,1,1,
syn-e06_c20-test-0365,test,20,1,1,
syn-e06_c20-test-0366,test,20,1,1,
syn-e06_c20-test-0367,test,20,1,1,
syn-e06_c20-test-0368,test,20,1,1,
syn-e06_c20-test-0369,test,20,1,1,
syn-e06_c20-test-0370,test,20,1,1,
syn-e06_c20-test-0371,test,20,1,1,
syn-e06_c20-test-0372,test,20,1,1,
syn-e06_c20-test-0373,test,20,1,1,
syn-e06_c20-test-0374,test,20,1,1,
syn-e06_c20-test-0375,test,20,1,1,
syn-e06_c20-test-0376,test,20,1,1,
syn-e06_c20-test-0377,test,20,1,1,
syn-e06_c20-test-0378,test,20,1,1,
syn-e06_c20-test-0379,test,20,1,1,
syn-e06_c20-test-0380,test,20,1,1,
syn-e06_c20-test-0381,test,20,1,1,
syn-e06_c20-test-0382,test,20,1,1,
syn-e06_c20-test-0383,test,20,1,1,
syn-e06_c20-test-0384,test,20,1,1,
syn-e06_c20-test-0385,test,20,1,1,
syn-e06_c20-test-0386,test,20,1,1,
syn-e06_c20-test-0387,test,20,1,1,
syn-e06_c20-test-0388,test,20,1,1,
syn-e06_c20-test-0389,test,20,1,1,
syn-e06_c20-test-0390,test,20,1,1,
syn-e06_c20-test-0391,test,20,1,1,
syn-e06_c20-test-0392,test,20,1,1,
syn-e06_c20-test-0393,test,20,1,1,
syn-e06_c20-test-0394,test,20,1,1,
syn-e06_c20-test-0395,test,20,1,1,
syn-e06_c20-test-0396,test,20,1,1,
syn-e06_c20-test-0397,test,20,1,1,
syn-e06_c20-test-0398,test,20,1,1,
syn-e06_c20-test-0399,test,20,1,1,
syn-e06_c20-test-0400,test,20,1,1,
syn-e06_c20-test-0401,test,20,1,1,
syn-e06_c20-test-0402,test,20,1,1,
syn-e06_c20-test-0403,test,20,1,1,
syn-e06_c20-test-0404,test,20,1,1,
syn-e06_c20-test-0405,test,20,1,1,
syn-e06_c20-test-0406,test,20,1,1,
syn-e06_c20-test-0407,test,20,1,1,
syn-e06_c20-test-0408,test,20,1,1,
syn-e06_c20-test-0409,test,20,1,1,
syn-e06_c20-test-0410,test,20,1,1,
syn-e06_c20-test-0411,test,20,1,1,
syn-e06_c20-test-0412,test,20,1,1,
syn-e06_c20-test-0413,test,20,1,1,
syn-e06_c20-test-0414,test,20,1,1,
syn-e06_c20-test-0415,test,20,1,1,
syn-e06_c20-test-0416,test,20,1,1,
syn-e06_c20-test-0417,test,20,1,1,
syn-e06_c20-test-0418,test,20,1,1,
syn-e06_c20-test-0419,test,20,1,1,
syn-e06_c20-test-0420,test,20,1,1,
syn-e06_c20-test-0421,test,20,1,1,
syn-e06_c20-test-0422,test,20,1,1,
syn-e06_c20-test-0423,test,20,1,1,
syn-e06_c20-test-0424,test,20,1,1,
syn-e06_c20-test-0425,test,20,1,1,
syn-e06_c20-test-0426,test,20,1,1,
syn-e06_c20-test-0427,test,20,1,1,
syn-e06_c20-test-0428,test,20,1,1,
syn-e06_c20-test-0429,test,20,1,1,
syn-e06_c20-test-0430,test,20,1,1,
syn-e06_c20-test-0431,test,20,1,1,
syn-e06_c20-test-0432,test,20,1,1,
syn-e06_c20-test-0433,test,20,1,1,
syn-e06_c20-test-0434,test,20,1,1,
syn-e06_c20-test-0435,test,20,1,1,
syn-e06_c20-test-0436,test,20,1,1,
syn-e06_c20-test-0437,test,20,1,1,
syn-e06_c20-test-0438,test,20,1,1,
syn-e06_c20-test-0439,test,20,1,1,
syn-e06_c20-test-0440,test,20,1,1,
syn-e06_c20-test-0441,test,20,1,1,
syn-e06_c20-test-0442,test,20,1,1,
syn-e06_c20-test-0443,test,20,1,1,
syn-e06_c20-test-0444,test,20,1,1,
syn-e06_c20-test-0445,test,20,1,1,
syn-e06_c20-test-0446,test,20,1,1,
syn-e06_c20-test-0447,test,20,1,1,
syn-e06_c20-test-0448,test,20,1,1,
syn-e06_c20-test-0449,test,20,1,1,
syn-e06_c20-test-0450,test,20,1,1,
syn-e06_c20-test-0451,test,20,1,1,
syn-e06_c20-test-0452,test,20,1,1,
syn-e06_c20-test-0453,test,20,1,1,
syn-e06_c20-test-0454,test,20,1,1,
syn-e06_c20-test-0455,test,20,1,1,
syn-e06_c20-test-0456,test,20,1,1,
syn-e06_c20-test-0457,test,20,1,1,
syn-e06_c20-test-0458,test,20,1,1,
syn-e06_c20-test-0459,test,20,1,1,
syn-e06_c20-test-0460,test,20,1,1,
syn-e06_c20-test-0461,test,20,1,1,
syn-e06_c20-test-0462,test,20,1,1,
syn-e06_c20-test-0463,test,20,1,1,
syn-e06_c20-test-0464,test,20,1,1,
syn-e06_c20-test-0465,test,20,1,1,
syn-e06_c20-test-0466,test,20,1,1,
syn-e06_c20-test-0467,test,20,1,1,
syn-e06_c20-test-0468,test,20,1,1,
syn-e06_c20-test-0469,test,20,1,1,
syn-e06_c20-test-0470,test,20,1,1,
syn-e06_c20-test-0471,test,20,1,1,
syn-e06_c20-test-0472,test,20,1,1,
syn-e06_c20-test-0473,test,20,1,1,
syn-e06_c20-test-0474,test,20,1,1,
syn-e06_c20-test-0475,test,20,1,1,
syn-e06_c20-test-0476,test,20,1,1,
syn-e06_c20-test-0477,test,20,1,1,
syn-e06_c20-test-0478,test,20,1,1,
syn-e06_c20-test-0479,test,20,1,1,
syn-e06_c20-test-0480,test,20,1,1,
syn-e06_c20-test-0481,test,20,1,1,
syn-e06_c20-test-0482,test,20,1,1,
syn-e06_c20-test-0483,test,20,1,1,
syn-e06_c20-test-0484,test,20,1,1,
syn-e06_c20-test-0485,test,20,1,1,
syn-e06_c20-test-0486,test,20,1,1,
syn-e06_c20-test-0487,test,20,1,1,
syn-e06_c20-test-0488,test,20,1,1,
syn-e06_c20-test-0489,test,20,1,1,
syn-e06_c20-test-0490,test,20,1,1,
syn-e06_c20-test-0491,test,20,1,1,
syn-e06_c20-test-0492,test,20,1,1,
syn-e06_c20-test-0493,test,20,1,1,
syn-e06_c20-test-0494,test,20,1,1,
syn-e06_c20-test-0495,test,20,1,1,
syn-e06_c20-test-0496,test,20,1,1,
syn-e06_c20-test-0497,test,20,1,1,
syn-e06_c20-test-0498,test,20,1,1,
syn-e06_c20-test-0499,test,20,1,1,
syn-e06_c20-test-0500,test,20,1,1,
syn-e06_c20-test-0501,test,20,1,1,
syn-e06_c20-test-0502,test,20,1,1,
syn-e06_c20-test-0503,test,20,1,1,
syn-e06_c20-test-0504,test,20,1,1,
syn-e06_c20-test-0505,test,20,1,1,
syn-e06_c20-test-0506,test,20,1,1,
syn-e06_c20-test-0507,test,20,1,1,
syn-e06_c20-test-0508,test,20,1,1,
syn-e06_c20-test-0509,test,20,1,1,
syn-e06_c20-test-0510,test,20,1,1,
syn-e06_c20-test-0511,test,20,1,1,
syn-e06_c20-test-0512,test,20,1,1,
syn-e06_c20-test-0513,test,20,1,1,
syn-e06_c20-test-0514,test,20,1,1,
syn-e06_c20-test-0515,test,20,1,1,
syn-e06_c20-test-0516,test,20,1,1,
syn-e06_c20-test-0517,test,20,1,1,
syn-e06_c20-test-0518,test,20,1,1,
syn-e06_c20-test-0519,test,20,1,1,
syn-e06_c20-test-0520,test,20,1,1,
syn-e06_c20-test-0521,test,20,1,1,
syn-e06_c20-test-0522,test,20,1,1,
syn-e06_c20-test-0523,test,20,1,1,
syn-e06_c20-test-0524,test,20,1,1,
syn-e06_c20-test-0525,test,20,1,1,
syn-e06_c20-test-0526,test,20,1,1,
syn-e06_c20-test-0527,test,20,1,1,
syn-e06_c20-test-0528,test,20,1,1,
syn-e06_c20-test-0529,test,20,1,1,
syn-e06_c20-test-0530,test,20,1,1,
syn-e06_c20-test-0531,test,20,1,1,
syn-e06_c20-test-0532,test,20,1,1,
syn-e06_c20-test-0533,test,20,1,1,
syn-e06_c20-test-0534,test,20,1,1,
syn-e06_c20-test-0535,test,20,1,1,
syn-e06_c20-test-0536,test,20,1,1,
syn-e06_c20-test-0537,test,20,1,1,
syn-e06_c20-test-0538,test,20,1,1,
syn-e06_c20-test-0539,test,20,1,1,
syn-e06_c20-test-0540,test,20,1,1,
syn-e06_c20-test-0541,test,20,1,1,
syn-e06_c20-test-0542,test,20,1,1,
syn-e06_c20-test-0543,test,20,1,1,
syn-e06_c20-test-0544,test,20,1,1,
syn-e06_c20-test-0545,test,20,1,1,
syn-e06_c20-test-0546,test,20,1,1,
syn-e06_c20-test-0547,test,20,1,1,
syn-e06_c20-test-0548,test,20,1,1,
syn-e06_c20-test-0549,test,20,1,1,
syn-e06_c20-test-0550,test,20,1,1,
syn-e06_c20-test-0551,test,20,1,1,
syn-e06_c20-test-0552,test,20,1,1,
syn-e06_c20-test-0553,test,20,1,1,
syn-e06_c20-test-0554,test,20,1,1,
syn-e06_c20-test-0555,test,20,1,1,
syn-e06_c20-test-0556,test,20,1,1,
syn-e06_c20-test-0557,test,20,1,1,
syn-e06_c20-test-0558,test,20,1,1,
syn-e06_c20-test-0559,test,20,1,1,
syn-e06_c20-test-0560,test,20,1,1,
syn-e06_c20-test-0561,test,20,1,1,
syn-e06_c20-test-0562,test,20,1,1,
syn-e06_c20-test-0563,test,20,1,1,
syn-e06_c20-test-0564,test,20,1,1,
syn-e06_c20-test-0565,test,20,1,1,
syn-e06_c20-test-0566,test,20,1,1,
syn-e06_c20-test-0567,test,20,1,1,
syn-e06_c20-test-0568,test,20,1,1,
syn-e06_c20-test-0569,test,20,1,1,
syn-e06_c20-test-0570,test,20,1,1,
syn-e06_c20-test-0571,test,20,1,1,
syn-e06_c20-test-0572,test,20,1,1,
syn-e06_c20-test-0573,test,20,1,1,
syn-e06_c20-test-0574,test,20,1,1,
syn-e06_c20-test-0575,test,20,1,1,
syn-e06_c20-test-0576,test,20,1,1,
syn-e06_c20-test-0577,test,20,1,1,
syn-e06_c20-test-0578,test,20,1,1,
syn-e06_c20-test-0579,test,20,1,1,
syn-e06_c20-test-0580,test,20,1,1,
syn-e06_c20-test-0581,test,20,1,1,
syn-e06_c20-test-0582,test,20,1,1,
syn-e06_c20-test-0583,test,20,1,1,
syn-e06_c20-test-0584,test,20,1,1,
syn-e06_c20-test-0585,test,20,1,1,
syn-e06_c20-test-0586,test,20,1,1,
syn-e06_c20-test-0587,test,20,1,1,
syn-e06_c20-test-0588,test,20,1,1,
syn-e06_c20-test-0589,test,20,1,1,
syn-e06_c20-test-0590,test,20,1,1,
syn-e06_c20-test-0591,test,20,1,1,
syn-e06_c20-test-0592,test,20,1,1,
syn-e06_c20-test-0593,test,20,1,1,
syn-e06_c20-test-0594,test,20,1,1,
syn-e06_c20-test-0595,test,20,1,1,
syn-e06_c20-test-0596,test,20,1,1,
syn-e06_c20-test-0597,test,20,1,1,
syn-e06_c20-test-0598,test,20,1,1,
syn-e06_c20-test-0599,test,20,1,1,
syn-e06_c20-test-0600,test,20,1,1,
syn-e06_c20-test-0601,test,20,1,1,
syn-e06_c20-test-0602,test,20,1,1,
syn-e06_c20-test-0603,test,20,1,1,
syn-e06_c20-test-0604,test,20,1,1,
syn-e06_c20-test-0605,test,20,1,1,
syn-e06_c20-test-0606,test,20,1,1,
syn-e06_c20-test-0607,test,20,1,1,
syn-e06_c20-test-0608,test,20,1,1,
syn-e06_c20-test-0609,test,20,1,1,
syn-e06_c20-test-0610,test,20,1,1,
syn-e06_c20-test-0611,test,20,1,1,
syn-e06_c20-test-0612,test,20,1,1,
syn-e06_c20-test-0613,test,20,1,1,
syn-e06_c20-test-0614,test,20,1,1,
syn-e06_c20-test-0615,test,20,1,1,
syn-e06_c20-test-0616,test,20,1,1,
syn-e06_c20-test-0617,test,20,1,1,
syn-e06_c20-test-0618,test,20,1,1,
syn-e06_c20-test-0619,test,20,1,1,
syn-e06_c20-test-0620,test,20,1,1,
syn-e06_c20-test-0621,test,20,1,1,
syn-e06_c20-test-0622,test,20,1,1,
syn-e06_c20-test-0623,test,20,1,1,
syn-e06_c20-test-0624,test,20,1,1,
syn-e06_c20-test-0625,test,20,1,1,
syn-e06_c20-test-0626,test,20,1,1,
syn-e06_c20-test-0627,test,20,1,1,
syn-e06_c20-test-0628,test,20,1,1,
syn-e06_c20-test-0629,test,20,1,1,
syn-e06_c20-test-0630,test,20,1,1,
syn-e06_c20-test-0631,test,20,1,1,
syn-e06_c20-test-0632,test,20,1,1,
syn-e06_c20-test-0633,test,20,1,1,
syn-e06_c20-test-0634,test,20,1,1,
syn-e06_c20-test-0635,test,20,1,1,
syn-e06_c20-test-0636,test,20,1,1,
syn-e06_c20-test-0637,test,20,1,1,
syn-e06_c20-test-0638,test,20,1,1,
syn-e06_c20-test-0639,test,20,1,1,
syn-e06_c20-test-0640,test,20,1,1,
syn-e06_c20-test-0641,test,20,1,1,
syn-e06_c20-test-0642,test,20,1,1,
syn-e06_c20-test-0643,test,20,1,1,
syn-e06_c20-test-0644,test,20,1,1,
syn-e06_c20-test-0645,test,20,1,1,
syn-e06_c20-test-0646,test,20,1,1,
syn-e06_c20-test-0647,test,20,1,1,
syn-e06_c20-test-0648,test,20,1,1,
syn-e06_c20-test-0649,test,20,1,1,
syn-e06_c20-test-0650,test,20,1,1,
syn-e06_c20-test-0651,test,20,1,1,
syn-e06_c20-test-0652,test,20,1,1,
syn-e06_c20-test-0653,test,20,1,1,
syn-e06_c20-test-0654,test,20,1,1,
syn-e06_c20-test-0655,test,20,1,1,
syn-e06_c20-test-0656,test,20,1,1,
syn-e06_c20-test-0657,test,20,1,1,
syn-e06_c20-test-0658,test,20,1,1,
syn-e06_c20-test-0659,test,20,1,1,
syn-e06_c20-test-0660,test,20,1,1,
syn-e06_c20-test-0661,test,20,1,1,
syn-e06_c20-test-0662,test,20,1,1,
syn-e06_c20-test-0663,test,20,1,1,
syn-e06_c20-test-0664,test,20,1,1,
syn-e06_c20-test-0665,test,20,1,1,
syn-e06_c20-test-0666,test,20,1,1,
syn-e06_c20-test-0667,test,20,1,1,
syn-e06_c20-test-0668,test,20,1,1,
syn-e06_c20-test-0669,test,20,1,1,
syn-e06_c20-test-0670,test,20,1,1,
syn-e06_c20-test-0671,test,20,1,1,
syn-e06_c20-test-0672,test,20,1,1,
syn-e06_c20-test-0673,test,20,1,1,
syn-e06_c20-test-0674,test,20,1,1,
syn-e06_c20-test-0675,test,20,1,1,
syn-e06_c20-test-0676,test,20,1,1,
syn-e06_c20-test-0677,test,20,1,1,
syn-e06_c20-test-0678,test,20,1,1,
syn-e06_c20-test-0679,test,20,1,1,
syn-e06_c20-test-0680,test,20,1,1,
syn-e06_c20-test-0681,test,20,1,1,
syn-e06_c20-test-0682,test,20,1,1,
syn-e06_c20-test-0683,test,20,1,1,
syn-e06_c20-test-0684,test,20,1,1,
syn-e06_c20-test-0685,test,20,1,1,
syn-e06_c20-test-0686,test,20,1,1,
syn-e06_c20-test-0687,test,20,1,1,
syn-e06_c20-test-0688,test,20,1,1,
syn-e06_c20-test-0689,test,20,1,1,
syn-e06_c20-test-0690,test,20,1,1,
syn-e06_c20-test-0691,test,20,1,1,
syn-e06_c20-test-0692,test,20,1,1,
syn-e06_c20-test-0693,test,20,1,1,
syn-e06_c20-test-0694,test,20,1,1,
syn-e06_c20-test-0695,test,20,1,1,
syn-e06_c20-test-0696,test,20,1,1,
syn-e06_c20-test-0697,test,20,1,1,
syn-e06_c20-test-0698,test,20,1,1,
syn-e06_c20-test-0699,test,20,1,1,
syn-e06_c20-test-0700,test,20,1,1,
syn-e09_c05-dev-0001,dev,5,1,1,
syn-e09_c05-dev-0002,dev,5,1,1,
syn-e09_c05-dev-0003,dev,5,1,1,
syn-e09_c05-dev-0004,dev,5,1,1,
syn-e09_c05-dev-0005,dev,5,1,1,
syn-e09_c05-dev-0006,dev,5,1,1,
syn-e09_c05-dev-0007,dev,5,1,1,
syn-e09_c05-dev-0008,dev,5,1,1,
syn-e09_c05-dev-0009,dev,5,1,1,
syn-e09_c05-dev-0010,dev,5,1,1,
syn-e09_c05-dev-0011,dev,5,1,1,
syn-e09_c05-dev-0012,dev,5,1,1,
syn-e09_c05-dev-0013,dev,5,1,1,
syn-e09_c05-dev-0014,dev,5,1,1,
syn-e09_c05-dev-0015,dev,5,1,1,
syn-e09_c05-dev-0016,dev,5,1,1,
syn-e09_c05-dev-0017,dev,5,1,1,
syn-e09_c05-dev-0018,dev,5,1,1,
syn-e09_c05-dev-0019,dev,5,1,1,
syn-e09_c05-dev-0020,dev,5,1,1,
syn-e09_c05-dev-0021,dev,5,1,1,
syn-e09_c05-dev-0022,dev,5,1,1,
syn-e09_c05-dev-0023,dev,5,1,1,
syn-e09_c05-dev-0024,dev,5,1,1,
syn-e09_c05-dev-0025,dev,5,1,1,
syn-e09_c05-dev-0026,dev,5,1,1,
syn-e09_c05-dev-0027,dev,5,1,1,
syn-e09_c05-dev-0028,dev,5,1,1,
syn-e09_c05-dev-0029,dev,5,1,1,
syn-e09_c05-dev-0030,dev,5,1,1,
syn-e09_c05-dev-0031,dev,5,1,1,
syn-e09_c05-dev-0032,dev,5,1,1,
syn-e09_c05-dev-0033,dev,5,1,1,
syn-e09_c05-dev-0034,dev,5,1,1,
syn-e09_c05-dev-0035,dev,5,1,1,
syn-e09_c05-dev-0036,dev,5,1,1,
syn-e09_c05-dev-0037,dev,5,1,1,
syn-e09_c05-dev-0038,dev,5,1,1,
syn-e09_c05-dev-0039,dev,5,1,1,
syn-e09_c05-dev-0040,dev,5,1,1,
syn-e09_c05-dev-0041,dev,5,1,1,
syn-e09_c05-dev-0042,dev,5,1,1,
syn-e09_c05-dev-0043,dev,5,1,1,
syn-e09_c05-dev-0044,dev,5,1,1,
syn-e09_c05-dev-0045,dev,5,1,1,
syn-e09_c05-dev-0046,dev,5,1,1,
syn-e09_c05-dev-0047,dev,5,1,1,
syn-e09_c05-dev-0048,dev,5,1,1,
syn-e09_c05-dev-0049,dev,5,1,1,
syn-e09_c05-dev-0050,dev,5,1,1,
syn-e09_c05-dev-0051,dev,5,1,1,
syn-e09_c05-dev-0052,dev,5,1,1,
syn-e09_c05-dev-0053,dev,5,1,1,
syn-e09_c05-dev-0054,dev,5,1,1,
syn-e09_c05-dev-0055,dev,5,1,1,
syn-e09_c05-dev-0056,dev,5,1,1,
syn-e09_c05-dev-0057,dev,5,1,1,
syn-e09_c05-dev-0058,dev,5,1,1,
syn-e09_c05-dev-0059,dev,5,1,1,
syn-e09_c05-dev-0060,dev,5,1,1,
syn-e09_c05-dev-0061,dev,5,1,1,
syn-e09_c05-dev-0062,dev,5,1,1,
syn-e09_c05-dev-0063,dev,5,1,1,
syn-e09_c05-dev-0064,dev,5,1,1,
syn-e09_c05-dev-0065,dev,5,1,1,
syn-e09_c05-dev-0066,dev,5,1,1,
syn-e09_c05-dev-0067,dev,5,1,1,
syn-e09_c05-dev-0068,dev,5,1,1,
syn-e09_c05-dev-0069,dev,5,1,1,
syn-e09_c05-dev-0070,dev,5,1,1,
syn-e09_c05-dev-0071,dev,5,1,1,
syn-e09_c05-dev-0072,dev,5,1,1,
syn-e09_c05-dev-0073,dev,5,1,1,
syn-e09_c05-dev-0074,dev,5,1,1,
syn-e09_c05-dev-0075,dev,5,1,1,
syn-e09_c05-dev-0076,dev,5,1,1,
syn-e09_c05-dev-0077,dev,5,1,1,
syn-e09_c05-dev-0078,dev,5,1,1,
syn-e09_c05-dev-0079,dev,5,1,1,
syn-e09_c05-dev-0080,dev,5,1,1,
syn-e09_c05-dev-0081,dev,5,1,1,
syn-e09_c05-dev-0082,dev,5,1,1,
syn-e09_c05-dev-0083,dev,5,1,1,
syn-e09_c05-dev-0084,dev,5,1,1,
syn-e09_c05-dev-0085,dev,5,1,1,
syn-e09_c05-dev-0086,dev,5,1,1,
syn-e09_c05-dev-0087,dev,5,1,1,
syn-e09_c05-dev-0088,dev,5,1,1,
syn-e09_c05-dev-0089,dev,5,1,1,
syn-e09_c05-dev-0090,dev,5,1,1,
syn-e09_c05-dev-0091,dev,5,1,1,
syn-e09_c05-dev-0092,dev,5,1,1,
syn-e09_c05-dev-0093,dev,5,1,1,
syn-e09_c05-dev-0094,dev,5,1,1,
syn-e09_c05-dev-0095,dev,5,1,1,
syn-e09_c05-dev-0096,dev,5,1,1,
syn-e09_c05-dev-0097,dev,5,1,1,
syn-e09_c05-dev-0098,dev,5,1,1,
syn-e09_c05-dev-0099,dev,5,1,1,
syn-e09_c05-dev-0100,dev,5,1,1,
syn-e09_c05-dev-0101,dev,5,1,1,
syn-e09_c05-dev-0102,dev,5,1,1,
syn-e09_c05-dev-0103,dev,5,1,1,
syn-e09_c05-dev-0104,dev,5,1,1,
syn-e09_c05-dev-0105,dev,5,1,1,
syn-e09_c05-dev-0106,dev,5,1,1,
syn-e09_c05-dev-0107,dev,5,1,1,
syn-e09_c05-dev-0108,dev,5,1,1,
syn-e09_c05-dev-0109,dev,5,1,1,
syn-e09_c05-dev-0110,dev,5,1,1,
syn-e09_c05-dev-0111,dev,5,1,1,
syn-e09_c05-dev-0112,dev,5,1,1,
syn-e09_c05-dev-0113,dev,5,1,1,
syn-e09_c05-dev-0114,dev,5,1,1,
syn-e09_c05-dev-0115,dev,5,1,1,
syn-e09_c05-dev-0116,dev,5,1,1,
syn-e09_c05-dev-0117,dev,5,1,1,
syn-e09_c05-dev-0118,dev,5,1,1,
syn-e09_c05-dev-0119,dev,5,1,1,
syn-e09_c05-dev-0120,dev,5,1,1,
syn-e09_c05-dev-0121,dev,5,1,1,
syn-e09_c05-dev-0122,dev,5,1,1,
syn-e09_c05-dev-0123,dev,5,1,1,
syn-e09_c05-dev-0124,dev,5,1,1,
syn-e09_c05-dev-0125,dev,5,1,1,
syn-e09_c05-dev-0126,dev,5,1,1,
syn-e09_c05-dev-0127,dev,5,1,1,
syn-e09_c05-dev-0128,dev,5,1,1,
syn-e09_c05-dev-0129,dev,5,1,1,
syn-e09_c05-dev-0130,dev,5,1,1,
syn-e09_c05-dev-0131,dev,5,1,1,
syn-e09_c05-dev-0132,dev,5,1,1,
syn-e09_c05-dev-0133,dev,5,1,1,
syn-e09_c05-dev-0134,dev,5,1,1,
syn-e09_c05-dev-0135,dev,5,1,1,
syn-e09_c05-dev-0136,dev,5,1,1,
syn-e09_c05-dev-0137,dev,5,1,1,
syn-e09_c05-dev-0138,dev,5,1,1,
syn-e09_c05-dev-0139,dev,5,1,1,
syn-e09_c05-dev-0140,dev,5,1,1,
syn-e09_c05-dev-0141,dev,5,1,1,
syn-e09_c05-dev-0142,dev,5,1,1,
syn-e09_c05-dev-0143,dev,5,1,1,
syn-e09_c05-dev-0144,dev,5,1,1,
syn-e09_c05-dev-0145,dev,5,1,1,
syn-e09_c05-dev-0146,dev,5,1,1,
syn-e09_c05-dev-0147,dev,5,1,1,
syn-e09_c05-dev-0148,dev,5,1,1,
syn-e09_c05-dev-0149,dev,5,1,1,
syn-e09_c05-dev-0150,dev,5,1,1,
syn-e09_c05-dev-0151,dev,5,1,1,
syn-e09_c05-dev-0152,dev,5,1,1,
syn-e09_c05-dev-0153,dev,5,1,1,
syn-e09_c05-dev-0154,dev,5,1,1,
syn-e09_c05-dev-0155,dev,5,1,1,
syn-e09_c05-dev-0156,dev,5,1,1,
syn-e09_c05-dev-0157,dev,5,1,1,
syn-e09_c05-dev-0158,dev,5,1,1,
syn-e09_c05-dev-0159,dev,5,1,1,
syn-e09_c05-dev-0160,dev,5,1,1,
syn-e09_c05-dev-0161,dev,5,1,1,
syn-e09_c05-dev-0162,dev,5,1,1,
syn-e09_c05-dev-0163,dev,5,1,1,
syn-e09_c05-dev-0164,dev,5,1,1,
syn-e09_c05-dev-0165,dev,5,1,1,
syn-e09_c05-dev-0166,dev,5,1,1,
syn-e09_c05-dev-0167,dev,5,1,1,
syn-e09_c05-dev-0168,dev,5,1,1,
syn-e09_c05-dev-0169,dev,5,1,1,
syn-e09_c05-dev-0170,dev,5,1,1,
syn-e09_c05-dev-0171,dev,5,1,1,
syn-e09_c05-dev-0172,dev,5,1,1,
syn-e09_c05-dev-0173,dev,5,1,1,
syn-e09_c05-dev-0174,dev,5,1,1,
syn-e09_c05-dev-0175,dev,5,1,1,
syn-e09_c05-dev-0176,dev,5,1,1,
syn-e09_c05-dev-0177,dev,5,1,1,
syn-e09_c05-dev-0178,dev,5,1,1,
syn-e09_c05-dev-0179,dev,5,1,1,
syn-e09_c05-dev-0180,dev,5,1,1,
syn-e09_c05-dev-0181,dev,5,1,1,
syn-e09_c05-dev-0182,dev,5,1,1,
syn-e09_c05-dev-0183,dev,5,1,1,
syn-e09_c05-dev-0184,dev,5,1,1,
syn-e09_c05-dev-0185,dev,5,1,1,
syn-e09_c05-dev-0186,dev,5,1,1,
syn-e09_c05-dev-0187,dev,5,1,1,
syn-e09_c05-dev-0188,dev,5,1,1,
syn-e09_c05-dev-0189,dev,5,1,1,
syn-e09_c05-dev-0190,dev,5,1,1,
syn-e09_c05-dev-0191,dev,5,1,1,
syn-e09_c05-dev-0192,dev,5,1,1,
syn-e09_c05-dev-0193,dev,5,1,1,
syn-e09_c05-dev-0194,dev,5,1,1,
syn-e09_c05-dev-0195,dev,5,1,1,
syn-e09_c05-dev-0196,dev,5,1,1,
syn-e09_c05-dev-0197,dev,5,1,1,
syn-e09_c05-dev-0198,dev,5,1,1,
syn-e09_c05-dev-0199,dev,5,1,1,
syn-e09_c05-dev-0200,dev,5,1,1,
syn-e09_c05-dev-0201,dev,5,1,1,
syn-e09_c05-dev-0202,dev,5,1,1,
syn-e09_c05-dev-0203,dev,5,1,1,
syn-e09_c05-dev-0204,dev,5,1,1,
syn-e09_c05-dev-0205,dev,5,1,1,
syn-e09_c05-dev-0206,dev,5,1,1,
syn-e09_c05-dev-0207,dev,5,1,1,
syn-e09_c05-dev-0208,dev,5,1,1,
syn-e09_c05-dev-0209,dev,5,1,1,
syn-e09_c05-dev-0210,dev,5,1,1,
syn-e09_c05-dev-0211,dev,5,1,1,
syn-e09_c05-dev-0212,dev,5,1,1,
syn-e09_c05-dev-0213,dev,5,1,1,
syn-e09_c05-dev-0214,dev,5,1,1,
syn-e09_c05-dev-0215,dev,5,1,1,
syn-e09_c05-dev-0216,dev,5,1,1,
syn-e09_c05-dev-0217,dev,5,1,1,
syn-e09_c05-dev-0218,dev,5,1,1,
syn-e09_c05-dev-0219,dev,5,1,1,
syn-e09_c05-dev-0220,dev,5,1,1,
syn-e09_c05-dev-0221,dev,5,1,1,
syn-e09_c05-dev-0222,dev,5,1,1,
syn-e09_c05-dev-0223,dev,5,1,1,
syn-e09_c05-dev-0224,dev,5,1,1,
syn-e09_c05-dev-0225,dev,5,1,1,
syn-e09_c05-dev-0226,dev,5,1,1,
syn-e09_c05-dev-0227,dev,5,1,1,
syn-e09_c05-dev-0228,dev,5,1,1,
syn-e09_c05-dev-0229,dev,5,1,1,
syn-e09_c05-dev-0230,dev,5,1,1,
syn-e09_c05-dev-0231,dev,5,1,1,
syn-e09_c05-dev-0232,dev,5,1,1,
syn-e09_c05-dev-0233,dev,5,1,1,
syn-e09_c05-dev-0234,dev,5,1,1,
syn-e09_c05-dev-0235,dev,5,1,1,
syn-e09_c05-dev-0236,dev,5,1,1,
syn-e09_c05-dev-0237,dev,5,1,1,
syn-e09_c05-dev-0238,dev,5,1,1,
syn-e09_c05-dev-0239,dev,5,1,1,
syn-e09_c05-dev-0240,dev,5,1,1,
syn-e09_c05-dev-0241,dev,5,1,1,
syn-e09_c05-dev-0242,dev,5,1,1,
syn-e09_c05-dev-0243,dev,5,1,1,
syn-e09_c05-dev-0244,dev,5,1,1,
syn-e09_c05-dev-0245,dev,5,1,1,
syn-e09_c05-dev-0246,dev,5,1,1,
syn-e09_c05-dev-0247,dev,5,1,1,
syn-e09_c05-dev-0248,dev,5,1,1,
syn-e09_c05-dev-0249,dev,5,1,1,
syn-e09_c05-dev-0250,dev,5,1,1,
syn-e09_c05-dev-0251,dev,5,1,1,
syn-e09_c05-dev-0252,dev,5,1,1,
syn-e09_c05-dev-0253,dev,5,1,1,
syn-e09_c05-dev-0254,dev,5,1,1,
syn-e09_c05-dev-0255,dev,5,1,1,
syn-e09_c05-dev-0256,dev,5,1,1,
syn-e09_c05-dev-0257,dev,5,1,1,
syn-e09_c05-dev-0258,dev,5,1,1,
syn-e09_c05-dev-0259,dev,5,1,1,
syn-e09_c05-dev-0260,dev,5,1,1,
syn-e09_c05-dev-0261,dev,5,1,1,
syn-e09_c05-dev-0262,dev,5,1,1,
syn-e09_c05-dev-0263,dev,5,1,1,
syn-e09_c05-dev-0264,dev,5,1,1,
syn-e09_c05-dev-0265,dev,5,1,1,
syn-e09_c05-dev-0266,dev,5,1,1,
syn-e09_c05-dev-0267,dev,5,1,1,
syn-e09_c05-dev-0268,dev,5,1,1,
syn-e09_c05-dev-0269,dev,5,1,1,
syn-e09_c05-dev-0270,dev,5,1,1,
syn-e09_c05-dev-0271,dev,5,1,1,
syn-e09_c05-dev-0272,dev,5,1,1,
syn-e09_c05-dev-0273,dev,5,1,1,
syn-e09_c05-dev-0274,dev,5,1,1,
syn-e09_c05-dev-0275,dev,5,1,1,
syn-e09_c05-dev-0276,dev,5,1,1,
syn-e09_c05-dev-0277,dev,5,1,1,
syn-e09_c05-dev-0278,dev,5,1,1,
syn-e09_c05-dev-0279,dev,5,1,1,
syn-e09_c05-dev-0280,dev,5,1,1,
syn-e09_c05-dev-0281,dev,5,1,1,
syn-e09_c05-dev-0282,dev,5,1,1,
syn-e09_c05-dev-0283,dev,5,1,1,
syn-e09_c05-dev-0284,dev,5,1,1,
syn-e09_c05-dev-0285,dev,5,1,1,
syn-e09_c05-dev-0286,dev,5,1,1,
syn-e09_c05-dev-0287,dev,5,1,1,
syn-e09_c05-dev-0288,dev,5,1,1,
syn-e09_c05-dev-0289,dev,5,1,1,
syn-e09_c05-dev-0290,dev,5,1,1,
syn-e09_c05-dev-0291,dev,5,1,1,
syn-e09_c05-dev-0292,dev,5,1,1,
syn-e09_c05-dev-0293,dev,5,1,1,
syn-e09_c05-dev-0294,dev,5,1,1,
syn-e09_c05-dev-0295,dev,5,1,1,
syn-e09_c05-dev-0296,dev,5,1,1,
syn-e09_c05-dev-0297,dev,5,1,1,
syn-e09_c05-dev-0298,dev,5,1,1,
syn-e09_c05-dev-0299,dev,5,1,1,
syn-e09_c05-dev-0300,dev,5,1,1,
syn-e09_c05-test-0001,test,5,1,1,
syn-e09_c05-test-0002,test,5,1,1,
syn-e09_c05-test-0003,test,5,1,1,
syn-e09_c05-test-0004,test,5,1,1,
syn-e09_c05-test-0005,test,5,1,1,
syn-e09_c05-test-0006,test,5,1,1,
syn-e09_c05-test-0007,test,5,1,1,
syn-e09_c05-test-0008,test,5,1,1,
syn-e09_c05-test-0009,test,5,1,1,
syn-e09_c05-test-0010,test,5,1,1,
syn-e09_c05-test-0011,test,5,1,1,
syn-e09_c05-test-0012,test,5,1,1,
syn-e09_c05-test-0013,test,5,1,1,
syn-e09_c05-test-0014,test,5,1,1,
syn-e09_c05-test-0015,test,5,1,1,
syn-e09_c05-test-0016,test,5,1,1,
syn-e09_c05-test-0017,test,5,1,1,
syn-e09_c05-test-0018,test,5,1,1,
syn-e09_c05-test-0019,test,5,1,1,
syn-e09_c05-test-0020,test,5,1,1,
syn-e09_c05-test-0021,test,5,1,1,
syn-e09_c05-test-0022,test,5,1,1,
syn-e09_c05-test-0023,test,5,1,1,
syn-e09_c05-test-0024,test,5,1,1,
syn-e09_c05-test-0025,test,5,1,1,
syn-e09_c05-test-0026,test,5,1,1,
syn-e09_c05-test-0027,test,5,1,1,
syn-e09_c05-test-0028,test,5,1,1,
syn-e09_c05-test-0029,test,5,1,1,
syn-e09_c05-test-0030,test,5,1,1,
syn-e09_c05-test-0031,test,5,1,1,
syn-e09_c05-test-0032,test,5,1,1,
syn-e09_c05-test-0033,test,5,1,1,
syn-e09_c05-test-0034,test,5,1,1,
syn-e09_c05-test-0035,test,5,1,1,
syn-e09_c05-test-0036,test,5,1,1,
syn-e09_c05-test-0037,test,5,1,1,
syn-e09_c05-test-0038,test,5,1,1,
syn-e09_c05-test-0039,test,5,1,1,
syn-e09_c05-test-0040,test,5,1,1,
syn-e09_c05-test-0041,test,5,1,1,
syn-e09_c05-test-0042,test,5,1,1,
syn-e09_c05-test-0043,test,5,1,1,
syn-e09_c05-test-0044,test,5,1,1,
syn-e09_c05-test-0045,test,5,1,1,
syn-e09_c05-test-0046,test,5,1,1,
syn-e09_c05-test-0047,test,5,1,1,
syn-e09_c05-test-0048,test,5,1,1,
syn-e09_c05-test-0049,test,5,1,1,
syn-e09_c05-test-0050,test,5,1,1,
syn-e09_c05-test-0051,test,5,1,1,
syn-e09_c05-test-0052,test,5,1,1,
syn-e09_c05-test-0053,test,5,1,1,
syn-e09_c05-test-0054,test,5,1,1,
syn-e09_c05-test-0055,test,5,1,1,
syn-e09_c05-test-0056,test,5,1,1,
syn-e09_c05-test-0057,test,5,1,1,
syn-e09_c05-test-0058,test,5,1,1,
syn-e09_c05-test-0059,test,5,1,1,
syn-e09_c05-test-0060,test,5,1,1,
syn-e09_c05-test-0061,test,5,1,1,
syn-e09_c05-test-0062,test,5,1,1,
syn-e09_c05-test-0063,test,5,1,1,
syn-e09_c05-test-0064,test,5,1,1,
syn-e09_c05-test-0065,test,5,1,1,
syn-e09_c05-test-0066,test,5,1,1,
syn-e09_c05-test-0067,test,5,1,1,
syn-e09_c05-test-0068,test,5,1,1,
syn-e09_c05-test-0069,test,5,1,1,
syn-e09_c05-test-0070,test,5,1,1,
syn-e09_c05-test-0071,test,5,1,1,
syn-e09_c05-test-0072,test,5,1,1,
syn-e09_c05-test-0073,test,5,1,1,
syn-e09_c05-test-0074,test,5,1,1,
syn-e09_c05-test-0075,test,5,1,1,
syn-e09_c05-test-0076,test,5,1,1,
syn-e09_c05-test-0077,test,5,1,1,
syn-e09_c05-test-0078,test,5,1,1,
syn-e09_c05-test-0079,test,5,1,1,
syn-e09_c05-test-0080,test,5,1,1,
syn-e09_c05-test-0081,test,5,1,1,
syn-e09_c05-test-0082,test,5,1,1,
syn-e09_c05-test-0083,test,5,1,1,
syn-e09_c05-test-0084,test,5,1,1,
syn-e09_c05-test-0085,test,5,1,1,
syn-e09_c05-test-0086,test,5,1,1,
syn-e09_c05-test-0087,test,5,1,1,
syn-e09_c05-test-0088,test,5,1,1,
syn-e09_c05-test-0089,test,5,1,1,
syn-e09_c05-test-0090,test,5,1,1,
syn-e09_c05-test-0091,test,5,1,1,
syn-e09_c05-test-0092,test,5,1,1,
syn-e09_c05-test-0093,test,5,1,1,
syn-e09_c05-test-0094,test,5,1,1,
syn-e09_c05-test-0095,test,5,1,1,
syn-e09_c05-test-0096,test,5,1,1,
syn-e09_c05-test-0097,test,5,1,1,
syn-e09_c05-test-0098,test,5,1,1,
syn-e09_c05-test-0099,test,5,1,1,
syn-e09_c05-test-0100,test,5,1,1,
syn-e09_c05-test-0101,test,5,1,1,
syn-e09_c05-test-0102,test,5,1,1,
syn-e09_c05-test-0103,test,5,1,1,
syn-e09_c05-test-0104,test,5,1,1,
syn-e09_c05-test-0105,test,5,1,1,
syn-e09_c05-test-0106,test,5,1,1,
syn-e09_c05-test-0107,test,5,1,1,
syn-e09_c05-test-0108,test,5,1,1,
syn-e09_c05-test-0109,test,5,1,1,
syn-e09_c05-test-0110,test,5,1,1,
syn-e09_c05-test-0111,test,5,1,1,
syn-e09_c05-test-0112,test,5,1,1,
syn-e09_c05-test-0113,test,5,1,1,
syn-e09_c05-test-0114,test,5,1,1,
syn-e09_c05-test-0115,test,5,1,1,
syn-e09_c05-test-0116,test,5,1,1,
syn-e09_c05-test-0117,test,5,1,1,
syn-e09_c05-test-0118,test,5,1,1,
syn-e09_c05-test-0119,test,5,1,1,
syn-e09_c05-test-0120,test,5,1,1,
syn-e09_c05-test-0121,test,5,1,1,
syn-e09_c05-test-0122,test,5,1,1,
syn-e09_c05-test-0123,test,5,1,1,
syn-e09_c05-test-0124,test,5,1,1,
syn-e09_c05-test-0125,test,5,1,1,
syn-e09_c05-test-0126,test,5,1,1,
syn-e09_c05-test-0127,test,5,1,1,
syn-e09_c05-test-0128,test,5,1,1,
syn-e09_c05-test-0129,test,5,1,1,
syn-e09_c05-test-0130,test,5,1,1,
syn-e09_c05-test-0131,test,5,1,1,
syn-e09_c05-test-0132,test,5,1,1,
syn-e09_c05-test-0133,test,5,1,1,
syn-e09_c05-test-0134,test,5,1,1,
syn-e09_c05-test-0135,test,5,1,1,
syn-e09_c05-test-0136,test,5,1,1,
syn-e09_c05-test-0137,test,5,1,1,
syn-e09_c05-test-0138,test,5,1,1,
syn-e09_c05-test-0139,test,5,1,1,
syn-e09_c05-test-0140,test,5,1,1,
syn-e09_c05-test-0141,test,5,1,1,
syn-e09_c05-test-0142,test,5,1,1,
syn-e09_c05-test-0143,test,5,1,1,
syn-e09_c05-test-0144,test,5,1,1,
syn-e09_c05-test-0145,test,5,1,1,
syn-e09_c05-test-0146,test,5,1,1,
syn-e09_c05-test-0147,test,5,1,1,
syn-e09_c05-test-0148,test,5,1,1,
syn-e09_c05-test-0149,test,5,1,1,
syn-e09_c05-test-0150,test,5,1,1,
syn-e09_c05-test-0151,test,5,1,1,
syn-e09_c05-test-0152,test,5,1,1,
syn-e09_c05-test-0153,test,5,1,1,
syn-e09_c05-test-0154,test,5,1,1,
syn-e09_c05-test-0155,test,5,1,1,
syn-e09_c05-test-0156,test,5,1,1,
syn-e09_c05-test-0157,test,5,1,1,
syn-e09_c05-test-0158,test,5,1,1,
syn-e09_c05-test-0159,test,5,1,1,
syn-e09_c05-test-0160,test,5,1,1,
syn-e09_c05-test-0161,test,5,1,1,
syn-e09_c05-test-0162,test,5,1,1,
syn-e09_c05-test-0163,test,5,1,1,
syn-e09_c05-test-0164,test,5,1,1,
syn-e09_c05-test-0165,test,5,1,1,
syn-e09_c05-test-0166,test,5,1,1,
syn-e09_c05-test-0167,test,5,1,1,
syn-e09_c05-test-0168,test,5,1,1,
syn-e09_c05-test-0169,test,5,1,1,
syn-e09_c05-test-0170,test,5,1,1,
syn-e09_c05-test-0171,test,5,1,1,
syn-e09_c05-test-0172,test,5,1,1,
syn-e09_c05-test-0173,test,5,1,1,
syn-e09_c05-test-0174,test,5,1,1,
syn-e09_c05-test-0175,test,5,1,1,
syn-e09_c05-test-0176,test,5,1,1,
syn-e09_c05-test-0177,test,5,1,1,
syn-e09_c05-test-0178,test,5,1,1,
syn-e09_c05-test-0179,test,5,1,1,
syn-e09_c05-test-0180,test,5,1,1,
syn-e09_c05-test-0181,test,5,1,1,
syn-e09_c05-test-0182,test,5,1,1,
syn-e09_c05-test-0183,test,5,1,1,
syn-e09_c05-test-0184,test,5,1,1,
syn-e09_c05-test-0185,test,5,1,1,
syn-e09_c05-test-0186,test,5,1,1,
syn-e09_c05-test-0187,test,5,1,1,
syn-e09_c05-test-0188,test,5,1,1,
syn-e09_c05-test-0189,test,5,1,1,
syn-e09_c05-test-0190,test,5,1,1,
syn-e09_c05-test-0191,test,5,1,1,
syn-e09_c05-test-0192,test,5,1,1,
syn-e09_c05-test-0193,test,5,1,1,
syn-e09_c05-test-0194,test,5,1,1,
syn-e09_c05-test-0195,test,5,1,1,
syn-e09_c05-test-0196,test,5,1,1,
syn-e09_c05-test-0197,test,5,1,1,
syn-e09_c05-test-0198,test,5,1,1,
syn-e09_c05-test-0199,test,5,1,1,
syn-e09_c05-test-0200,test,5,1,1,
syn-e09_c05-test-0201,test,5,1,1,
syn-e09_c05-test-0202,test,5,1,1,
syn-e09_c05-test-0203,test,5,1,1,
syn-e09_c05-test-0204,test,5,1,1,
syn-e09_c05-test-0205,test,5,1,1,
syn-e09_c05-test-0206,test,5,1,1,
syn-e09_c05-test-0207,test,5,1,1,
syn-e09_c05-test-0208,test,5,1,1,
syn-e09_c05-test-0209,test,5,1,1,
syn-e09_c05-test-0210,test,5,1,1,
syn-e09_c05-test-0211,test,5,1,1,
syn-e09_c05-test-0212,test,5,1,1,
syn-e09_c05-test-0213,test,5,1,1,
syn-e09_c05-test-0214,test,5,1,1,
syn-e09_c05-test-0215,test,5,1,1,
syn-e09_c05-test-0216,test,5,1,1,
syn-e09_c05-test-0217,test,5,1,1,
syn-e09_c05-test-0218,test,5,1,1,
syn-e09_c05-test-0219,test,5,1,1,
syn-e09_c05-test-0220,test,5,1,1,
syn-e09_c05-test-0221,test,5,1,1,
syn-e09_c05-test-0222,test,5,1,1,
syn-e09_c05-test-0223,test,5,1,1,
syn-e09_c05-test-0224,test,5,1,1,
syn-e09_c05-test-0225,test,5,1,1,
syn-e09_c05-test-0226,test,5,1,1,
syn-e09_c05-test-0227,test,5,1,1,
syn-e09_c05-test-0228,test,5,1,1,
syn-e09_c05-test-0229,test,5,1,1,
syn-e09_c05-test-0230,test,5,1,1,
syn-e09_c05-test-0231,test,5,1,1,
syn-e09_c05-test-0232,test,5,1,1,
syn-e09_c05-test-0233,test,5,1,1,
syn-e09_c05-test-0234,test,5,1,1,
syn-e09_c05-test-0235,test,5,1,1,
syn-e09_c05-test-0236,test,5,1,1,
syn-e09_c05-test-0237,test,5,1,1,
syn-e09_c05-test-0238,test,5,1,1,
syn-e09_c05-test-0239,test,5,1,1,
syn-e09_c05-test-0240,test,5,1,1,
syn-e09_c05-test-0241,test,5,1,1,
syn-e09_c05-test-0242,test,5,1,1,
syn-e09_c05-test-0243,test,5,1,1,
syn-e09_c05-test-0244,test,5,1,1,
syn-e09_c05-test-0245,test,5,1,1,
syn-e09_c05-test-0246,test,5,1,1,
syn-e09_c05-test-0247,test,5,1,1,
syn-e09_c05-test-0248,test,5,1,1,
syn-e09_c05-test-0249,test,5,1,1,
syn-e09_c05-test-0250,test,5,1,1,
syn-e09_c05-test-0251,test,5,1,1,
syn-e09_c05-test-0252,test,5,1,1,
syn-e09_c05-test-0253,test,5,1,1,
syn-e09_c05-test-0254,test,5,1,1,
syn-e09_c05-test-0255,test,5,1,1,
syn-e09_c05-test-0256,test,5,1,1,
syn-e09_c05-test-0257,test,5,1,1,
syn-e09_c05-test-0258,test,5,1,1,
syn-e09_c05-test-0259,test,5,1,1,
syn-e09_c05-test-0260,test,5,1,1,
syn-e09_c05-test-0261,test,5,1,1,
syn-e09_c05-test-0262,test,5,1,1,
syn-e09_c05-test-0263,test,5,1,1,
syn-e09_c05-test-0264,test,5,1,1,
syn-e09_c05-test-0265,test,5,1,1,
syn-e09_c05-test-0266,test,5,1,1,
syn-e09_c05-test-0267,test,5,1,1,
syn-e09_c05-test-0268,test,5,1,1,
syn-e09_c05-test-0269,test,5,1,1,
syn-e09_c05-test-0270,test,5,1,1,
syn-e09_c05-test-0271,test,5,1,1,
syn-e09_c05-test-0272,test,5,1,1,
syn-e09_c05-test-0273,test,5,1,1,
syn-e09_c05-test-0274,test,5,1,1,
syn-e09_c05-test-0275,test,5,1,1,
syn-e09_c05-test-0276,test,5,1,1,
syn-e09_c05-test-0277,test,5,1,1,
syn-e09_c05-test-0278,test,5,1,1,
syn-e09_c05-test-0279,test,5,1,1,
syn-e09_c05-test-0280,test,5,1,1,
syn-e09_c05-test-0281,test,5,1,1,
syn-e09_c05-test-0282,test,5,1,1,
syn-e09_c05-test-0283,test,5,1,1,
syn-e09_c05-test-0284,test,5,1,1,
syn-e09_c05-test-0285,test,5,1,1,
syn-e09_c05-test-0286,test,5,1,1,
syn-e09_c05-test-0287,test,5,1,1,
syn-e09_c05-test-0288,test,5,1,1,
syn-e09_c05-test-0289,test,5,1,1,
syn-e09_c05-test-0290,test,5,1,1,
syn-e09_c05-test-0291,test,5,1,1,
syn-e09_c05-test-0292,test,5,1,1,
syn-e09_c05-test-0293,test,5,1,1,
syn-e09_c05-test-0294,test,5,1,1,
syn-e09_c05-test-0295,test,5,1,1,
syn-e09_c05-test-0296,test,5,1,1,
syn-e09_c05-test-0297,test,5,1,1,
syn-e09_c05-test-0298,test,5,1,1,
syn-e09_c05-test-0299,test,5,1,1,
syn-e09_c05-test-0300,test,5,1,1,
syn-e09_c05-test-0301,test,5,1,1,
syn-e09_c05-test-0302,test,5,1,1,
syn-e09_c05-test-0303,test,5,1,1,
syn-e09_c05-test-0304,test,5,1,1,
syn-e09_c05-test-0305,test,5,1,1,
syn-e09_c05-test-0306,test,5,1,1,
syn-e09_c05-test-0307,test,5,1,1,
syn-e09_c05-test-0308,test,5,1,1,
syn-e09_c05-test-0309,test,5,1,1,
syn-e09_c05-test-0310,test,5,1,1,
syn-e09_c05-test-0311,test,5,1,1,
syn-e09_c05-test-0312,test,5,1,1,
syn-e09_c05-test-0313,test,5,1,1,
syn-e09_c05-test-0314,test,5,1,1,
syn-e09_c05-test-0315,test,5,1,1,
syn-e09_c05-test-0316,test,5,1,1,
syn-e09_c05-test-0317,test,5,1,1,
syn-e09_c05-test-0318,test,5,1,1,
syn-e09_c05-test-0319,test,5,1,1,
syn-e09_c05-test-0320,test,5,1,1,
syn-e09_c05-test-0321,test,5,1,1,
syn-e09_c05-test-0322,test,5,1,1,
syn-e09_c05-test-0323,test,5,1,1,
syn-e09_c05-test-0324,test,5,1,1,
syn-e09_c05-test-0325,test,5,1,1,
syn-e09_c05-test-0326,test,5,1,1,
syn-e09_c05-test-0327,test,5,1,1,
syn-e09_c05-test-0328,test,5,1,1,
syn-e09_c05-test-0329,test,5,1,1,
syn-e09_c05-test-0330,test,5,1,1,
syn-e09_c05-test-0331,test,5,1,1,
syn-e09_c05-test-0332,test,5,1,1,
syn-e09_c05-test-0333,test,5,1,1,
syn-e09_c05-test-0334,test,5,1,1,
syn-e09_c05-test-0335,test,5,1,1,
syn-e09_c05-test-0336,test,5,1,1,
syn-e09_c05-test-0337,test,5,1,1,
syn-e09_c05-test-0338,test,5,1,1,
syn-e09_c05-test-0339,test,5,1,1,
syn-e09_c05-test-0340,test,5,1,1,
syn-e09_c05-test-0341,test,5,1,1,
syn-e09_c05-test-0342,test,5,1,1,
syn-e09_c05-test-0343,test,5,1,1,
syn-e09_c05-test-0344,test,5,1,1,
syn-e09_c05-test-0345,test,5,1,1,
syn-e09_c05-test-0346,test,5,1,1,
syn-e09_c05-test-0347,test,5,1,1,
syn-e09_c05-test-0348,test,5,1,1,
syn-e09_c05-test-0349,test,5,1,1,
syn-e09_c05-test-0350,test,5,1,1,
syn-e09_c05-test-0351,test,5,1,1,
syn-e09_c05-test-0352,test,5,1,1,
syn-e09_c05-test-0353,test,5,1,1,
syn-e09_c05-test-0354,test,5,1,1,
syn-e09_c05-test-0355,test,5,1,1,
syn-e09_c05-test-0356,test,5,1,1,
syn-e09_c05-test-0357,test,5,1,1,
syn-e09_c05-test-0358,test,5,1,1,
syn-e09_c05-test-0359,test,5,1,1,
syn-e09_c05-test-0360,test,5,1,1,
syn-e09_c05-test-0361,test,5,1,1,
syn-e09_c05-test-0362,test,5,1,1,
syn-e09_c05-test-0363,test,5,1,1,
syn-e09_c05-test-0364,test,5,1,1,
syn-e09_c05-test-0365,test,5,1,1,
syn-e09_c05-test-0366,test,5,1,1,
syn-e09_c05-test-0367,test,5,1,1,
syn-e09_c05-test-0368,test,5,1,1,
syn-e09_c05-test-0369,test,5,1,1,
syn-e09_c05-test-0370,test,5,1,1,
syn-e09_c05-test-0371,test,5,1,1,
syn-e09_c05-test-0372,test,5,1,1,
syn-e09_c05-test-0373,test,5,1,1,
syn-e09_c05-test-0374,test,5,1,1,
syn-e09_c05-test-0375,test,5,1,1,
syn-e09_c05-test-0376,test,5,1,1,
syn-e09_c05-test-0377,test,5,1,1,
syn-e09_c05-test-0378,test,5,1,1,
syn-e09_c05-test-0379,test,5,1,1,
syn-e09_c05-test-0380,test,5,1,1,
syn-e09_c05-test-0381,test,5,1,1,
syn-e09_c05-test-0382,test,5,1,1,
syn-e09_c05-test-0383,test,5,1,1,
syn-e09_c05-test-0384,test,5,1,1,
syn-e09_c05-test-0385,test,5,1,1,
syn-e09_c05-test-0386,test,5,1,1,
syn-e09_c05-test-0387,test,5,1,1,
syn-e09_c05-test-0388,test,5,1,1,
syn-e09_c05-test-0389,test,5,1,1,
syn-e09_c05-test-0390,test,5,1,1,
syn-e09_c05-test-0391,test,5,1,1,
syn-e09_c05-test-0392,test,5,1,1,
syn-e09_c05-test-0393,test,5,1,1,
syn-e09_c05-test-0394,test,5,1,1,
syn-e09_c05-test-0395,test,5,1,1,
syn-e09_c05-test-0396,test,5,1,1,
syn-e09_c05-test-0397,test,5,1,1,
syn-e09_c05-test-0398,test,5,1,1,
syn-e09_c05-test-0399,test,5,1,1,
syn-e09_c05-test-0400,test,5,1,1,
syn-e09_c05-test-0401,test,5,1,1,
syn-e09_c05-test-0402,test,5,1,1,
syn-e09_c05-test-0403,test,5,1,1,
syn-e09_c05-test-0404,test,5,1,1,
syn-e09_c05-test-0405,test,5,1,1,
syn-e09_c05-test-0406,test,5,1,1,
syn-e09_c05-test-0407,test,5,1,1,
syn-e09_c05-test-0408,test,5,1,1,
syn-e09_c05-test-0409,test,5,1,1,
syn-e09_c05-test-0410,test,5,1,1,
syn-e09_c05-test-0411,test,5,1,1,
syn-e09_c05-test-0412,test,5,1,1,
syn-e09_c05-test-0413,test,5,1,1,
syn-e09_c05-test-0414,test,5,1,1,
syn-e09_c05-test-0415,test,5,1,1,
syn-e09_c05-test-0416,test,5,1,1,
syn-e09_c05-test-0417,test,5,1,1,
syn-e09_c05-test-0418,test,5,1,1,
syn-e09_c05-test-0419,test,5,1,1,
syn-e09_c05-test-0420,test,5,1,1,
syn-e09_c05-test-0421,test,5,1,1,
syn-e09_c05-test-0422,test,5,1,1,
syn-e09_c05-test-0423,test,5,1,1,
syn-e09_c05-test-0424,test,5,1,1,
syn-e09_c05-test-0425,test,5,1,1,
syn-e09_c05-test-0426,test,5,1,1,
syn-e09_c05-test-0427,test,5,1,1,
syn-e09_c05-test-0428,test,5,1,1,
syn-e09_c05-test-0429,test,5,1,1,
syn-e09_c05-test-0430,test,5,1,1,
syn-e09_c05-test-0431,test,5,1,1,
syn-e09_c05-test-0432,test,5,1,1,
syn-e09_c05-test-0433,test,5,1,1,
syn-e09_c05-test-0434,test,5,1,1,
syn-e09_c05-test-0435,test,5,1,1,
syn-e09_c05-test-0436,test,5,1,1,
syn-e09_c05-test-0437,test,5,1,1,
syn-e09_c05-test-0438,test,5,1,1,
syn-e09_c05-test-0439,test,5,1,1,
syn-e09_c05-test-0440,test,5,1,1,
syn-e09_c05-test-0441,test,5,1,1,
syn-e09_c05-test-0442,test,5,1,1,
syn-e09_c05-test-0443,test,5,1,1,
syn-e09_c05-test-0444,test,5,1,1,
syn-e09_c05-test-0445,test,5,1,1,
syn-e09_c05-test-0446,test,5,1,1,
syn-e09_c05-test-0447,test,5,1,1,
syn-e09_c05-test-0448,test,5,1,1,
syn-e09_c05-test-0449,test,5,1,1,
syn-e09_c05-test-0450,test,5,1,1,
syn-e09_c05-test-0451,test,5,1,1,
syn-e09_c05-test-0452,test,5,1,1,
syn-e09_c05-test-0453,test,5,1,1,
syn-e09_c05-test-0454,test,5,1,1,
syn-e09_c05-test-0455,test,5,1,1,
syn-e09_c05-test-0456,test,5,1,1,
syn-e09_c05-test-0457,test,5,1,1,
syn-e09_c05-test-0458,test,5,1,1,
syn-e09_c05-test-0459,test,5,1,1,
syn-e09_c05-test-0460,test,5,1,1,
syn-e09_c05-test-0461,test,5,1,1,
syn-e09_c05-test-0462,test,5,1,1,
syn-e09_c05-test-0463,test,5,1,1,
syn-e09_c05-test-0464,test,5,1,1,
syn-e09_c05-test-0465,test,5,1,1,
syn-e09_c05-test-0466,test,5,1,1,
syn-e09_c05-test-0467,test,5,1,1,
syn-e09_c05-test-0468,test,5,1,1,
syn-e09_c05-test-0469,test,5,1,1,
syn-e09_c05-test-0470,test,5,1,1,
syn-e09_c05-test-0471,test,5,1,1,
syn-e09_c05-test-0472,test,5,1,1,
syn-e09_c05-test-0473,test,5,1,1,
syn-e09_c05-test-0474,test,5,1,1,
syn-e09_c05-test-0475,test,5,1,1,
syn-e09_c05-test-0476,test,5,1,1,
syn-e09_c05-test-0477,test,5,1,1,
syn-e09_c05-test-0478,test,5,1,1,
syn-e09_c05-test-0479,test,5,1,1,
syn-e09_c05-test-0480,test,5,1,1,
syn-e09_c05-test-0481,test,5,1,1,
syn-e09_c05-test-0482,test,5,1,1,
syn-e09_c05-test-0483,test,5,1,1,
syn-e09_c05-test-0484,test,5,1,1,
syn-e09_c05-test-0485,test,5,1,1,
syn-e09_c05-test-0486,test,5,1,1,
syn-e09_c05-test-0487,test,5,1,1,
syn-e09_c05-test-0488,test,5,1,1,
syn-e09_c05-test-0489,test,5,1,1,
syn-e09_c05-test-0490,test,5,1,1,
syn-e09_c05-test-0491,test,5,1,1,
syn-e09_c05-test-0492,test,5,1,1,
syn-e09_c05-test-0493,test,5,1,1,
syn-e09_c05-test-0494,test,5,1,1,
syn-e09_c05-test-0495,test,5,1,1,
syn-e09_c05-test-0496,test,5,1,1,
syn-e09_c05-test-0497,test,5,1,1,
syn-e09_c05-test-0498,test,5,1,1,
syn-e09_c05-test-0499,test,5,1,1,
syn-e09_c05-test-0500,test,5,1,1,
syn-e09_c05-test-0501,test,5,1,1,
syn-e09_c05-test-0502,test,5,1,1,
syn-e09_c05-test-0503,test,5,1,1,
syn-e09_c05-test-0504,test,5,1,1,
syn-e09_c05-test-0505,test,5,1,1,
syn-e09_c05-test-0506,test,5,1,1,
syn-e09_c05-test-0507,test,5,1,1,
syn-e09_c05-test-0508,test,5,1,1,
syn-e09_c05-test-0509,test,5,1,1,
syn-e09_c05-test-0510,test,5,1,1,
syn-e09_c05-test-0511,test,5,1,1,
syn-e09_c05-test-0512,test,5,1,1,
syn-e09_c05-test-0513,test,5,1,1,
syn-e09_c05-test-0514,test,5,1,1,
syn-e09_c05-test-0515,test,5,1,1,
syn-e09_c05-test-0516,test,5,1,1,
syn-e09_c05-test-0517,test,5,1,1,
syn-e09_c05-test-0518,test,5,1,1,
syn-e09_c05-test-0519,test,5,1,1,
syn-e09_c05-test-0520,test,5,1,1,
syn-e09_c05-test-0521,test,5,1,1,
syn-e09_c05-test-0522,test,5,1,1,
syn-e09_c05-test-0523,test,5,1,1,
syn-e09_c05-test-0524,test,5,1,1,
syn-e09_c05-test-0525,test,5,1,1,
syn-e09_c05-test-0526,test,5,1,1,
syn-e09_c05-test-0527,test,5,1,1,
syn-e09_c05-test-0528,test,5,1,1,
syn-e09_c05-test-0529,test,5,1,1,
syn-e09_c05-test-0530,test,5,1,1,
syn-e09_c05-test-0531,test,5,1,1,
syn-e09_c05-test-0532,test,5,1,1,
syn-e09_c05-test-0533,test,5,1,1,
syn-e09_c05-test-0534,test,5,1,1,
syn-e09_c05-test-0535,test,5,1,1,
syn-e09_c05-test-0536,test,5,1,1,
syn-e09_c05-test-0537,test,5,1,1,
syn-e09_c05-test-0538,test,5,1,1,
syn-e09_c05-test-0539,test,5,1,1,
syn-e09_c05-test-0540,test,5,1,1,
syn-e09_c05-test-0541,test,5,1,1,
syn-e09_c05-test-0542,test,5,1,1,
syn-e09_c05-test-0543,test,5,1,1,
syn-e09_c05-test-0544,test,5,1,1,
syn-e09_c05-test-0545,test,5,1,1,
syn-e09_c05-test-0546,test,5,1,1,
syn-e09_c05-test-0547,test,5,1,1,
syn-e09_c05-test-0548,test,5,1,1,
syn-e09_c05-test-0549,test,5,1,1,
syn-e09_c05-test-0550,test,5,1,1,
syn-e09_c05-test-0551,test,5,1,1,
syn-e09_c05-test-0552,test,5,1,1,
syn-e09_c05-test-0553,test,5,1,1,
syn-e09_c05-test-0554,test,5,1,1,
syn-e09_c05-test-0555,test,5,1,1,
syn-e09_c05-test-0556,test,5,1,1,
syn-e09_c05-test-0557,test,5,1,1,
syn-e09_c05-test-0558,test,5,1,1,
syn-e09_c05-test-0559,test,5,1,1,
syn-e09_c05-test-0560,test,5,1,1,
syn-e09_c05-test-0561,test,5,1,1,
syn-e09_c05-test-0562,test,5,1,1,
syn-e09_c05-test-0563,test,5,1,1,
syn-e09_c05-test-0564,test,5,1,1,
syn-e09_c05-test-0565,test,5,1,1,
syn-e09_c05-test-0566,test,5,1,1,
syn-e09_c05-test-0567,test,5,1,1,
syn-e09_c05-test-0568,test,5,1,1,
syn-e09_c05-test-0569,test,5,1,1,
syn-e09_c05-test-0570,test,5,1,1,
syn-e09_c05-test-0571,test,5,1,1,
syn-e09_c05-test-0572,test,5,1,1,
syn-e09_c05-test-0573,test,5,1,1,
syn-e09_c05-test-0574,test,5,1,1,
syn-e09_c05-test-0575,test,5,1,1,
syn-e09_c05-test-0576,test,5,1,1,
syn-e09_c05-test-0577,test,5,1,1,
syn-e09_c05-test-0578,test,5,1,1,
syn-e09_c05-test-0579,test,5,1,1,
syn-e09_c05-test-0580,test,5,1,1,
syn-e09_c05-test-0581,test,5,1,1,
syn-e09_c05-test-0582,test,5,1,1,
syn-e09_c05-test-0583,test,5,1,1,
syn-e09_c05-test-0584,test,5,1,1,
syn-e09_c05-test-0585,test,5,1,1,
syn-e09_c05-test-0586,test,5,1,1,
syn-e09_c05-test-0587,test,5,1,1,
syn-e09_c05-test-0588,test,5,1,1,
syn-e09_c05-test-0589,test,5,1,1,
syn-e09_c05-test-0590,test,5,1,1,
syn-e09_c05-test-0591,test,5,1,1,
syn-e09_c05-test-0592,test,5,1,1,
syn-e09_c05-test-0593,test,5,1,1,
syn-e09_c05-test-0594,test,5,1,1,
syn-e09_c05-test-0595,test,5,1,1,
syn-e09_c05-test-0596,test,5,1,1,
syn-e09_c05-test-0597,test,5,1,1,
syn-e09_c05-test-0598,test,5,1,1,
syn-e09_c05-test-0599,test,5,1,1,
syn-e09_c05-test-0600,test,5,1,1,
syn-e09_c05-test-0601,test,5,1,1,
syn-e09_c05-test-0602,test,5,1,1,
syn-e09_c05-test-0603,test,5,1,1,
syn-e09_c05-test-0604,test,5,1,1,
syn-e09_c05-test-0605,test,5,1,1,
syn-e09_c05-test-0606,test,5,1,1,
syn-e09_c05-test-0607,test,5,1,1,
syn-e09_c05-test-0608,test,5,1,1,
syn-e09_c05-test-0609,test,5,1,1,
syn-e09_c05-test-0610,test,5,1,1,
syn-e09_c05-test-0611,test,5,1,1,
syn-e09_c05-test-0612,test,5,1,1,
syn-e09_c05-test-0613,test,5,1,1,
syn-e09_c05-test-0614,test,5,1,1,
syn-e09_c05-test-0615,test,5,1,1,
syn-e09_c05-test-0616,test,5,1,1,
syn-e09_c05-test-0617,test,5,1,1,
syn-e09_c05-test-0618,test,5,1,1,
syn-e09_c05-test-0619,test,5,1,1,
syn-e09_c05-test-0620,test,5,1,1,
syn-e09_c05-test-0621,test,5,1,1,
syn-e09_c05-test-0622,test,5,1,1,
syn-e09_c05-test-0623,test,5,1,1,
syn-e09_c05-test-0624,test,5,1,1,
syn-e09_c05-test-0625,test,5,1,1,
syn-e09_c05-test-0626,test,5,1,1,
syn-e09_c05-test-0627,test,5,1,1,
syn-e09_c05-test-0628,test,5,1,1,
syn-e09_c05-test-0629,test,5,1,1,
syn-e09_c05-test-0630,test,5,1,1,
syn-e09_c05-test-0631,test,5,1,1,
syn-e09_c05-test-0632,test,5,1,1,
syn-e09_c05-test-0633,test,5,1,1,
syn-e09_c05-test-0634,test,5,1,1,
syn-e09_c05-test-0635,test,5,1,1,
syn-e09_c05-test-0636,test,5,1,1,
syn-e09_c05-test-0637,test,5,1,1,
syn-e09_c05-test-0638,test,5,1,1,
syn-e09_c05-test-0639,test,5,1,1,
syn-e09_c05-test-0640,test,5,1,1,
syn-e09_c05-test-0641,test,5,1,1,
syn-e09_c05-test-0642,test,5,1,1,
syn-e09_c05-test-0643,test,5,1,1,
syn-e09_c05-test-0644,test,5,1,1,
syn-e09_c05-test-0645,test,5,1,1,
syn-e09_c05-test-0646,test,5,1,1,
syn-e09_c05-test-0647,test,5,1,1,
syn-e09_c05-test-0648,test,5,1,1,
syn-e09_c05-test-0649,test,5,1,1,
syn-e09_c05-test-0650,test,5,1,1,
syn-e09_c05-test-0651,test,5,1,1,
syn-e09_c05-test-0652,test,5,1,1,
syn-e09_c05-test-0653,test,5,1,1,
syn-e09_c05-test-0654,test,5,1,1,
syn-e09_c05-test-0655,test,5,1,1,
syn-e09_c05-test-0656,test,5,1,1,
syn-e09_c05-test-0657,test,5,1,1,
syn-e09_c05-test-0658,test,5,1,1,
syn-e09_c05-test-0659,test,5,1,1,
syn-e09_c05-test-0660,test,5,1,1,
syn-e09_c05-test-0661,test,5,1,1,
syn-e09_c05-test-0662,test,5,1,1,
syn-e09_c05-test-0663,test,5,1,1,
syn-e09_c05-test-0664,test,5,1,1,
syn-e09_c05-test-0665,test,5,1,1,
syn-e09_c05-test-0666,test,5,1,1,
syn-e09_c05-test-0667,test,5,1,1,
syn-e09_c05-test-0668,test,5,1,1,
syn-e09_c05-test-0669,test,5,1,1,
syn-e09_c05-test-0670,test,5,1,1,
syn-e09_c05-test-0671,test,5,1,1,
syn-e09_c05-test-0672,test,5,1,1,
syn-e09_c05-test-0673,test,5,1,1,
syn-e09_c05-test-0674,test,5,1,1,
syn-e09_c05-test-0675,test,5,1,1,
syn-e09_c05-test-0676,test,5,1,1,
syn-e09_c05-test-0677,test,5,1,1,
syn-e09_c05-test-0678,test,5,1,1,
syn-e09_c05-test-0679,test,5,1,1,
syn-e09_c05-test-0680,test,5,1,1,
syn-e09_c05-test-0681,test,5,1,1,
syn-e09_c05-test-0682,test,5,1,1,
syn-e09_c05-test-0683,test,5,1,1,
syn-e09_c05-test-0684,test,5,1,1,
syn-e09_c05-test-0685,test,5,1,1,
syn-e09_c05-test-0686,test,5,1,1,
syn-e09_c05-test-0687,test,5,1,1,
syn-e09_c05-test-0688,test,5,1,1,
syn-e09_c05-test-0689,test,5,1,1,
syn-e09_c05-test-0690,test,5,1,1,
syn-e09_c05-test-0691,test,5,1,1,
syn-e09_c05-test-0692,test,5,1,1,
syn-e09_c05-test-0693,test,5,1,1,
syn-e09_c05-test-0694,test,5,1,1,
syn-e09_c05-test-0695,test,5,1,1,
syn-e09_c05-test-0696,test,5,1,1,
syn-e09_c05-test-0697,test,5,1,1,
syn-e09_c05-test-0698,test,5,1,1,
syn-e09_c05-test-0699,test,5,1,1,
syn-e09_c05-test-0700,test,5,1,1,
syn-e09_c10-dev-0001,dev,10,1,1,
syn-e09_c10-dev-0002,dev,10,1,1,
syn-e09_c10-dev-0003,dev,10,1,1,
syn-e09_c10-dev-0004,dev,10,1,1,
syn-e09_c10-dev-0005,dev,10,1,1,
syn-e09_c10-dev-0006,dev,10,1,1,
syn-e09_c10-dev-0007,dev,10,1,1,
syn-e09_c10-dev-0008,dev,10,1,1,
syn-e09_c10-dev-0009,dev,10,1,1,
syn-e09_c10-dev-0010,dev,10,1,1,
syn-e09_c10-dev-0011,dev,10,1,1,
syn-e09_c10-dev-0012,dev,10,1,1,
syn-e09_c10-dev-0013,dev,10,1,1,
syn-e09_c10-dev-0014,dev,10,1,1,
syn-e09_c10-dev-0015,dev,10,1,1,
syn-e09_c10-dev-0016,dev,10,1,1,
syn-e09_c10-dev-0017,dev,10,1,1,
syn-e09_c10-dev-0018,dev,10,1,1,
syn-e09_c10-dev-0019,dev,10,1,1,
syn-e09_c10-dev-0020,dev,10,1,1,
syn-e09_c10-dev-0021,dev,10,1,1,
syn-e09_c10-dev-0022,dev,10,1,1,
syn-e09_c10-dev-0023,dev,10,1,1,
syn-e09_c10-dev-0024,dev,10,1,1,
syn-e09_c10-dev-0025,dev,10,1,1,
syn-e09_c10-dev-0026,dev,10,1,1,
syn-e09_c10-dev-0027,dev,10,1,1,
syn-e09_c10-dev-0028,dev,10,1,1,
syn-e09_c10-dev-0029,dev,10,1,1,
syn-e09_c10-dev-0030,dev,10,1,1,
syn-e09_c10-dev-0031,dev,10,1,1,
syn-e09_c10-dev-0032,dev,10,1,1,
syn-e09_c10-dev-0033,dev,10,1,1,
syn-e09_c10-dev-0034,dev,10,1,1,
syn-e09_c10-dev-0035,dev,10,1,1,
syn-e09_c10-dev-0036,dev,10,1,1,
syn-e09_c10-dev-0037,dev,10,1,1,
syn-e09_c10-dev-0038,dev,10,1,1,
syn-e09_c10-dev-0039,dev,10,1,1,
syn-e09_c10-dev-0040,dev,10,1,1,
syn-e09_c10-dev-0041,dev,10,1,1,
syn-e09_c10-dev-0042,dev,10,1,1,
syn-e09_c10-dev-0043,dev,10,1,1,
syn-e09_c10-dev-0044,dev,10,1,1,
syn-e09_c10-dev-0045,dev,10,1,1,
syn-e09_c10-dev-0046,dev,10,1,1,
syn-e09_c10-dev-0047,dev,10,1,1,
syn-e09_c10-dev-0048,dev,10,1,1,
syn-e09_c10-dev-0049,dev,10,1,1,
syn-e09_c10-dev-0050,dev,10,1,1,
syn-e09_c10-dev-0051,dev,10,1,1,
syn-e09_c10-dev-0052,dev,10,1,1,
syn-e09_c10-dev-0053,dev,10,1,1,
syn-e09_c10-dev-0054,dev,10,1,1,
syn-e09_c10-dev-0055,dev,10,1,1,
syn-e09_c10-dev-0056,dev,10,1,1,
syn-e09_c10-dev-0057,dev,10,1,1,
syn-e09_c10-dev-0058,dev,10,1,1,
syn-e09_c10-dev-0059,dev,10,1,1,
syn-e09_c10-dev-0060,dev,10,1,1,
syn-e09_c10-dev-0061,dev,10,1,1,
syn-e09_c10-dev-0062,dev,10,1,1,
syn-e09_c10-dev-0063,dev,10,1,1,
syn-e09_c10-dev-0064,dev,10,1,1,
syn-e09_c10-dev-0065,dev,10,1,1,
syn-e09_c10-dev-0066,dev,10,1,1,
syn-e09_c10-dev-0067,dev,10,1,1,
syn-e09_c10-dev-0068,dev,10,1,1,
syn-e09_c10-dev-0069,dev,10,1,1,
syn-e09_c10-dev-0070,dev,10,1,1,
syn-e09_c10-dev-0071,dev,10,1,1,
syn-e09_c10-dev-0072,dev,10,1,1,
syn-e09_c10-dev-0073,dev,10,1,1,
syn-e09_c10-dev-0074,dev,10,1,1,
syn-e09_c10-dev-0075,dev,10,1,1,
syn-e09_c10-dev-0076,dev,10,1,1,
syn-e09_c10-dev-0077,dev,10,1,1,
syn-e09_c10-dev-0078,dev,10,1,1,
syn-e09_c10-dev-0079,dev,10,1,1,
syn-e09_c10-dev-0080,dev,10,1,1,
syn-e09_c10-dev-0081,dev,10,1,1,
syn-e09_c10-dev-0082,dev,10,1,1,
syn-e09_c10-dev-0083,dev,10,1,1,
syn-e09_c10-dev-0084,dev,10,1,1,
syn-e09_c10-dev-0085,dev,10,1,1,
syn-e09_c10-dev-0086,dev,10,1,1,
syn-e09_c10-dev-0087,dev,10,1,1,
syn-e09_c10-dev-0088,dev,10,1,1,
syn-e09_c10-dev-0089,dev,10,1,1,
syn-e09_c10-dev-0090,dev,10,1,1,
syn-e09_c10-dev-0091,dev,10,1,1,
syn-e09_c10-dev-0092,dev,10,1,1,
syn-e09_c10-dev-0093,dev,10,1,1,
syn-e09_c10-dev-0094,dev,10,1,1,
syn-e09_c10-dev-0095,dev,10,1,1,
syn-e09_c10-dev-0096,dev,10,1,1,
syn-e09_c10-dev-0097,dev,10,1,1,
syn-e09_c10-dev-0098,dev,10,1,1,
syn-e09_c10-dev-0099,dev,10,1,1,
syn-e09_c10-dev-0100,dev,10,1,1,
syn-e09_c10-dev-0101,dev,10,1,1,
syn-e09_c10-dev-0102,dev,10,1,1,
syn-e09_c10-dev-0103,dev,10,1,1,
syn-e09_c10-dev-0104,dev,10,1,1,
syn-e09_c10-dev-0105,dev,10,1,1,
syn-e09_c10-dev-0106,dev,10,1,1,
syn-e09_c10-dev-0107,dev,10,1,1,
syn-e09_c10-dev-0108,dev,10,1,1,
syn-e09_c10-dev-0109,dev,10,1,1,
syn-e09_c10-dev-0110,dev,10,1,1,
syn-e09_c10-dev-0111,dev,10,1,1,
syn-e09_c10-dev-0112,dev,10,1,1,
syn-e09_c10-dev-0113,dev,10,1,1,
syn-e09_c10-dev-0114,dev,10,1,1,
syn-e09_c10-dev-0115,dev,10,1,1,
syn-e09_c10-dev-0116,dev,10,1,1,
syn-e09_c10-dev-0117,dev,10,1,1,
syn-e09_c10-dev-0118,dev,10,1,1,
syn-e09_c10-dev-0119,dev,10,1,1,
syn-e09_c10-dev-0120,dev,10,1,1,
syn-e09_c10-dev-0121,dev,10,1,1,
syn-e09_c10-dev-0122,dev,10,1,1,
syn-e09_c10-dev-0123,dev,10,1,1,
syn-e09_c10-dev-0124,dev,10,1,1,
syn-e09_c10-dev-0125,dev,10,1,1,
syn-e09_c10-dev-0126,dev,10,1,1,
syn-e09_c10-dev-0127,dev,10,1,1,
syn-e09_c10-dev-0128,dev,10,1,1,
syn-e09_c10-dev-0129,dev,10,1,1,
syn-e09_c10-dev-0130,dev,10,1,1,
syn-e09_c10-dev-0131,dev,10,1,1,
syn-e09_c10-dev-0132,dev,10,1,1,
syn-e09_c10-dev-0133,dev,10,1,1,
syn-e09_c10-dev-0134,dev,10,1,1,
syn-e09_c10-dev-0135,dev,10,1,1,
syn-e09_c10-dev-0136,dev,10,1,1,
syn-e09_c10-dev-0137,dev,10,1,1,
syn-e09_c10-dev-0138,dev,10,1,1,
syn-e09_c10-dev-0139,dev,10,1,1,
syn-e09_c10-dev-0140,dev,10,1,1,
syn-e09_c10-dev-0141,dev,10,1,1,
syn-e09_c10-dev-0142,dev,10,1,1,
syn-e09_c10-dev-0143,dev,10,1,1,
syn-e09_c10-dev-0144,dev,10,1,1,
syn-e09_c10-dev-0145,dev,10,1,1,
syn-e09_c10-dev-0146,dev,10,1,1,
syn-e09_c10-dev-0147,dev,10,1,1,
syn-e09_c10-dev-0148,dev,10,1,1,
syn-e09_c10-dev-0149,dev,10,1,1,
syn-e09_c10-dev-0150,dev,10,1,1,
syn-e09_c10-dev-0151,dev,10,1,1,
syn-e09_c10-dev-0152,dev,10,1,1,
syn-e09_c10-dev-0153,dev,10,1,1,
syn-e09_c10-dev-0154,dev,10,1,1,
syn-e09_c10-dev-0155,dev,10,1,1,
syn-e09_c10-dev-0156,dev,10,1,1,
syn-e09_c10-dev-0157,dev,10,1,1,
syn-e09_c10-dev-0158,dev,10,1,1,
syn-e09_c10-dev-0159,dev,10,1,1,
syn-e09_c10-dev-0160,dev,10,1,1,
syn-e09_c10-dev-0161,dev,10,1,1,
syn-e09_c10-dev-0162,dev,10,1,1,
syn-e09_c10-dev-0163,dev,10,1,1,
syn-e09_c10-dev-0164,dev,10,1,1,
syn-e09_c10-dev-0165,dev,10,1,1,
syn-e09_c10-dev-0166,dev,10,1,1,
syn-e09_c10-dev-0167,dev,10,1,1,
syn-e09_c10-dev-0168,dev,10,1,1,
syn-e09_c10-dev-0169,dev,10,1,1,
syn-e09_c10-dev-0170,dev,10,1,1,
syn-e09_c10-dev-0171,dev,10,1,1,
syn-e09_c10-dev-0172,dev,10,1,1,
syn-e09_c10-dev-0173,dev,10,1,1,
syn-e09_c10-dev-0174,dev,10,1,1,
syn-e09_c10-dev-0175,dev,10,1,1,
syn-e09_c10-dev-0176,dev,10,1,1,
syn-e09_c10-dev-0177,dev,10,1,1,
syn-e09_c10-dev-0178,dev,10,1,1,
syn-e09_c10-dev-0179,dev,10,1,1,
syn-e09_c10-dev-0180,dev,10,1,1,
syn-e09_c10-dev-0181,dev,10,1,1,
syn-e09_c10-dev-0182,dev,10,1,1,
syn-e09_c10-dev-0183,dev,10,1,1,
syn-e09_c10-dev-0184,dev,10,1,1,
syn-e09_c10-dev-0185,dev,10,1,1,
syn-e09_c10-dev-0186,dev,10,1,1,
syn-e09_c10-dev-0187,dev,10,1,1,
syn-e09_c10-dev-0188,dev,10,1,1,
syn-e09_c10-dev-0189,dev,10,1,1,
syn-e09_c10-dev-0190,dev,10,1,1,
syn-e09_c10-dev-0191,dev,10,1,1,
syn-e09_c10-dev-0192,dev,10,1,1,
syn-e09_c10-dev-0193,dev,10,1,1,
syn-e09_c10-dev-0194,dev,10,1,1,
syn-e09_c10-dev-0195,dev,10,1,1,
syn-e09_c10-dev-0196,dev,10,1,1,
syn-e09_c10-dev-0197,dev,10,1,1,
syn-e09_c10-dev-0198,dev,10,1,1,
syn-e09_c10-dev-0199,dev,10,1,1,
syn-e09_c10-dev-0200,dev,10,1,1,
syn-e09_c10-dev-0201,dev,10,1,1,
syn-e09_c10-dev-0202,dev,10,1,1,
syn-e09_c10-dev-0203,dev,10,1,1,
syn-e09_c10-dev-0204,dev,10,1,1,
syn-e09_c10-dev-0205,dev,10,1,1,
syn-e09_c10-dev-0206,dev,10,1,1,
syn-e09_c10-dev-0207,dev,10,1,1,
syn-e09_c10-dev-0208,dev,10,1,1,
syn-e09_c10-dev-0209,dev,10,1,1,
syn-e09_c10-dev-0210,dev,10,1,1,
syn-e09_c10-dev-0211,dev,10,1,1,
syn-e09_c10-dev-0212,dev,10,1,1,
syn-e09_c10-dev-0213,dev,10,1,1,
syn-e09_c10-dev-0214,dev,10,1,1,
syn-e09_c10-dev-0215,dev,10,1,1,
syn-e09_c10-dev-0216,dev,10,1,1,
syn-e09_c10-dev-0217,dev,10,1,1,
syn-e09_c10-dev-0218,dev,10,1,1,
syn-e09_c10-dev-0219,dev,10,1,1,
syn-e09_c10-dev-0220,dev,10,1,1,
syn-e09_c10-dev-0221,dev,10,1,1,
syn-e09_c10-dev-0222,dev,10,1,1,
syn-e09_c10-dev-0223,dev,10,1,1,
syn-e09_c10-dev-0224,dev,10,1,1,
syn-e09_c10-dev-0225,dev,10,1,1,
syn-e09_c10-dev-0226,dev,10,1,1,
syn-e09_c10-dev-0227,dev,10,1,1,
syn-e09_c10-dev-0228,dev,10,1,1,
syn-e09_c10-dev-0229,dev,10,1,1,
syn-e09_c10-dev-0230,dev,10,1,1,
syn-e09_c10-dev-0231,dev,10,1,1,
syn-e09_c10-dev-0232,dev,10,1,1,
syn-e09_c10-dev-0233,dev,10,1,1,
syn-e09_c10-dev-0234,dev,10,1,1,
syn-e09_c10-dev-0235,dev,10,1,1,
syn-e09_c10-dev-0236,dev,10,1,1,
syn-e09_c10-dev-0237,dev,10,1,1,
syn-e09_c10-dev-0238,dev,10,1,1,
syn-e09_c10-dev-0239,dev,10,1,1,
syn-e09_c10-dev-0240,dev,10,1,1,
syn-e09_c10-dev-0241,dev,10,1,1,
syn-e09_c10-dev-0242,dev,10,1,1,
syn-e09_c10-dev-0243,dev,10,1,1,
syn-e09_c10-dev-0244,dev,10,1,1,
syn-e09_c10-dev-0245,dev,10,1,1,
syn-e09_c10-dev-0246,dev,10,1,1,
syn-e09_c10-dev-0247,dev,10,1,1,
syn-e09_c10-dev-0248,dev,10,1,1,
syn-e09_c10-dev-0249,dev,10,1,1,
syn-e09_c10-dev-0250,dev,10,1,1,
syn-e09_c10-dev-0251,dev,10,1,1,
syn-e09_c10-dev-0252,dev,10,1,1,
syn-e09_c10-dev-0253,dev,10,1,1,
syn-e09_c10-dev-0254,dev,10,1,1,
syn-e09_c10-dev-0255,dev,10,1,1,
syn-e09_c10-dev-0256,dev,10,1,1,
syn-e09_c10-dev-0257,dev,10,1,1,
syn-e09_c10-dev-0258,dev,10,1,1,
syn-e09_c10-dev-0259,dev,10,1,1,
syn-e09_c10-dev-0260,dev,10,1,1,
syn-e09_c10-dev-0261,dev,10,1,1,
syn-e09_c10-dev-0262,dev,10,1,1,
syn-e09_c10-dev-0263,dev,10,1,1,
syn-e09_c10-dev-0264,dev,10,1,1,
syn-e09_c10-dev-0265,dev,10,1,1,
syn-e09_c10-dev-0266,dev,10,1,1,
syn-e09_c10-dev-0267,dev,10,1,1,
syn-e09_c10-dev-0268,dev,10,1,1,
syn-e09_c10-dev-0269,dev,10,1,1,
syn-e09_c10-dev-0270,dev,10,1,1,
syn-e09_c10-dev-0271,dev,10,1,1,
syn-e09_c10-dev-0272,dev,10,1,1,
syn-e09_c10-dev-0273,dev,10,1,1,
syn-e09_c10-dev-0274,dev,10,1,1,
syn-e09_c10-dev-0275,dev,10,1,1,
syn-e09_c10-dev-0276,dev,10,1,1,
syn-e09_c10-dev-0277,dev,10,1,1,
syn-e09_c10-dev-0278,dev,10,1,1,
syn-e09_c10-dev-0279,dev,10,1,1,
syn-e09_c10-dev-0280,dev,10,1,1,
syn-e09_c10-dev-0281,dev,10,1,1,
syn-e09_c10-dev-0282,dev,10,1,1,
syn-e09_c10-dev-0283,dev,10,1,1,
syn-e09_c10-dev-0284,dev,10,1,1,
syn-e09_c10-dev-0285,dev,10,1,1,
syn-e09_c10-dev-0286,dev,10,1,1,
syn-e09_c10-dev-0287,dev,10,1,1,
syn-e09_c10-dev-0288,dev,10,1,1,
syn-e09_c10-dev-0289,dev,10,1,1,
syn-e09_c10-dev-0290,dev,10,1,1,
syn-e09_c10-dev-0291,dev,10,1,1,
syn-e09_c10-dev-0292,dev,10,1,1,
syn-e09_c10-dev-0293,dev,10,1,1,
syn-e09_c10-dev-0294,dev,10,1,1,
syn-e09_c10-dev-0295,dev,10,1,1,
syn-e09_c10-dev-0296,dev,10,1,1,
syn-e09_c10-dev-0297,dev,10,1,1,
syn-e09_c10-dev-0298,dev,10,1,1,
syn-e09_c10-dev-0299,dev,10,1,1,
syn-e09_c10-dev-0300,dev,10,1,1,
syn-e09_c10-test-0001,test,10,1,1,
syn-e09_c10-test-0002,test,10,1,1,
syn-e09_c10-test-0003,test,10,1,1,
syn-e09_c10-test-0004,test,10,1,1,
syn-e09_c10-test-0005,test,10,1,1,
syn-e09_c10-test-0006,test,10,1,1,
syn-e09_c10-test-0007,test,10,1,1,
syn-e09_c10-test-0008,test,10,1,1,
syn-e09_c10-test-0009,test,10,1,1,
syn-e09_c10-test-0010,test,10,1,1,
syn-e09_c10-test-0011,test,10,1,1,
syn-e09_c10-test-0012,test,10,1,1,
syn-e09_c10-test-0013,test,10,1,1,
syn-e09_c10-test-0014,test,10,1,1,
syn-e09_c10-test-0015,test,10,1,1,
syn-e09_c10-test-0016,test,10,1,1,
syn-e09_c10-test-0017,test,10,1,1,
syn-e09_c10-test-0018,test,10,1,1,
syn-e09_c10-test-0019,test,10,1,1,
syn-e09_c10-test-0020,test,10,1,1,
syn-e09_c10-test-0021,test,10,1,1,
syn-e09_c10-test-0022,test,10,1,1,
syn-e09_c10-test-0023,test,10,1,1,
syn-e09_c10-test-0024,test,10,1,1,
syn-e09_c10-test-0025,test,10,1,1,
syn-e09_c10-test-0026,test,10,1,1,
syn-e09_c10-test-0027,test,10,1,1,
syn-e09_c10-test-0028,test,10,1,1,
syn-e09_c10-test-0029,test,10,1,1,
syn-e09_c10-test-0030,test,10,1,1,
syn-e09_c10-test-0031,test,10,1,1,
syn-e09_c10-test-0032,test,10,1,1,
syn-e09_c10-test-0033,test,10,1,1,
syn-e09_c10-test-0034,test,10,1,1,
syn-e09_c10-test-0035,test,10,1,1,
syn-e09_c10-test-0036,test,10,1,1,
syn-e09_c10-test-0037,test,10,1,1,
syn-e09_c10-test-0038,test,10,1,1,
syn-e09_c10-test-0039,test,10,1,1,
syn-e09_c10-test-0040,test,10,1,1,
syn-e09_c10-test-0041,test,10,1,1,
syn-e09_c10-test-0042,test,10,1,1,
syn-e09_c10-test-0043,test,10,1,1,
syn-e09_c10-test-0044,test,10,1,1,
syn-e09_c10-test-0045,test,10,1,1,
syn-e09_c10-test-0046,test,10,1,1,
syn-e09_c10-test-0047,test,10,1,1,
syn-e09_c10-test-0048,test,10,1,1,
syn-e09_c10-test-0049,test,10,1,1,
syn-e09_c10-test-0050,test,10,1,1,
syn-e09_c10-test-0051,test,10,1,1,
syn-e09_c10-test-0052,test,10,1,1,
syn-e09_c10-test-0053,test,10,1,1,
syn-e09_c10-test-0054,test,10,1,1,
syn-e09_c10-test-0055,test,10,1,1,
syn-e09_c10-test-0056,test,10,1,1,
syn-e09_c10-test-0057,test,10,1,1,
syn-e09_c10-test-0058,test,10,1,1,
syn-e09_c10-test-0059,test,10,1,1,
syn-e09_c10-test-0060,test,10,1,1,
syn-e09_c10-test-0061,test,10,1,1,
syn-e09_c10-test-0062,test,10,1,1,
syn-e09_c10-test-0063,test,10,1,1,
syn-e09_c10-test-0064,test,10,1,1,
syn-e09_c10-test-0065,test,10,1,1,
syn-e09_c10-test-0066,test,10,1,1,
syn-e09_c10-test-0067,test,10,1,1,
syn-e09_c10-test-0068,test,10,1,1,
syn-e09_c10-test-0069,test,10,1,1,
syn-e09_c10-test-0070,test,10,1,1,
syn-e09_c10-test-0071,test,10,1,1,
syn-e09_c10-test-0072,test,10,1,1,
syn-e09_c10-test-0073,test,10,1,1,
syn-e09_c10-test-0074,test,10,1,1,
syn-e09_c10-test-0075,test,10,1,1,
syn-e09_c10-test-0076,test,10,1,1,
syn-e09_c10-test-0077,test,10,1,1,
syn-e09_c10-test-0078,test,10,1,1,
syn-e09_c10-test-0079,test,10,1,1,
syn-e09_c10-test-0080,test,10,1,1,
syn-e09_c10-test-0081,test,10,1,1,
syn-e09_c10-test-0082,test,10,1,1,
syn-e09_c10-test-0083,test,10,1,1,
syn-e09_c10-test-0084,test,10,1,1,
syn-e09_c10-test-0085,test,10,1,1,
syn-e09_c10-test-0086,test,10,1,1,
syn-e09_c10-test-0087,test,10,1,1,
syn-e09_c10-test-0088,test,10,1,1,
syn-e09_c10-test-0089,test,10,1,1,
syn-e09_c10-test-0090,test,10,1,1,
syn-e09_c10-test-0091,test,10,1,1,
syn-e09_c10-test-0092,test,10,1,1,
syn-e09_c10-test-0093,test,10,1,1,
syn-e09_c10-test-0094,test,10,1,1,
syn-e09_c10-test-0095,test,10,1,1,
syn-e09_c10-test-0096,test,10,1,1,
syn-e09_c10-test-0097,test,10,1,1,
syn-e09_c10-test-0098,test,10,1,1,
syn-e09_c10-test-0099,test,10,1,1,
syn-e09_c10-test-0100,test,10,1,1,
syn-e09_c10-test-0101,test,10,1,1,
syn-e09_c10-test-0102,test,10,1,1,
syn-e09_c10-test-0103,test,10,1,1,
syn-e09_c10-test-0104,test,10,1,1,
syn-e09_c10-test-0105,test,10,1,1,
syn-e09_c10-test-0106,test,10,1,1,
syn-e09_c10-test-0107,test,10,1,1,
syn-e09_c10-test-0108,test,10,1,1,
syn-e09_c10-test-0109,test,10,1,1,
syn-e09_c10-test-0110,test,10,1,1,
syn-e09_c10-test-0111,test,10,1,1,
syn-e09_c10-test-0112,test,10,1,1,
syn-e09_c10-test-0113,test,10,1,1,
syn-e09_c10-test-0114,test,10,1,1,
syn-e09_c10-test-0115,test,10,1,1,
syn-e09_c10-test-0116,test,10,1,1,
syn-e09_c10-test-0117,test,10,1,1,
syn-e09_c10-test-0118,test,10,1,1,
syn-e09_c10-test-0119,test,10,1,1,
syn-e09_c10-test-0120,test,10,1,1,
syn-e09_c10-test-0121,test,10,1,1,
syn-e09_c10-test-0122,test,10,1,1,
syn-e09_c10-test-0123,test,10,1,1,
syn-e09_c10-test-0124,test,10,1,1,
syn-e09_c10-test-0125,test,10,1,1,
syn-e09_c10-test-0126,test,10,1,1,
syn-e09_c10-test-0127,test,10,1,1,
syn-e09_c10-test-0128,test,10,1,1,
syn-e09_c10-test-0129,test,10,1,1,
syn-e09_c10-test-0130,test,10,1,1,
syn-e09_c10-test-0131,test,10,1,1,
syn-e09_c10-test-0132,test,10,1,1,
syn-e09_c10-test-0133,test,10,1,1,
syn-e09_c10-test-0134,test,10,1,1,
syn-e09_c10-test-0135,test,10,1,1,
syn-e09_c10-test-0136,test,10,1,1,
syn-e09_c10-test-0137,test,10,1,1,
syn-e09_c10-test-0138,test,10,1,1,
syn-e09_c10-test-0139,test,10,1,1,
syn-e09_c10-test-0140,test,10,1,1,
syn-e09_c10-test-0141,test,10,1,1,
syn-e09_c10-test-0142,test,10,1,1,
syn-e09_c10-test-0143,test,10,1,1,
syn-e09_c10-test-0144,test,10,1,1,
syn-e09_c10-test-0145,test,10,1,1,
syn-e09_c10-test-0146,test,10,1,1,
syn-e09_c10-test-0147,test,10,1,1,
syn-e09_c10-test-0148,test,10,1,1,
syn-e09_c10-test-0149,test,10,1,1,
syn-e09_c10-test-0150,test,10,1,1,
syn-e09_c10-test-0151,test,10,1,1,
syn-e09_c10-test-0152,test,10,1,1,
syn-e09_c10-test-0153,test,10,1,1,
syn-e09_c10-test-0154,test,10,1,1,
syn-e09_c10-test-0155,test,10,1,1,
syn-e09_c10-test-0156,test,10,1,1,
syn-e09_c10-test-0157,test,10,1,1,
syn-e09_c10-test-0158,test,10,1,1,
syn-e09_c10-test-0159,test,10,1,1,
syn-e09_c10-test-0160,test,10,1,1,
syn-e09_c10-test-0161,test,10,1,1,
syn-e09_c10-test-0162,test,10,1,1,
syn-e09_c10-test-0163,test,10,1,1,
syn-e09_c10-test-0164,test,10,1,1,
syn-e09_c10-test-0165,test,10,1,1,
syn-e09_c10-test-0166,test,10,1,1,
syn-e09_c10-test-0167,test,10,1,1,
syn-e09_c10-test-0168,test,10,1,1,
syn-e09_c10-test-0169,test,10,1,1,
syn-e09_c10-test-0170,test,10,1,1,
syn-e09_c10-test-0171,test,10,1,1,
syn-e09_c10-test-0172,test,10,1,1,
syn-e09_c10-test-0173,test,10,1,1,
syn-e09_c10-test-0174,test,10,1,1,
syn-e09_c10-test-0175,test,10,1,1,
syn-e09_c10-test-0176,test,10,1,1,
syn-e09_c10-test-0177,test,10,1,1,
syn-e09_c10-test-0178,test,10,1,1,
syn-e09_c10-test-0179,test,10,1,1,
syn-e09_c10-test-0180,test,10,1,1,
syn-e09_c10-test-0181,test,10,1,1,
syn-e09_c10-test-0182,test,10,1,1,
syn-e09_c10-test-0183,test,10,1,1,
syn-e09_c10-test-0184,test,10,1,1,
syn-e09_c10-test-0185,test,10,1,1,
syn-e09_c10-test-0186,test,10,1,1,
syn-e09_c10-test-0187,test,10,1,1,
syn-e09_c10-test-0188,test,10,1,1,
syn-e09_c10-test-0189,test,10,1,1,
syn-e09_c10-test-0190,test,10,1,1,
syn-e09_c10-test-0191,test,10,1,1,
syn-e09_c10-test-0192,test,10,1,1,
syn-e09_c10-test-0193,test,10,1,1,
syn-e09_c10-test-0194,test,10,1,1,
syn-e09_c10-test-0195,test,10,1,1,
syn-e09_c10-test-0196,test,10,1,1,
syn-e09_c10-test-0197,test,10,1,1,
syn-e09_c10-test-0198,test,10,1,1,
syn-e09_c10-test-0199,test,10,1,1,
syn-e09_c10-test-0200,test,10,1,1,
syn-e09_c10-test-0201,test,10,1,1,
syn-e09_c10-test-0202,test,10,1,1,
syn-e09_c10-test-0203,test,10,1,1,
syn-e09_c10-test-0204,test,10,1,1,
syn-e09_c10-test-0205,test,10,1,1,
syn-e09_c10-test-0206,test,10,1,1,
syn-e09_c10-test-0207,test,10,1,1,
syn-e09_c10-test-0208,test,10,1,1,
syn-e09_c10-test-0209,test,10,1,1,
syn-e09_c10-test-0210,test,10,1,1,
syn-e09_c10-test-0211,test,10,1,1,
syn-e09_c10-test-0212,test,10,1,1,
syn-e09_c10-test-0213,test,10,1,1,
syn-e09_c10-test-0214,test,10,1,1,
syn-e09_c10-test-0215,test,10,1,1,
syn-e09_c10-test-0216,test,10,1,1,
syn-e09_c10-test-0217,test,10,1,1,
syn-e09_c10-test-0218,test,10,1,1,
syn-e09_c10-test-0219,test,10,1,1,
syn-e09_c10-test-0220,test,10,1,1,
syn-e09_c10-test-0221,test,10,1,1,
syn-e09_c10-test-0222,test,10,1,1,
syn-e09_c10-test-0223,test,10,1,1,
syn-e09_c10-test-0224,test,10,1,1,
syn-e09_c10-test-0225,test,10,1,1,
syn-e09_c10-test-0226,test,10,1,1,
syn-e09_c10-test-0227,test,10,1,1,
syn-e09_c10-test-0228,test,10,1,1,
syn-e09_c10-test-0229,test,10,1,1,
syn-e09_c10-test-0230,test,10,1,1,
syn-e09_c10-test-0231,test,10,1,1,
syn-e09_c10-test-0232,test,10,1,1,
syn-e09_c10-test-0233,test,10,1,1,
syn-e09_c10-test-0234,test,10,1,1,
syn-e09_c10-test-0235,test,10,1,1,
syn-e09_c10-test-0236,test,10,1,1,
syn-e09_c10-test-0237,test,10,1,1,
syn-e09_c10-test-0238,test,10,1,1,
syn-e09_c10-test-0239,test,10,1,1,
syn-e09_c10-test-0240,test,10,1,1,
syn-e09_c10-test-0241,test,10,1,1,
syn-e09_c10-test-0242,test,10,1,1,
syn-e09_c10-test-0243,test,10,1,1,
syn-e09_c10-test-0244,test,10,1,1,
syn-e09_c10-test-0245,test,10,1,1,
syn-e09_c10-test-0246,test,10,1,1,
syn-e09_c10-test-0247,test,10,1,1,
syn-e09_c10-test-0248,test,10,1,1,
syn-e09_c10-test-0249,test,10,1,1,
syn-e09_c10-test-0250,test,10,1,1,
syn-e09_c10-test-0251,test,10,1,1,
syn-e09_c10-test-0252,test,10,1,1,
syn-e09_c10-test-0253,test,10,1,1,
syn-e09_c10-test-0254,test,10,1,1,
syn-e09_c10-test-0255,test,10,1,1,
syn-e09_c10-test-0256,test,10,1,1,
syn-e09_c10-test-0257,test,10,1,1,
syn-e09_c10-test-0258,test,10,1,1,
syn-e09_c10-test-0259,test,10,1,1,
syn-e09_c10-test-0260,test,10,1,1,
syn-e09_c10-test-0261,test,10,1,1,
syn-e09_c10-test-0262,test,10,1,1,
syn-e09_c10-test-0263,test,10,1,1,
syn-e09_c10-test-0264,test,10,1,1,
syn-e09_c10-test-0265,test,10,1,1,
syn-e09_c10-test-0266,test,10,1,1,
syn-e09_c10-test-0267,test,10,1,1,
syn-e09_c10-test-0268,test,10,1,1,
syn-e09_c10-test-0269,test,10,1,1,
syn-e09_c10-test-0270,test,10,1,1,
syn-e09_c10-test-0271,test,10,1,1,
syn-e09_c10-test-0272,test,10,1,1,
syn-e09_c10-test-0273,test,10,1,1,
syn-e09_c10-test-0274,test,10,1,1,
syn-e09_c10-test-0275,test,10,1,1,
syn-e09_c10-test-0276,test,10,1,1,
syn-e09_c10-test-0277,test,10,1,1,
syn-e09_c10-test-0278,test,10,1,1,
syn-e09_c10-test-0279,test,10,1,1,
syn-e09_c10-test-0280,test,10,1,1,
syn-e09_c10-test-0281,test,10,1,1,
syn-e09_c10-test-0282,test,10,1,1,
syn-e09_c10-test-0283,test,10,1,1,
syn-e09_c10-test-0284,test,10,1,1,
syn-e09_c10-test-0285,test,10,1,1,
syn-e09_c10-test-0286,test,10,1,1,
syn-e09_c10-test-0287,test,10,1,1,
syn-e09_c10-test-0288,test,10,1,1,
syn-e09_c10-test-0289,test,10,1,1,
syn-e09_c10-test-0290,test,10,1,1,
syn-e09_c10-test-0291,test,10,1,1,
syn-e09_c10-test-0292,test,10,1,1,
syn-e09_c10-test-0293,test,10,1,1,
syn-e09_c10-test-0294,test,10,1,1,
syn-e09_c10-test-0295,test,10,1,1,
syn-e09_c10-test-0296,test,10,1,1,
syn-e09_c10-test-0297,test,10,1,1,
syn-e09_c10-test-0298,test,10,1,1,
syn-e09_c10-test-0299,test,10,1,1,
syn-e09_c10-test-0300,test,10,1,1,
syn-e09_c10-test-0301,test,10,1,1,
syn-e09_c10-test-0302,test,10,1,1,
syn-e09_c10-test-0303,test,10,1,1,
syn-e09_c10-test-0304,test,10,1,1,
syn-e09_c10-test-0305,test,10,1,1,
syn-e09_c10-test-0306,test,10,1,1,
syn-e09_c10-test-0307,test,10,1,1,
syn-e09_c10-test-0308,test,10,1,1,
syn-e09_c10-test-0309,test,10,1,1,
syn-e09_c10-test-0310,test,10,1,1,
syn-e09_c10-test-0311,test,10,1,1,
syn-e09_c10-test-0312,test,10,1,1,
syn-e09_c10-test-0313,test,10,1,1,
syn-e09_c10-test-0314,test,10,1,1,
syn-e09_c10-test-0315,test,10,1,1,
syn-e09_c10-test-0316,test,10,1,1,
syn-e09_c10-test-0317,test,10,1,1,
syn-e09_c10-test-0318,test,10,1,1,
syn-e09_c10-test-0319,test,10,1,1,
syn-e09_c10-test-0320,test,10,1,1,
syn-e09_c10-test-0321,test,10,1,1,
syn-e09_c10-test-0322,test,10,1,1,
syn-e09_c10-test-0323,test,10,1,1,
syn-e09_c10-test-0324,test,10,1,1,
syn-e09_c10-test-0325,test,10,1,1,
syn-e09_c10-test-0326,test,10,1,1,
syn-e09_c10-test-0327,test,10,1,1,
syn-e09_c10-test-0328,test,10,1,1,
syn-e09_c10-test-0329,test,10,1,1,
syn-e09_c10-test-0330,test,10,1,1,
syn-e09_c10-test-0331,test,10,1,1,
syn-e09_c10-test-0332,test,10,1,1,
syn-e09_c10-test-0333,test,10,1,1,
syn-e09_c10-test-0334,test,10,1,1,
syn-e09_c10-test-0335,test,10,1,1,
syn-e09_c10-test-0336,test,10,1,1,
syn-e09_c10-test-0337,test,10,1,1,
syn-e09_c10-test-0338,test,10,1,1,
syn-e09_c10-test-0339,test,10,1,1,
syn-e09_c10-test-0340,test,10,1,1,
syn-e09_c10-test-0341,test,10,1,1,
syn-e09_c10-test-0342,test,10,1,1,
syn-e09_c10-test-0343,test,10,1,1,
syn-e09_c10-test-0344,test,10,1,1,
syn-e09_c10-test-0345,test,10,1,1,
syn-e09_c10-test-0346,test,10,1,1,
syn-e09_c10-test-0347,test,10,1,1,
syn-e09_c10-test-0348,test,10,1,1,
syn-e09_c10-test-0349,test,10,1,1,
syn-e09_c10-test-0350,test,10,1,1,
syn-e09_c10-test-0351,test,10,1,1,
syn-e09_c10-test-0352,test,10,1,1,
syn-e09_c10-test-0353,test,10,1,1,
syn-e09_c10-test-0354,test,10,1,1,
syn-e09_c10-test-0355,test,10,1,1,
syn-e09_c10-test-0356,test,10,1,1,
syn-e09_c10-test-0357,test,10,1,1,
syn-e09_c10-test-0358,test,10,1,1,
syn-e09_c10-test-0359,test,10,1,1,
syn-e09_c10-test-0360,test,10,1,1,
syn-e09_c10-test-0361,test,10,1,1,
syn-e09_c10-test-0362,test,10,1,1,
syn-e09_c10-test-0363,test,10,1,1,
syn-e09_c10-test-0364,test,10,1,1,
syn-e09_c10-test-0365,test,10,1,1,
syn-e09_c10-test-0366,test,10,1,1,
syn-e09_c10-test-0367,test,10,1,1,
syn-e09_c10-test-0368,test,10,1,1,
syn-e09_c10-test-0369,test,10,1,1,
syn-e09_c10-test-0370,test,10,1,1,
syn-e09_c10-test-0371,test,10,1,1,
syn-e09_c10-test-0372,test,10,1,1,
syn-e09_c10-test-0373,test,10,1,1,
syn-e09_c10-test-0374,test,10,1,1,
syn-e09_c10-test-0375,test,10,1,1,
syn-e09_c10-test-0376,test,10,1,1,
syn-e09_c10-test-0377,test,10,1,1,
syn-e09_c10-test-0378,test,10,1,1,
syn-e09_c10-test-0379,test,10,1,1,
syn-e09_c10-test-0380,test,10,1,1,
syn-e09_c10-test-0381,test,10,1,1,
syn-e09_c10-test-0382,test,10,1,1,
syn-e09_c10-test-0383,test,10,1,1,
syn-e09_c10-test-0384,test,10,1,1,
syn-e09_c10-test-0385,test,10,1,1,
syn-e09_c10-test-0386,test,10,1,1,
syn-e09_c10-test-0387,test,10,1,1,
syn-e09_c10-test-0388,test,10,1,1,
syn-e09_c10-test-0389,test,10,1,1,
syn-e09_c10-test-0390,test,10,1,1,
syn-e09_c10-test-0391,test,10,1,1,
syn-e09_c10-test-0392,test,10,1,1,
syn-e09_c10-test-0393,test,10,1,1,
syn-e09_c10-test-0394,test,10,1,1,
syn-e09_c10-test-0395,test,10,1,1,
syn-e09_c10-test-0396,test,10,1,1,
syn-e09_c10-test-0397,test,10,1,1,
syn-e09_c10-test-0398,test,10,1,1,
syn-e09_c10-test-0399,test,10,1,1,
syn-e09_c10-test-0400,test,10,1,1,
syn-e09_c10-test-0401,test,10,1,1,
syn-e09_c10-test-0402,test,10,1,1,
syn-e09_c10-test-0403,test,10,1,1,
syn-e09_c10-test-0404,test,10,1,1,
syn-e09_c10-test-0405,test,10,1,1,
syn-e09_c10-test-0406,test,10,1,1,
syn-e09_c10-test-0407,test,10,1,1,
syn-e09_c10-test-0408,test,10,1,1,
syn-e09_c10-test-0409,test,10,1,1,
syn-e09_c10-test-0410,test,10,1,1,
syn-e09_c10-test-0411,test,10,1,1,
syn-e09_c10-test-0412,test,10,1,1,
syn-e09_c10-test-0413,test,10,1,1,
syn-e09_c10-test-0414,test,10,1,1,
syn-e09_c10-test-0415,test,10,1,1,
syn-e09_c10-test-0416,test,10,1,1,
syn-e09_c10-test-0417,test,10,1,1,
syn-e09_c10-test-0418,test,10,1,1,
syn-e09_c10-test-0419,test,10,1,1,
syn-e09_c10-test-0420,test,10,1,1,
syn-e09_c10-test-0421,test,10,1,1,
syn-e09_c10-test-0422,test,10,1,1,
syn-e09_c10-test-0423,test,10,1,1,
syn-e09_c10-test-0424,test,10,1,1,
syn-e09_c10-test-0425,test,10,1,1,
syn-e09_c10-test-0426,test,10,1,1,
syn-e09_c10-test-0427,test,10,1,1,
syn-e09_c10-test-0428,test,10,1,1,
syn-e09_c10-test-0429,test,10,1,1,
syn-e09_c10-test-0430,test,10,1,1,
syn-e09_c10-test-0431,test,10,1,1,
syn-e09_c10-test-0432,test,10,1,1,
syn-e09_c10-test-0433,test,10,1,1,
syn-e09_c10-test-0434,test,10,1,1,
syn-e09_c10-test-0435,test,10,1,1,
syn-e09_c10-test-0436,test,10,1,1,
syn-e09_c10-test-0437,test,10,1,1,
syn-e09_c10-test-0438,test,10,1,1,
syn-e09_c10-test-0439,test,10,1,1,
syn-e09_c10-test-0440,test,10,1,1,
syn-e09_c10-test-0441,test,10,1,1,
syn-e09_c10-test-0442,test,10,1,1,
syn-e09_c10-test-0443,test,10,1,1,
syn-e09_c10-test-0444,test,10,1,1,
syn-e09_c10-test-0445,test,10,1,1,
syn-e09_c10-test-0446,test,10,1,1,
syn-e09_c10-test-0447,test,10,1,1,
syn-e09_c10-test-0448,test,10,1,1,
syn-e09_c10-test-0449,test,10,1,1,
syn-e09_c10-test-0450,test,10,1,1,
syn-e09_c10-test-0451,test,10,1,1,
syn-e09_c10-test-0452,test,10,1,1,
syn-e09_c10-test-0453,test,10,1,1,
syn-e09_c10-test-0454,test,10,1,1,
syn-e09_c10-test-0455,test,10,1,1,
syn-e09_c10-test-0456,test,10,1,1,
syn-e09_c10-test-0457,test,10,1,1,
syn-e09_c10-test-0458,test,10,1,1,
syn-e09_c10-test-0459,test,10,1,1,
syn-e09_c10-test-0460,test,10,1,1,
syn-e09_c10-test-0461,test,10,1,1,
syn-e09_c10-test-0462,test,10,1,1,
syn-e09_c10-test-0463,test,10,1,1,
syn-e09_c10-test-0464,test,10,1,1,
syn-e09_c10-test-0465,test,10,1,1,
syn-e09_c10-test-0466,test,10,1,1,
syn-e09_c10-test-0467,test,10,1,1,
syn-e09_c10-test-0468,test,10,1,1,
syn-e09_c10-test-0469,test,10,1,1,
syn-e09_c10-test-0470,test,10,1,1,
syn-e09_c10-test-0471,test,10,1,1,
syn-e09_c10-test-0472,test,10,1,1,
syn-e09_c10-test-0473,test,10,1,1,
syn-e09_c10-test-0474,test,10,1,1,
syn-e09_c10-test-0475,test,10,1,1,
syn-e09_c10-test-0476,test,10,1,1,
syn-e09_c10-test-0477,test,10,1,1,
syn-e09_c10-test-0478,test,10,1,1,
syn-e09_c10-test-0479,test,10,1,1,
syn-e09_c10-test-0480,test,10,1,1,
syn-e09_c10-test-0481,test,10,1,1,
syn-e09_c10-test-0482,test,10,1,1,
syn-e09_c10-test-0483,test,10,1,1,
syn-e09_c10-test-0484,test,10,1,1,
syn-e09_c10-test-0485,test,10,1,1,
syn-e09_c10-test-0486,test,10,1,1,
syn-e09_c10-test-0487,test,10,1,1,
syn-e09_c10-test-0488,test,10,1,1,
syn-e09_c10-test-0489,test,10,1,1,
syn-e09_c10-test-0490,test,10,1,1,
syn-e09_c10-test-0491,test,10,1,1,
syn-e09_c10-test-0492,test,10,1,1,
syn-e09_c10-test-0493,test,10,1,1,
syn-e09_c10-test-0494,test,10,1,1,
syn-e09_c10-test-0495,test,10,1,1,
syn-e09_c10-test-0496,test,10,1,1,
syn-e09_c10-test-0497,test,10,1,1,
syn-e09_c10-test-0498,test,10,1,1,
syn-e09_c10-test-0499,test,10,1,1,
syn-e09_c10-test-0500,test,10,1,1,
syn-e09_c10-test-0501,test,10,1,1,
syn-e09_c10-test-0502,test,10,1,1,
syn-e09_c10-test-0503,test,10,1,1,
syn-e09_c10-test-0504,test,10,1,1,
syn-e09_c10-test-0505,test,10,1,1,
syn-e09_c10-test-0506,test,10,1,1,
syn-e09_c10-test-0507,test,10,1,1,
syn-e09_c10-test-0508,test,10,1,1,
syn-e09_c10-test-0509,test,10,1,1,
syn-e09_c10-test-0510,test,10,1,1,
syn-e09_c10-test-0511,test,10,1,1,
syn-e09_c10-test-0512,test,10,1,1,
syn-e09_c10-test-0513,test,10,1,1,
syn-e09_c10-test-0514,test,10,1,1,
syn-e09_c10-test-0515,test,10,1,1,
syn-e09_c10-test-0516,test,10,1,1,
syn-e09_c10-test-0517,test,10,1,1,
syn-e09_c10-test-0518,test,10,1,1,
syn-e09_c10-test-0519,test,10,1,1,
syn-e09_c10-test-0520,test,10,1,1,
syn-e09_c10-test-0521,test,10,1,1,
syn-e09_c10-test-0522,test,10,1,1,
syn-e09_c10-test-0523,test,10,1,1,
syn-e09_c10-test-0524,test,10,1,1,
syn-e09_c10-test-0525,test,10,1,1,
syn-e09_c10-test-0526,test,10,1,1,
syn-e09_c10-test-0527,test,10,1,1,
syn-e09_c10-test-0528,test,10,1,1,
syn-e09_c10-test-0529,test,10,1,1,
syn-e09_c10-test-0530,test,10,1,1,
syn-e09_c10-test-0531,test,10,1,1,
syn-e09_c10-test-0532,test,10,1,1,
syn-e09_c10-test-0533,test,10,1,1,
syn-e09_c10-test-0534,test,10,1,1,
syn-e09_c10-test-0535,test,10,1,1,
syn-e09_c10-test-0536,test,10,1,1,
syn-e09_c10-test-0537,test,10,1,1,
syn-e09_c10-test-0538,test,10,1,1,
syn-e09_c10-test-0539,test,10,1,1,
syn-e09_c10-test-0540,test,10,1,1,
syn-e09_c10-test-0541,test,10,1,1,
syn-e09_c10-test-0542,test,10,1,1,
syn-e09_c10-test-0543,test,10,1,1,
syn-e09_c10-test-0544,test,10,1,1,
syn-e09_c10-test-0545,test,10,1,1,
syn-e09_c10-test-0546,test,10,1,1,
syn-e09_c10-test-0547,test,10,1,1,
syn-e09_c10-test-0548,test,10,1,1,
syn-e09_c10-test-0549,test,10,1,1,
syn-e09_c10-test-0550,test,10,1,1,
syn-e09_c10-test-0551,test,10,1,1,
syn-e09_c10-test-0552,test,10,1,1,
syn-e09_c10-test-0553,test,10,1,1,
syn-e09_c10-test-0554,test,10,1,1,
syn-e09_c10-test-0555,test,10,1,1,
syn-e09_c10-test-0556,test,10,1,1,
syn-e09_c10-test-0557,test,10,1,1,
syn-e09_c10-test-0558,test,10,1,1,
syn-e09_c10-test-0559,test,10,1,1,
syn-e09_c10-test-0560,test,10,1,1,
syn-e09_c10-test-0561,test,10,1,1,
syn-e09_c10-test-0562,test,10,1,1,
syn-e09_c10-test-0563,test,10,1,1,
syn-e09_c10-test-0564,test,10,1,1,
syn-e09_c10-test-0565,test,10,1,1,
syn-e09_c10-test-0566,test,10,1,1,
syn-e09_c10-test-0567,test,10,1,1,
syn-e09_c10-test-0568,test,10,1,1,
syn-e09_c10-test-0569,test,10,1,1,
syn-e09_c10-test-0570,test,10,1,1,
syn-e09_c10-test-0571,test,10,1,1,
syn-e09_c10-test-0572,test,10,1,1,
syn-e09_c10-test-0573,test,10,1,1,
syn-e09_c10-test-0574,test,10,1,1,
syn-e09_c10-test-0575,test,10,1,1,
syn-e09_c10-test-0576,test,10,1,1,
syn-e09_c10-test-0577,test,10,1,1,
syn-e09_c10-test-0578,test,10,1,1,
syn-e09_c10-test-0579,test,10,1,1,
syn-e09_c10-test-0580,test,10,1,1,
syn-e09_c10-test-0581,test,10,1,1,
syn-e09_c10-test-0582,test,10,1,1,
syn-e09_c10-test-0583,test,10,1,1,
syn-e09_c10-test-0584,test,10,1,1,
syn-e09_c10-test-0585,test,10,1,1,
syn-e09_c10-test-0586,test,10,1,1,
syn-e09_c10-test-0587,test,10,1,1,
syn-e09_c10-test-0588,test,10,1,1,
syn-e09_c10-test-0589,test,10,1,1,
syn-e09_c10-test-0590,test,10,1,1,
syn-e09_c10-test-0591,test,10,1,1,
syn-e09_c10-test-0592,test,10,1,1,
syn-e09_c10-test-0593,test,10,1,1,
syn-e09_c10-test-0594,test,10,1,1,
syn-e09_c10-test-0595,test,10,1,1,
syn-e09_c10-test-0596,test,10,1,1,
syn-e09_c10-test-0597,test,10,1,1,
syn-e09_c10-test-0598,test,10,1,1,
syn-e09_c10-test-0599,test,10,1,1,
syn-e09_c10-test-0600,test,10,1,1,
syn-e09_c10-test-0601,test,10,1,1,
syn-e09_c10-test-0602,test,10,1,1,
syn-e09_c10-test-0603,test,10,1,1,
syn-e09_c10-test-0604,test,10,1,1,
syn-e09_c10-test-0605,test,10,1,1,
syn-e09_c10-test-0606,test,10,1,1,
syn-e09_c10-test-0607,test,10,1,1,
syn-e09_c10-test-0608,test,10,1,1,
syn-e09_c10-test-0609,test,10,1,1,
syn-e09_c10-test-0610,test,10,1,1,
syn-e09_c10-test-0611,test,10,1,1,
syn-e09_c10-test-0612,test,10,1,1,
syn-e09_c10-test-0613,test,10,1,1,
syn-e09_c10-test-0614,test,10,1,1,
syn-e09_c10-test-0615,test,10,1,1,
syn-e09_c10-test-0616,test,10,1,1,
syn-e09_c10-test-0617,test,10,1,1,
syn-e09_c10-test-0618,test,10,1,1,
syn-e09_c10-test-0619,test,10,1,1,
syn-e09_c10-test-0620,test,10,1,1,
syn-e09_c10-test-0621,test,10,1,1,
syn-e09_c10-test-0622,test,10,1,1,
syn-e09_c10-test-0623,test,10,1,1,
syn-e09_c10-test-0624,test,10,1,1,
syn-e09_c10-test-0625,test,10,1,1,
syn-e09_c10-test-0626,test,10,1,1,
syn-e09_c10-test-0627,test,10,1,1,
syn-e09_c10-test-0628,test,10,1,1,
syn-e09_c10-test-0629,test,10,1,1,
syn-e09_c10-test-0630,test,10,1,1,
syn-e09_c10-test-0631,test,10,1,1,
syn-e09_c10-test-0632,test,10,1,1,
syn-e09_c10-test-0633,test,10,1,1,
syn-e09_c10-test-0634,test,10,1,1,
syn-e09_c10-test-0635,test,10,1,1,
syn-e09_c10-test-0636,test,10,1,1,
syn-e09_c10-test-0637,test,10,1,1,
syn-e09_c10-test-0638,test,10,1,1,
syn-e09_c10-test-0639,test,10,1,1,
syn-e09_c10-test-0640,test,10,1,1,
syn-e09_c10-test-0641,test,10,1,1,
syn-e09_c10-test-0642,test,10,1,1,
syn-e09_c10-test-0643,test,10,1,1,
syn-e09_c10-test-0644,test,10,1,1,
syn-e09_c10-test-0645,test,10,1,1,
syn-e09_c10-test-0646,test,10,1,1,
syn-e09_c10-test-0647,test,10,1,1,
syn-e09_c10-test-0648,test,10,1,1,
syn-e09_c10-test-0649,test,10,1,1,
syn-e09_c10-test-0650,test,10,1,1,
syn-e09_c10-test-0651,test,10,1,1,
syn-e09_c10-test-0652,test,10,1,1,
syn-e09_c10-test-0653,test,10,1,1,
syn-e09_c10-test-0654,test,10,1,1,
syn-e09_c10-test-0655,test,10,1,1,
syn-e09_c10-test-0656,test,10,1,1,
syn-e09_c10-test-0657,test,10,1,1,
syn-e09_c10-test-0658,test,10,1,1,
syn-e09_c10-test-0659,test,10,1,1,
syn-e09_c10-test-0660,test,10,1,1,
syn-e09_c10-test-0661,test,10,1,1,
syn-e09_c10-test-0662,test,10,1,1,
syn-e09_c10-test-0663,test,10,1,1,
syn-e09_c10-test-0664,test,10,1,1,
syn-e09_c10-test-0665,test,10,1,1,
syn-e09_c10-test-0666,test,10,1,1,
syn-e09_c10-test-0667,test,10,1,1,
syn-e09_c10-test-0668,test,10,1,1,
syn-e09_c10-test-0669,test,10,1,1,
syn-e09_c10-test-0670,test,10,1,1,
syn-e09_c10-test-0671,test,10,1,1,
syn-e09_c10-test-0672,test,10,1,1,
syn-e09_c10-test-0673,test,10,1,1,
syn-e09_c10-test-0674,test,10,1,1,
syn-e09_c10-test-0675,test,10,1,1,
syn-e09_c10-test-0676,test,10,1,1,
syn-e09_c10-test-0677,test,10,1,1,
syn-e09_c10-test-0678,test,10,1,1,
syn-e09_c10-test-0679,test,10,1,1,
syn-e09_c10-test-0680,test,10,1,1,
syn-e09_c10-test-0681,test,10,1,1,
syn-e09_c10-test-0682,test,10,1,1,
syn-e09_c10-test-0683,test,10,1,1,
syn-e09_c10-test-0684,test,10,1,1,
syn-e09_c10-test-0685,test,10,1,1,
syn-e09_c10-test-0686,test,10,1,1,
syn-e09_c10-test-0687,test,10,1,1,
syn-e09_c10-test-0688,test,10,1,1,
syn-e09_c10-test-0689,test,10,1,1,
syn-e09_c10-test-0690,test,10,1,1,
syn-e09_c10-test-0691,test,10,1,1,
syn-e09_c10-test-0692,test,10,1,1,
syn-e09_c10-test-0693,test,10,1,1,
syn-e09_c10-test-0694,test,10,1,1,
syn-e09_c10-test-0695,test,10,1,1,
syn-e09_c10-test-0696,test,10,1,1,
syn-e09_c10-test-0697,test,10,1,1,
syn-e09_c10-test-0698,test,10,1,1,
syn-e09_c10-test-0699,test,10,1,1,
syn-e09_c10-test-0700,test,10,1,1,
syn-e09_c20-dev-0001,dev,20,1,1,
syn-e09_c20-dev-0002,dev,20,1,1,
syn-e09_c20-dev-0003,dev,20,1,1,
syn-e09_c20-dev-0004,dev,20,1,1,
syn-e09_c20-dev-0005,dev,20,1,1,
syn-e09_c20-dev-0006,dev,20,1,1,
syn-e09_c20-dev-0007,dev,20,1,1,
syn-e09_c20-dev-0008,dev,20,1,1,
syn-e09_c20-dev-0009,dev,20,1,1,
syn-e09_c20-dev-0010,dev,20,1,1,
syn-e09_c20-dev-0011,dev,20,1,1,
syn-e09_c20-dev-0012,dev,20,1,1,
syn-e09_c20-dev-0013,dev,20,1,1,
syn-e09_c20-dev-0014,dev,20,1,1,
syn-e09_c20-dev-0015,dev,20,1,1,
syn-e09_c20-dev-0016,dev,20,1,1,
syn-e09_c20-dev-0017,dev,20,1,1,
syn-e09_c20-dev-0018,dev,20,1,1,
syn-e09_c20-dev-0019,dev,20,1,1,
syn-e09_c20-dev-0020,dev,20,1,1,
syn-e09_c20-dev-0021,dev,20,1,1,
syn-e09_c20-dev-0022,dev,20,1,1,
syn-e09_c20-dev-0023,dev,20,1,1,
syn-e09_c20-dev-0024,dev,20,1,1,
syn-e09_c20-dev-0025,dev,20,1,1,
syn-e09_c20-dev-0026,dev,20,1,1,
syn-e09_c20-dev-0027,dev,20,1,1,
syn-e09_c20-dev-0028,dev,20,1,1,
syn-e09_c20-dev-0029,dev,20,1,1,
syn-e09_c20-dev-0030,dev,20,1,1,
syn-e09_c20-dev-0031,dev,20,1,1,
syn-e09_c20-dev-0032,dev,20,1,1,
syn-e09_c20-dev-0033,dev,20,1,1,
syn-e09_c20-dev-0034,dev,20,1,1,
syn-e09_c20-dev-0035,dev,20,1,1,
syn-e09_c20-dev-0036,dev,20,1,1,
syn-e09_c20-dev-0037,dev,20,1,1,
syn-e09_c20-dev-0038,dev,20,1,1,
syn-e09_c20-dev-0039,dev,20,1,1,
syn-e09_c20-dev-0040,dev,20,1,1,
syn-e09_c20-dev-0041,dev,20,1,1,
syn-e09_c20-dev-0042,dev,20,1,1,
syn-e09_c20-dev-0043,dev,20,1,1,
syn-e09_c20-dev-0044,dev,20,1,1,
syn-e09_c20-dev-0045,dev,20,1,1,
syn-e09_c20-dev-0046,dev,20,1,1,
syn-e09_c20-dev-0047,dev,20,1,1,
syn-e09_c20-dev-0048,dev,20,1,1,
syn-e09_c20-dev-0049,dev,20,1,1,
syn-e09_c20-dev-0050,dev,20,1,1,
syn-e09_c20-dev-0051,dev,20,1,1,
syn-e09_c20-dev-0052,dev,20,1,1,
syn-e09_c20-dev-0053,dev,20,1,1,
syn-e09_c20-dev-0054,dev,20,1,1,
syn-e09_c20-dev-0055,dev,20,1,1,
syn-e09_c20-dev-0056,dev,20,1,1,
syn-e09_c20-dev-0057,dev,20,1,1,
syn-e09_c20-dev-0058,dev,20,1,1,
syn-e09_c20-dev-0059,dev,20,1,1,
syn-e09_c20-dev-0060,dev,20,1,1,
syn-e09_c20-dev-0061,dev,20,1,1,
syn-e09_c20-dev-0062,dev,20,1,1,
syn-e09_c20-dev-0063,dev,20,1,1,
syn-e09_c20-dev-0064,dev,20,1,1,
syn-e09_c20-dev-0065,dev,20,1,1,
syn-e09_c20-dev-0066,dev,20,1,1,
syn-e09_c20-dev-0067,dev,20,1,1,
syn-e09_c20-dev-0068,dev,20,1,1,
syn-e09_c20-dev-0069,dev,20,1,1,
syn-e09_c20-dev-0070,dev,20,1,1,
syn-e09_c20-dev-0071,dev,20,1,1,
syn-e09_c20-dev-0072,dev,20,1,1,
syn-e09_c20-dev-0073,dev,20,1,1,
syn-e09_c20-dev-0074,dev,20,1,1,
syn-e09_c20-dev-0075,dev,20,1,1,
syn-e09_c20-dev-0076,dev,20,1,1,
syn-e09_c20-dev-0077,dev,20,1,1,
syn-e09_c20-dev-0078,dev,20,1,1,
syn-e09_c20-dev-0079,dev,20,1,1,
syn-e09_c20-dev-0080,dev,20,1,1,
syn-e09_c20-dev-0081,dev,20,1,1,
syn-e09_c20-dev-0082,dev,20,1,1,
syn-e09_c20-dev-0083,dev,20,1,1,
syn-e09_c20-dev-0084,dev,20,1,1,
syn-e09_c20-dev-0085,dev,20,1,1,
syn-e09_c20-dev-0086,dev,20,1,1,
syn-e09_c20-dev-0087,dev,20,1,1,
syn-e09_c20-dev-0088,dev,20,1,1,
syn-e09_c20-dev-0089,dev,20,1,1,
syn-e09_c20-dev-0090,dev,20,1,1,
syn-e09_c20-dev-0091,dev,20,1,1,
syn-e09_c20-dev-0092,dev,20,1,1,
syn-e09_c20-dev-0093,dev,20,1,1,
syn-e09_c20-dev-0094,dev,20,1,1,
syn-e09_c20-dev-0095,dev,20,1,1,
syn-e09_c20-dev-0096,dev,20,1,1,
syn-e09_c20-dev-0097,dev,20,1,1,
syn-e09_c20-dev-0098,dev,20,1,1,
syn-e09_c20-dev-0099,dev,20,1,1,
syn-e09_c20-dev-0100,dev,20,1,1,
syn-e09_c20-dev-0101,dev,20,1,1,
syn-e09_c20-dev-0102,dev,20,1,1,
syn-e09_c20-dev-0103,dev,20,1,1,
syn-e09_c20-dev-0104,dev,20,1,1,
syn-e09_c20-dev-0105,dev,20,1,1,
syn-e09_c20-dev-0106,dev,20,1,1,
syn-e09_c20-dev-0107,dev,20,1,1,
syn-e09_c20-dev-0108,dev,20,1,1,
syn-e09_c20-dev-0109,dev,20,1,1,
syn-e09_c20-dev-0110,dev,20,1,1,
syn-e09_c20-dev-0111,dev,20,1,1,
syn-e09_c20-dev-0112,dev,20,1,1,
syn-e09_c20-dev-0113,dev,20,1,1,
syn-e09_c20-dev-0114,dev,20,1,1,
syn-e09_c20-dev-0115,dev,20,1,1,
syn-e09_c20-dev-0116,dev,20,1,1,
syn-e09_c20-dev-0117,dev,20,1,1,
syn-e09_c20-dev-0118,dev,20,1,1,
syn-e09_c20-dev-0119,dev,20,1,1,
syn-e09_c20-dev-0120,dev,20,1,1,
syn-e09_c20-dev-0121,dev,20,1,1,
syn-e09_c20-dev-0122,dev,20,1,1,
syn-e09_c20-dev-0123,dev,20,1,1,
syn-e09_c20-dev-0124,dev,20,1,1,
syn-e09_c20-dev-0125,dev,20,1,1,
syn-e09_c20-dev-0126,dev,20,1,1,
syn-e09_c20-dev-0127,dev,20,1,1,
syn-e09_c20-dev-0128,dev,20,1,1,
syn-e09_c20-dev-0129,dev,20,1,1,
syn-e09_c20-dev-0130,dev,20,1,1,
syn-e09_c20-dev-0131,dev,20,1,1,
syn-e09_c20-dev-0132,dev,20,1,1,
syn-e09_c20-dev-0133,dev,20,1,1,
syn-e09_c20-dev-0134,dev,20,1,1,
syn-e09_c20-dev-0135,dev,20,1,1,
syn-e09_c20-dev-0136,dev,20,1,1,
syn-e09_c20-dev-0137,dev,20,1,1,
syn-e09_c20-dev-0138,dev,20,1,1,
syn-e09_c20-dev-0139,dev,20,1,1,
syn-e09_c20-dev-0140,dev,20,1,1,
syn-e09_c20-dev-0141,dev,20,1,1,
syn-e09_c20-dev-0142,dev,20,1,1,
syn-e09_c20-dev-0143,dev,20,1,1,
syn-e09_c20-dev-0144,dev,20,1,1,
syn-e09_c20-dev-0145,dev,20,1,1,
syn-e09_c20-dev-0146,dev,20,1,1,
syn-e09_c20-dev-0147,dev,20,1,1,
syn-e09_c20-dev-0148,dev,20,1,1,
syn-e09_c20-dev-0149,dev,20,1,1,
syn-e09_c20-dev-0150,dev,20,1,1,
syn-e09_c20-dev-0151,dev,20,1,1,
syn-e09_c20-dev-0152,dev,20,1,1,
syn-e09_c20-dev-0153,dev,20,1,1,
syn-e09_c20-dev-0154,dev,20,1,1,
syn-e09_c20-dev-0155,dev,20,1,1,
syn-e09_c20-dev-0156,dev,20,1,1,
syn-e09_c20-dev-0157,dev,20,1,1,
syn-e09_c20-dev-0158,dev,20,1,1,
syn-e09_c20-dev-0159,dev,20,1,1,
syn-e09_c20-dev-0160,dev,20,1,1,
syn-e09_c20-dev-0161,dev,20,1,1,
syn-e09_c20-dev-0162,dev,20,1,1,
syn-e09_c20-dev-0163,dev,20,1,1,
syn-e09_c20-dev-0164,dev,20,1,1,
syn-e09_c20-dev-0165,dev,20,1,1,
syn-e09_c20-dev-0166,dev,20,1,1,
syn-e09_c20-dev-0167,dev,20,1,1,
syn-e09_c20-dev-0168,dev,20,1,1,
syn-e09_c20-dev-0169,dev,20,1,1,
syn-e09_c20-dev-0170,dev,20,1,1,
syn-e09_c20-dev-0171,dev,20,1,1,
syn-e09_c20-dev-0172,dev,20,1,1,
syn-e09_c20-dev-0173,dev,20,1,1,
syn-e09_c20-dev-0174,dev,20,1,1,
syn-e09_c20-dev-0175,dev,20,1,1,
syn-e09_c20-dev-0176,dev,20,1,1,
syn-e09_c20-dev-0177,dev,20,1,1,
syn-e09_c20-dev-0178,dev,20,1,1,
syn-e09_c20-dev-0179,dev,20,1,1,
syn-e09_c20-dev-0180,dev,20,1,1,
syn-e09_c20-dev-0181,dev,20,1,1,
syn-e09_c20-dev-0182,dev,20,1,1,
syn-e09_c20-dev-0183,dev,20,1,1,
syn-e09_c20-dev-0184,dev,20,1,1,
syn-e09_c20-dev-0185,dev,20,1,1,
syn-e09_c20-dev-0186,dev,20,1,1,
syn-e09_c20-dev-0187,dev,20,1,1,
syn-e09_c20-dev-0188,dev,20,1,1,
syn-e09_c20-dev-0189,dev,20,1,1,
syn-e09_c20-dev-0190,dev,20,1,1,
syn-e09_c20-dev-0191,dev,20,1,1,
syn-e09_c20-dev-0192,dev,20,1,1,
syn-e09_c20-dev-0193,dev,20,1,1,
syn-e09_c20-dev-0194,dev,20,1,1,
syn-e09_c20-dev-0195,dev,20,1,1,
syn-e09_c20-dev-0196,dev,20,1,1,
syn-e09_c20-dev-0197,dev,20,1,1,
syn-e09_c20-dev-0198,dev,20,1,1,
syn-e09_c20-dev-0199,dev,20,1,1,
syn-e09_c20-dev-0200,dev,20,1,1,
syn-e09_c20-dev-0201,dev,20,1,1,
syn-e09_c20-dev-0202,dev,20,1,1,
syn-e09_c20-dev-0203,dev,20,1,1,
syn-e09_c20-dev-0204,dev,20,1,1,
syn-e09_c20-dev-0205,dev,20,1,1,
syn-e09_c20-dev-0206,dev,20,1,1,
syn-e09_c20-dev-0207,dev,20,1,1,
syn-e09_c20-dev-0208,dev,20,1,1,
syn-e09_c20-dev-0209,dev,20,1,1,
syn-e09_c20-dev-0210,dev,20,1,1,
syn-e09_c20-dev-0211,dev,20,1,1,
syn-e09_c20-dev-0212,dev,20,1,1,
syn-e09_c20-dev-0213,dev,20,1,1,
syn-e09_c20-dev-0214,dev,20,1,1,
syn-e09_c20-dev-0215,dev,20,1,1,
syn-e09_c20-dev-0216,dev,20,1,1,
syn-e09_c20-dev-0217,dev,20,1,1,
syn-e09_c20-dev-0218,dev,20,1,1,
syn-e09_c20-dev-0219,dev,20,1,1,
syn-e09_c20-dev-0220,dev,20,1,1,
syn-e09_c20-dev-0221,dev,20,1,1,
syn-e09_c20-dev-0222,dev,20,1,1,
syn-e09_c20-dev-0223,dev,20,1,1,
syn-e09_c20-dev-0224,dev,20,1,1,
syn-e09_c20-dev-0225,dev,20,1,1,
syn-e09_c20-dev-0226,dev,20,1,1,
syn-e09_c20-dev-0227,dev,20,1,1,
syn-e09_c20-dev-0228,dev,20,1,1,
syn-e09_c20-dev-0229,dev,20,1,1,
syn-e09_c20-dev-0230,dev,20,1,1,
syn-e09_c20-dev-0231,dev,20,1,1,
syn-e09_c20-dev-0232,dev,20,1,1,
syn-e09_c20-dev-0233,dev,20,1,1,
syn-e09_c20-dev-0234,dev,20,1,1,
syn-e09_c20-dev-0235,dev,20,1,1,
syn-e09_c20-dev-0236,dev,20,1,1,
syn-e09_c20-dev-0237,dev,20,1,1,
syn-e09_c20-dev-0238,dev,20,1,1,
syn-e09_c20-dev-0239,dev,20,1,1,
syn-e09_c20-dev-0240,dev,20,1,1,
syn-e09_c20-dev-0241,dev,20,1,1,
syn-e09_c20-dev-0242,dev,20,1,1,
syn-e09_c20-dev-0243,dev,20,1,1,
syn-e09_c20-dev-0244,dev,20,1,1,
syn-e09_c20-dev-0245,dev,20,1,1,
syn-e09_c20-dev-0246,dev,20,1,1,
syn-e09_c20-dev-0247,dev,20,1,1,
syn-e09_c20-dev-0248,dev,20,1,1,
syn-e09_c20-dev-0249,dev,20,1,1,
syn-e09_c20-dev-0250,dev,20,1,1,
syn-e09_c20-dev-0251,dev,20,1,1,
syn-e09_c20-dev-0252,dev,20,1,1,
syn-e09_c20-dev-0253,dev,20,1,1,
syn-e09_c20-dev-0254,dev,20,1,1,
syn-e09_c20-dev-0255,dev,20,1,1,
syn-e09_c20-dev-0256,dev,20,1,1,
syn-e09_c20-dev-0257,dev,20,1,1,
syn-e09_c20-dev-0258,dev,20,1,1,
syn-e09_c20-dev-0259,dev,20,1,1,
syn-e09_c20-dev-0260,dev,20,1,1,
syn-e09_c20-dev-0261,dev,20,1,1,
syn-e09_c20-dev-0262,dev,20,1,1,
syn-e09_c20-dev-0263,dev,20,1,1,
syn-e09_c20-dev-0264,dev,20,1,1,
syn-e09_c20-dev-0265,dev,20,1,1,
syn-e09_c20-dev-0266,dev,20,1,1,
syn-e09_c20-dev-0267,dev,20,1,1,
syn-e09_c20-dev-0268,dev,20,1,1,
syn-e09_c20-dev-0269,dev,20,1,1,
syn-e09_c20-dev-0270,dev,20,1,1,
syn-e09_c20-dev-0271,dev,20,1,1,
syn-e09_c20-dev-0272,dev,20,1,1,
syn-e09_c20-dev-0273,dev,20,1,1,
syn-e09_c20-dev-0274,dev,20,1,1,
syn-e09_c20-dev-0275,dev,20,1,1,
syn-e09_c20-dev-0276,dev,20,1,1,
syn-e09_c20-dev-0277,dev,20,1,1,
syn-e09_c20-dev-0278,dev,20,1,1,
syn-e09_c20-dev-0279,dev,20,1,1,
syn-e09_c20-dev-0280,dev,20,1,1,
syn-e09_c20-dev-0281,dev,20,1,1,
syn-e09_c20-dev-0282,dev,20,1,1,
syn-e09_c20-dev-0283,dev,20,1,1,
syn-e09_c20-dev-0284,dev,20,1,1,
syn-e09_c20-dev-0285,dev,20,1,1,
syn-e09_c20-dev-0286,dev,20,1,1,
syn-e09_c20-dev-0287,dev,20,1,1,
syn-e09_c20-dev-0288,dev,20,1,1,
syn-e09_c20-dev-0289,dev,20,1,1,
syn-e09_c20-dev-0290,dev,20,1,1,
syn-e09_c20-dev-0291,dev,20,1,1,
syn-e09_c20-dev-0292,dev,20,1,1,
syn-e09_c20-dev-0293,dev,20,1,1,
syn-e09_c20-dev-0294,dev,20,1,1,
syn-e09_c20-dev-0295,dev,20,1,1,
syn-e09_c20-dev-0296,dev,20,1,1,
syn-e09_c20-dev-0297,dev,20,1,1,
syn-e09_c20-dev-0298,dev,20,1,1,
syn-e09_c20-dev-0299,dev,20,1,1,
syn-e09_c20-dev-0300,dev,20,1,1,
syn-e09_c20-test-0001,test,20,1,1,
syn-e09_c20-test-0002,test,20,1,1,
syn-e09_c20-test-0003,test,20,1,1,
syn-e09_c20-test-0004,test,20,1,1,
syn-e09_c20-test-0005,test,20,1,1,
syn-e09_c20-test-0006,test,20,1,1,
syn-e09_c20-test-0007,test,20,1,1,
syn-e09_c20-test-0008,test,20,1,1,
syn-e09_c20-test-0009,test,20,1,1,
syn-e09_c20-test-0010,test,20,1,1,
syn-e09_c20-test-0011,test,20,1,1,
syn-e09_c20-test-0012,test,20,1,1,
syn-e09_c20-test-0013,test,20,1,1,
syn-e09_c20-test-0014,test,20,1,1,
syn-e09_c20-test-0015,test,20,1,1,
syn-e09_c20-test-0016,test,20,1,1,
syn-e09_c20-test-0017,test,20,1,1,
syn-e09_c20-test-0018,test,20,1,1,
syn-e09_c20-test-0019,test,20,1,1,
syn-e09_c20-test-0020,test,20,1,1,
syn-e09_c20-test-0021,test,20,1,1,
syn-e09_c20-test-0022,test,20,1,1,
syn-e09_c20-test-0023,test,20,1,1,
syn-e09_c20-test-0024,test,20,1,1,
syn-e09_c20-test-0025,test,20,1,1,
syn-e09_c20-test-0026,test,20,1,1,
syn-e09_c20-test-0027,test,20,1,1,
syn-e09_c20-test-0028,test,20,1,1,
syn-e09_c20-test-0029,test,20,1,1,
syn-e09_c20-test-0030,test,20,1,1,
syn-e09_c20-test-0031,test,20,1,1,
syn-e09_c20-test-0032,test,20,1,1,
syn-e09_c20-test-0033,test,20,1,1,
syn-e09_c20-test-0034,test,20,1,1,
syn-e09_c20-test-0035,test,20,1,1,
syn-e09_c20-test-0036,test,20,1,1,
syn-e09_c20-test-0037,test,20,1,1,
syn-e09_c20-test-0038,test,20,1,1,
syn-e09_c20-test-0039,test,20,1,1,
syn-e09_c20-test-0040,test,20,1,1,
syn-e09_c20-test-0041,test,20,1,1,
syn-e09_c20-test-0042,test,20,1,1,
syn-e09_c20-test-0043,test,20,1,1,
syn-e09_c20-test-0044,test,20,1,1,
syn-e09_c20-test-0045,test,20,1,1,
syn-e09_c20-test-0046,test,20,1,1,
syn-e09_c20-test-0047,test,20,1,1,
syn-e09_c20-test-0048,test,20,1,1,
syn-e09_c20-test-0049,test,20,1,1,
syn-e09_c20-test-0050,test,20,1,1,
syn-e09_c20-test-0051,test,20,1,1,
syn-e09_c20-test-0052,test,20,1,1,
syn-e09_c20-test-0053,test,20,1,1,
syn-e09_c20-test-0054,test,20,1,1,
syn-e09_c20-test-0055,test,20,1,1,
syn-e09_c20-test-0056,test,20,1,1,
syn-e09_c20-test-0057,test,20,1,1,
syn-e09_c20-test-0058,test,20,1,1,
syn-e09_c20-test-0059,test,20,1,1,
syn-e09_c20-test-0060,test,20,1,1,
syn-e09_c20-test-0061,test,20,1,1,
syn-e09_c20-test-0062,test,20,1,1,
syn-e09_c20-test-0063,test,20,1,1,
syn-e09_c20-test-0064,test,20,1,1,
syn-e09_c20-test-0065,test,20,1,1,
syn-e09_c20-test-0066,test,20,1,1,
syn-e09_c20-test-0067,test,20,1,1,
syn-e09_c20-test-0068,test,20,1,1,
syn-e09_c20-test-0069,test,20,1,1,
syn-e09_c20-test-0070,test,20,1,1,
syn-e09_c20-test-0071,test,20,1,1,
syn-e09_c20-test-0072,test,20,1,1,
syn-e09_c20-test-0073,test,20,1,1,
syn-e09_c20-test-0074,test,20,1,1,
syn-e09_c20-test-0075,test,20,1,1,
syn-e09_c20-test-0076,test,20,1,1,
syn-e09_c20-test-0077,test,20,1,1,
syn-e09_c20-test-0078,test,20,1,1,
syn-e09_c20-test-0079,test,20,1,1,
syn-e09_c20-test-0080,test,20,1,1,
syn-e09_c20-test-0081,test,20,1,1,
syn-e09_c20-test-0082,test,20,1,1,
syn-e09_c20-test-0083,test,20,1,1,
syn-e09_c20-test-0084,test,20,1,1,
syn-e09_c20-test-0085,test,20,1,1,
syn-e09_c20-test-0086,test,20,1,1,
syn-e09_c20-test-0087,test,20,1,1,
syn-e09_c20-test-0088,test,20,1,1,
syn-e09_c20-test-0089,test,20,1,1,
syn-e09_c20-test-0090,test,20,1,1,
syn-e09_c20-test-0091,test,20,1,1,
syn-e09_c20-test-0092,test,20,1,1,
syn-e09_c20-test-0093,test,20,1,1,
syn-e09_c20-test-0094,test,20,1,1,
syn-e09_c20-test-0095,test,20,1,1,
syn-e09_c20-test-0096,test,20,1,1,
syn-e09_c20-test-0097,test,20,1,1,
syn-e09_c20-test-0098,test,20,1,1,
syn-e09_c20-test-0099,test,20,1,1,
syn-e09_c20-test-0100,test,20,1,1,
syn-e09_c20-test-0101,test,20,1,1,
syn-e09_c20-test-0102,test,20,1,1,
syn-e09_c20-test-0103,test,20,1,1,
syn-e09_c20-test-0104,test,20,1,1,
syn-e09_c20-test-0105,test,20,1,1,
syn-e09_c20-test-0106,test,20,1,1,
syn-e09_c20-test-0107,test,20,1,1,
syn-e09_c20-test-0108,test,20,1,1,
syn-e09_c20-test-0109,test,20,1,1,
syn-e09_c20-test-0110,test,20,1,1,
syn-e09_c20-test-0111,test,20,1,1,
syn-e09_c20-test-0112,test,20,1,1,
syn-e09_c20-test-0113,test,20,1,1,
syn-e09_c20-test-0114,test,20,1,1,
syn-e09_c20-test-0115,test,20,1,1,
syn-e09_c20-test-0116,test,20,1,1,
syn-e09_c20-test-0117,test,20,1,1,
syn-e09_c20-test-0118,test,20,1,1,
syn-e09_c20-test-0119,test,20,1,1,
syn-e09_c20-test-0120,test,20,1,1,
syn-e09_c20-test-0121,test,20,1,1,
syn-e09_c20-test-0122,test,20,1,1,
syn-e09_c20-test-0123,test,20,1,1,
syn-e09_c20-test-0124,test,20,1,1,
syn-e09_c20-test-0125,test,20,1,1,
syn-e09_c20-test-0126,test,20,1,1,
syn-e09_c20-test-0127,test,20,1,1,
syn-e09_c20-test-0128,test,20,1,1,
syn-e09_c20-test-0129,test,20,1,1,
syn-e09_c20-test-0130,test,20,1,1,
syn-e09_c20-test-0131,test,20,1,1,
syn-e09_c20-test-0132,test,20,1,1,
syn-e09_c20-test-0133,test,20,1,1,
syn-e09_c20-test-0134,test,20,1,1,
syn-e09_c20-test-0135,test,20,1,1,
syn-e09_c20-test-0136,test,20,1,1,
syn-e09_c20-test-0137,test,20,1,1,
syn-e09_c20-test-0138,test,20,1,1,
syn-e09_c20-test-0139,test,20,1,1,
syn-e09_c20-test-0140,test,20,1,1,
syn-e09_c20-test-0141,test,20,1,1,
syn-e09_c20-test-0142,test,20,1,1,
syn-e09_c20-test-0143,test,20,1,1,
syn-e09_c20-test-0144,test,20,1,1,
syn-e09_c20-test-0145,test,20,1,1,
syn-e09_c20-test-0146,test,20,1,1,
syn-e09_c20-test-0147,test,20,1,1,
syn-e09_c20-test-0148,test,20,1,1,
syn-e09_c20-test-0149,test,20,1,1,
syn-e09_c20-test-0150,test,20,1,1,
syn-e09_c20-test-0151,test,20,1,1,
syn-e09_c20-test-0152,test,20,1,1,
syn-e09_c20-test-0153,test,20,1,1,
syn-e09_c20-test-0154,test,20,1,1,
syn-e09_c20-test-0155,test,20,1,1,
syn-e09_c20-test-0156,test,20,1,1,
syn-e09_c20-test-0157,test,20,1,1,
syn-e09_c20-test-0158,test,20,1,1,
syn-e09_c20-test-0159,test,20,1,1,
syn-e09_c20-test-0160,test,20,1,1,
syn-e09_c20-test-0161,test,20,1,1,
syn-e09_c20-test-0162,test,20,1,1,
syn-e09_c20-test-0163,test,20,1,1,
syn-e09_c20-test-0164,test,20,1,1,
syn-e09_c20-test-0165,test,20,1,1,
syn-e09_c20-test-0166,test,20,1,1,
syn-e09_c20-test-0167,test,20,1,1,
syn-e09_c20-test-0168,test,20,1,1,
syn-e09_c20-test-0169,test,20,1,1,
syn-e09_c20-test-0170,test,20,1,1,
syn-e09_c20-test-0171,test,20,1,1,
syn-e09_c20-test-0172,test,20,1,1,
syn-e09_c20-test-0173,test,20,1,1,
syn-e09_c20-test-0174,test,20,1,1,
syn-e09_c20-test-0175,test,20,1,1,
syn-e09_c20-test-0176,test,20,1,1,
syn-e09_c20-test-0177,test,20,1,1,
syn-e09_c20-test-0178,test,20,1,1,
syn-e09_c20-test-0179,test,20,1,1,
syn-e09_c20-test-0180,test,20,1,1,
syn-e09_c20-test-0181,test,20,1,1,
syn-e09_c20-test-0182,test,20,1,1,
syn-e09_c20-test-0183,test,20,1,1,
syn-e09_c20-test-0184,test,20,1,1,
syn-e09_c20-test-0185,test,20,1,1,
syn-e09_c20-test-0186,test,20,1,1,
syn-e09_c20-test-0187,test,20,1,1,
syn-e09_c20-test-0188,test,20,1,1,
syn-e09_c20-test-0189,test,20,1,1,
syn-e09_c20-test-0190,test,20,1,1,
syn-e09_c20-test-0191,test,20,1,1,
syn-e09_c20-test-0192,test,20,1,1,
syn-e09_c20-test-0193,test,20,1,1,
syn-e09_c20-test-0194,test,20,1,1,
syn-e09_c20-test-0195,test,20,1,1,
syn-e09_c20-test-0196,test,20,1,1,
syn-e09_c20-test-0197,test,20,1,1,
syn-e09_c20-test-0198,test,20,1,1,
syn-e09_c20-test-0199,test,20,1,1,
syn-e09_c20-test-0200,test,20,1,1,
syn-e09_c20-test-0201,test,20,1,1,
syn-e09_c20-test-0202,test,20,1,1,
syn-e09_c20-test-0203,test,20,1,1,
syn-e09_c20-test-0204,test,20,1,1,
syn-e09_c20-test-0205,test,20,1,1,
syn-e09_c20-test-0206,test,20,1,1,
syn-e09_c20-test-0207,test,20,1,1,
syn-e09_c20-test-0208,test,20,1,1,
syn-e09_c20-test-0209,test,20,1,1,
syn-e09_c20-test-0210,test,20,1,1,
syn-e09_c20-test-0211,test,20,1,1,
syn-e09_c20-test-0212,test,20,1,1,
syn-e09_c20-test-0213,test,20,1,1,
syn-e09_c20-test-0214,test,20,1,1,
syn-e09_c20-test-0215,test,20,1,1,
syn-e09_c20-test-0216,test,20,1,1,
syn-e09_c20-test-0217,test,20,1,1,
syn-e09_c20-test-0218,test,20,1,1,
syn-e09_c20-test-0219,test,20,1,1,
syn-e09_c20-test-0220,test,20,1,1,
syn-e09_c20-test-0221,test,20,1,1,
syn-e09_c20-test-0222,test,20,1,1,
syn-e09_c20-test-0223,test,20,1,1,
syn-e09_c20-test-0224,test,20,1,1,
syn-e09_c20-test-0225,test,20,1,1,
syn-e09_c20-test-0226,test,20,1,1,
syn-e09_c20-test-0227,test,20,1,1,
syn-e09_c20-test-0228,test,20,1,1,
syn-e09_c20-test-0229,test,20,1,1,
syn-e09_c20-test-0230,test,20,1,1,
syn-e09_c20-test-0231,test,20,1,1,
syn-e09_c20-test-0232,test,20,1,1,
syn-e09_c20-test-0233,test,20,1,1,
syn-e09_c20-test-0234,test,20,1,1,
syn-e09_c20-test-0235,test,20,1,1,
syn-e09_c20-test-0236,test,20,1,1,
syn-e09_c20-test-0237,test,20,1,1,
syn-e09_c20-test-0238,test,20,1,1,
syn-e09_c20-test-0239,test,20,1,1,
syn-e09_c20-test-0240,test,20,1,1,
syn-e09_c20-test-0241,test,20,1,1,
syn-e09_c20-test-0242,test,20,1,1,
syn-e09_c20-test-0243,test,20,1,1,
syn-e09_c20-test-0244,test,20,1,1,
syn-e09_c20-test-0245,test,20,1,1,
syn-e09_c20-test-0246,test,20,1,1,
syn-e09_c20-test-0247,test,20,1,1,
syn-e09_c20-test-0248,test,20,1,1,
syn-e09_c20-test-0249,test,20,1,1,
syn-e09_c20-test-0250,test,20,1,1,
syn-e09_c20-test-0251,test,20,1,1,
syn-e09_c20-test-0252,test,20,1,1,
syn-e09_c20-test-0253,test,20,1,1,
syn-e09_c20-test-0254,test,20,1,1,
syn-e09_c20-test-0255,test,20,1,1,
syn-e09_c20-test-0256,test,20,1,1,
syn-e09_c20-test-0257,test,20,1,1,
syn-e09_c20-test-0258,test,20,1,1,
syn-e09_c20-test-0259,test,20,1,1,
syn-e09_c20-test-0260,test,20,1,1,
syn-e09_c20-test-0261,test,20,1,1,
syn-e09_c20-test-0262,test,20,1,1,
syn-e09_c20-test-0263,test,20,1,1,
syn-e09_c20-test-0264,test,20,1,1,
syn-e09_c20-test-0265,test,20,1,1,
syn-e09_c20-test-0266,test,20,1,1,
syn-e09_c20-test-0267,test,20,1,1,
syn-e09_c20-test-0268,test,20,1,1,
syn-e09_c20-test-0269,test,20,1,1,
syn-e09_c20-test-0270,test,20,1,1,
syn-e09_c20-test-0271,test,20,1,1,
syn-e09_c20-test-0272,test,20,1,1,
syn-e09_c20-test-0273,test,20,1,1,
syn-e09_c20-test-0274,test,20,1,1,
syn-e09_c20-test-0275,test,20,1,1,
syn-e09_c20-test-0276,test,20,1,1,
syn-e09_c20-test-0277,test,20,1,1,
syn-e09_c20-test-0278,test,20,1,1,
syn-e09_c20-test-0279,test,20,1,1,
syn-e09_c20-test-0280,test,20,1,1,
syn-e09_c20-test-0281,test,20,1,1,
syn-e09_c20-test-0282,test,20,1,1,
syn-e09_c20-test-0283,test,20,1,1,
syn-e09_c20-test-0284,test,20,1,1,
syn-e09_c20-test-0285,test,20,1,1,
syn-e09_c20-test-0286,test,20,1,1,
syn-e09_c20-test-0287,test,20,1,1,
syn-e09_c20-test-0288,test,20,1,1,
syn-e09_c20-test-0289,test,20,1,1,
syn-e09_c20-test-0290,test,20,1,1,
syn-e09_c20-test-0291,test,20,1,1,
syn-e09_c20-test-0292,test,20,1,1,
syn-e09_c20-test-0293,test,20,1,1,
syn-e09_c20-test-0294,test,20,1,1,
syn-e09_c20-test-0295,test,20,1,1,
syn-e09_c20-test-0296,test,20,1,1,
syn-e09_c20-test-0297,test,20,1,1,
syn-e09_c20-test-0298,test,20,1,1,
syn-e09_c20-test-0299,test,20,1,1,
syn-e09_c20-test-0300,test,20,1,1,
syn-e09_c20-test-0301,test,20,1,1,
syn-e09_c20-test-0302,test,20,1,1,
syn-e09_c20-test-0303,test,20,1,1,
syn-e09_c20-test-0304,test,20,1,1,
syn-e09_c20-test-0305,test,20,1,1,
syn-e09_c20-test-0306,test,20,1,1,
syn-e09_c20-test-0307,test,20,1,1,
syn-e09_c20-test-0308,test,20,1,1,
syn-e09_c20-test-0309,test,20,1,1,
syn-e09_c20-test-0310,test,20,1,1,
syn-e09_c20-test-0311,test,20,1,1,
syn-e09_c20-test-0312,test,20,1,1,
syn-e09_c20-test-0313,test,20,1,1,
syn-e09_c20-test-0314,test,20,1,1,
syn-e09_c20-test-0315,test,20,1,1,
syn-e09_c20-test-0316,test,20,1,1,
syn-e09_c20-test-0317,test,20,1,1,
syn-e09_c20-test-0318,test,20,1,1,
syn-e09_c20-test-0319,test,20,1,1,
syn-e09_c20-test-0320,test,20,1,1,
syn-e09_c20-test-0321,test,20,1,1,
syn-e09_c20-test-0322,test,20,1,1,
syn-e09_c20-test-0323,test,20,1,1,
syn-e09_c20-test-0324,test,20,1,1,
syn-e09_c20-test-0325,test,20,1,1,
syn-e09_c20-test-0326,test,20,1,1,
syn-e09_c20-test-0327,test,20,1,1,
syn-e09_c20-test-0328,test,20,1,1,
syn-e09_c20-test-0329,test,20,1,1,
syn-e09_c20-test-0330,test,20,1,1,
syn-e09_c20-test-0331,test,20,1,1,
syn-e09_c20-test-0332,test,20,1,1,
syn-e09_c20-test-0333,test,20,1,1,
syn-e09_c20-test-0334,test,20,1,1,
syn-e09_c20-test-0335,test,20,1,1,
syn-e09_c20-test-0336,test,20,1,1,
syn-e09_c20-test-0337,test,20,1,1,
syn-e09_c20-test-0338,test,20,1,1,
syn-e09_c20-test-0339,test,20,1,1,
syn-e09_c20-test-0340,test,20,1,1,
syn-e09_c20-test-0341,test,20,1,1,
syn-e09_c20-test-0342,test,20,1,1,
syn-e09_c20-test-0343,test,20,1,1,
syn-e09_c20-test-0344,test,20,1,1,
syn-e09_c20-test-0345,test,20,1,1,
syn-e09_c20-test-0346,test,20,1,1,
syn-e09_c20-test-0347,test,20,1,1,
syn-e09_c20-test-0348,test,20,1,1,
syn-e09_c20-test-0349,test,20,1,1,
syn-e09_c20-test-0350,test,20,1,1,
syn-e09_c20-test-0351,test,20,1,1,
syn-e09_c20-test-0352,test,20,1,1,
syn-e09_c20-test-0353,test,20,1,1,
syn-e09_c20-test-0354,test,20,1,1,
syn-e09_c20-test-0355,test,20,1,1,
syn-e09_c20-test-0356,test,20,1,1,
syn-e09_c20-test-0357,test,20,1,1,
syn-e09_c20-test-0358,test,20,1,1,
syn-e09_c20-test-0359,test,20,1,1,
syn-e09_c20-test-0360,test,20,1,1,
syn-e09_c20-test-0361,test,20,1,1,
syn-e09_c20-test-0362,test,20,1,1,
syn-e09_c20-test-0363,test,20,1,1,
syn-e09_c20-test-0364,test,20,1,1,
syn-e09_c20-test-0365,test,20,1,1,
syn-e09_c20-test-0366,test,20,1,1,
syn-e09_c20-test-0367,test,20,1,1,
syn-e09_c20-test-0368,test,20,1,1,
syn-e09_c20-test-0369,test,20,1,1,
syn-e09_c20-test-0370,test,20,1,1,
syn-e09_c20-test-0371,test,20,1,1,
syn-e09_c20-test-0372,test,20,1,1,
syn-e09_c20-test-0373,test,20,1,1,
syn-e09_c20-test-0374,test,20,1,1,
syn-e09_c20-test-0375,test,20,1,1,
syn-e09_c20-test-0376,test,20,1,1,
syn-e09_c20-test-0377,test,20,1,1,
syn-e09_c20-test-0378,test,20,1,1,
syn-e09_c20-test-0379,test,20,1,1,
syn-e09_c20-test-0380,test,20,1,1,
syn-e09_c20-test-0381,test,20,1,1,
syn-e09_c20-test-0382,test,20,1,1,
syn-e09_c20-test-0383,test,20,1,1,
syn-e09_c20-test-0384,test,20,1,1,
syn-e09_c20-test-0385,test,20,1,1,
syn-e09_c20-test-0386,test,20,1,1,
syn-e09_c20-test-0387,test,20,1,1,
syn-e09_c20-test-0388,test,20,1,1,
syn-e09_c20-test-0389,test,20,1,1,
syn-e09_c20-test-0390,test,20,1,1,
syn-e09_c20-test-0391,test,20,1,1,
syn-e09_c20-test-0392,test,20,1,1,
syn-e09_c20-test-0393,test,20,1,1,
syn-e09_c20-test-0394,test,20,1,1,
syn-e09_c20-test-0395,test,20,1,1,
syn-e09_c20-test-0396,test,20,1,1,
syn-e09_c20-test-0397,test,20,1,1,
syn-e09_c20-test-0398,test,20,1,1,
syn-e09_c20-test-0399,test,20,1,1,
syn-e09_c20-test-0400,test,20,1,1,
syn-e09_c20-test-0401,test,20,1,1,
syn-e09_c20-test-0402,test,20,1,1,
syn-e09_c20-test-0403,test,20,1,1,
syn-e09_c20-test-0404,test,20,1,1,
syn-e09_c20-test-0405,test,20,1,1,
syn-e09_c20-test-0406,test,20,1,1,
syn-e09_c20-test-0407,test,20,1,1,
syn-e09_c20-test-0408,test,20,1,1,
syn-e09_c20-test-0409,test,20,1,1,
syn-e09_c20-test-0410,test,20,1,1,
syn-e09_c20-test-0411,test,20,1,1,
syn-e09_c20-test-0412,test,20,1,1,
syn-e09_c20-test-0413,test,20,1,1,
syn-e09_c20-test-0414,test,20,1,1,
syn-e09_c20-test-0415,test,20,1,1,
syn-e09_c20-test-0416,test,20,1,1,
syn-e09_c20-test-0417,test,20,1,1,
syn-e09_c20-test-0418,test,20,1,1,
syn-e09_c20-test-0419,test,20,1,1,
syn-e09_c20-test-0420,test,20,1,1,
syn-e09_c20-test-0421,test,20,1,1,
syn-e09_c20-test-0422,test,20,1,1,
syn-e09_c20-test-0423,test,20,1,1,
syn-e09_c20-test-0424,test,20,1,1,
syn-e09_c20-test-0425,test,20,1,1,
syn-e09_c20-test-0426,test,20,1,1,
syn-e09_c20-test-0427,test,20,1,1,
syn-e09_c20-test-0428,test,20,1,1,
syn-e09_c20-test-0429,test,20,1,1,
syn-e09_c20-test-0430,test,20,1,1,
syn-e09_c20-test-0431,test,20,1,1,
syn-e09_c20-test-0432,test,20,1,1,
syn-e09_c20-test-0433,test,20,1,1,
syn-e09_c20-test-0434,test,20,1,1,
syn-e09_c20-test-0435,test,20,1,1,
syn-e09_c20-test-0436,test,20,1,1,
syn-e09_c20-test-0437,test,20,1,1,
syn-e09_c20-test-0438,test,20,1,1,
syn-e09_c20-test-0439,test,20,1,1,
syn-e09_c20-test-0440,test,20,1,1,
syn-e09_c20-test-0441,test,20,1,1,
syn-e09_c20-test-0442,test,20,1,1,
syn-e09_c20-test-0443,test,20,1,1,
syn-e09_c20-test-0444,test,20,1,1,
syn-e09_c20-test-0445,test,20,1,1,
syn-e09_c20-test-0446,test,20,1,1,
syn-e09_c20-test-0447,test,20,1,1,
syn-e09_c20-test-0448,test,20,1,1,
syn-e09_c20-test-0449,test,20,1,1,
syn-e09_c20-test-0450,test,20,1,1,
syn-e09_c20-test-0451,test,20,1,1,
syn-e09_c20-test-0452,test,20,1,1,
syn-e09_c20-test-0453,test,20,1,1,
syn-e09_c20-test-0454,test,20,1,1,
syn-e09_c20-test-0455,test,20,1,1,
syn-e09_c20-test-0456,test,20,1,1,
syn-e09_c20-test-0457,test,20,1,1,
syn-e09_c20-test-0458,test,20,1,1,
syn-e09_c20-test-0459,test,20,1,1,
syn-e09_c20-test-0460,test,20,1,1,
syn-e09_c20-test-0461,test,20,1,1,
syn-e09_c20-test-0462,test,20,1,1,
syn-e09_c20-test-0463,test,20,1,1,
syn-e09_c20-test-0464,test,20,1,1,
syn-e09_c20-test-0465,test,20,1,1,
syn-e09_c20-test-0466,test,20,1,1,
syn-e09_c20-test-0467,test,20,1,1,
syn-e09_c20-test-0468,test,20,1,1,
syn-e09_c20-test-0469,test,20,1,1,
syn-e09_c20-test-0470,test,20,1,1,
syn-e09_c20-test-0471,test,20,1,1,
syn-e09_c20-test-0472,test,20,1,1,
syn-e09_c20-test-0473,test,20,1,1,
syn-e09_c20-test-0474,test,20,1,1,
syn-e09_c20-test-0475,test,20,1,1,
syn-e09_c20-test-0476,test,20,1,1,
syn-e09_c20-test-0477,test,20,1,1,
syn-e09_c20-test-0478,test,20,1,1,
syn-e09_c20-test-0479,test,20,1,1,
syn-e09_c20-test-0480,test,20,1,1,
syn-e09_c20-test-0481,test,20,1,1,
syn-e09_c20-test-0482,test,20,1,1,
syn-e09_c20-test-0483,test,20,1,1,
syn-e09_c20-test-0484,test,20,1,1,
syn-e09_c20-test-0485,test,20,1,1,
syn-e09_c20-test-0486,test,20,1,1,
syn-e09_c20-test-0487,test,20,1,1,
syn-e09_c20-test-0488,test,20,1,1,
syn-e09_c20-test-0489,test,20,1,1,
syn-e09_c20-test-0490,test,20,1,1,
syn-e09_c20-test-0491,test,20,1,1,
syn-e09_c20-test-0492,test,20,1,1,
syn-e09_c20-test-0493,test,20,1,1,
syn-e09_c20-test-0494,test,20,1,1,
syn-e09_c20-test-0495,test,20,1,1,
syn-e09_c20-test-0496,test,20,1,1,
syn-e09_c20-test-0497,test,20,1,1,
syn-e09_c20-test-0498,test,20,1,1,
syn-e09_c20-test-0499,test,20,1,1,
syn-e09_c20-test-0500,test,20,1,1,
syn-e09_c20-test-0501,test,20,1,1,
syn-e09_c20-test-0502,test,20,1,1,
syn-e09_c20-test-0503,test,20,1,1,
syn-e09_c20-test-0504,test,20,1,1,
syn-e09_c20-test-0505,test,20,1,1,
syn-e09_c20-test-0506,test,20,1,1,
syn-e09_c20-test-0507,test,20,1,1,
syn-e09_c20-test-0508,test,20,1,1,
syn-e09_c20-test-0509,test,20,1,1,
syn-e09_c20-test-0510,test,20,1,1,
syn-e09_c20-test-0511,test,20,1,1,
syn-e09_c20-test-0512,test,20,1,1,
syn-e09_c20-test-0513,test,20,1,1,
syn-e09_c20-test-0514,test,20,1,1,
syn-e09_c20-test-0515,test,20,1,1,
syn-e09_c20-test-0516,test,20,1,1,
syn-e09_c20-test-0517,test,20,1,1,
syn-e09_c20-test-0518,test,20,1,1,
syn-e09_c20-test-0519,test,20,1,1,
syn-e09_c20-test-0520,test,20,1,1,
syn-e09_c20-test-0521,test,20,1,1,
syn-e09_c20-test-0522,test,20,1,1,
syn-e09_c20-test-0523,test,20,1,1,
syn-e09_c20-test-0524,test,20,1,1,
syn-e09_c20-test-0525,test,20,1,1,
syn-e09_c20-test-0526,test,20,1,1,
syn-e09_c20-test-0527,test,20,1,1,
syn-e09_c20-test-0528,test,20,1,1,
syn-e09_c20-test-0529,test,20,1,1,
syn-e09_c20-test-0530,test,20,1,1,
syn-e09_c20-test-0531,test,20,1,1,
syn-e09_c20-test-0532,test,20,1,1,
syn-e09_c20-test-0533,test,20,1,1,
syn-e09_c20-test-0534,test,20,1,1,
syn-e09_c20-test-0535,test,20,1,1,
syn-e09_c20-test-0536,test,20,1,1,
syn-e09_c20-test-0537,test,20,1,1,
syn-e09_c20-test-0538,test,20,1,1,
syn-e09_c20-test-0539,test,20,1,1,
syn-e09_c20-test-0540,test,20,1,1,
syn-e09_c20-test-0541,test,20,1,1,
syn-e09_c20-test-0542,test,20,1,1,
syn-e09_c20-test-0543,test,20,1,1,
syn-e09_c20-test-0544,test,20,1,1,
syn-e09_c20-test-0545,test,20,1,1,
syn-e09_c20-test-0546,test,20,1,1,
syn-e09_c20-test-0547,test,20,1,1,
syn-e09_c20-test-0548,test,20,1,1,
syn-e09_c20-test-0549,test,20,1,1,
syn-e09_c20-test-0550,test,20,1,1,
syn-e09_c20-test-0551,test,20,1,1,
syn-e09_c20-test-0552,test,20,1,1,
syn-e09_c20-test-0553,test,20,1,1,
syn-e09_c20-test-0554,test,20,1,1,
syn-e09_c20-test-0555,test,20,1,1,
syn-e09_c20-test-0556,test,20,1,1,
syn-e09_c20-test-0557,test,20,1,1,
syn-e09_c20-test-0558,test,20,1,1,
syn-e09_c20-test-0559,test,20,1,1,
syn-e09_c20-test-0560,test,20,1,1,
syn-e09_c20-test-0561,test,20,1,1,
syn-e09_c20-test-0562,test,20,1,1,
syn-e09_c20-test-0563,test,20,1,1,
syn-e09_c20-test-0564,test,20,1,1,
syn-e09_c20-test-0565,test,20,1,1,
syn-e09_c20-test-0566,test,20,1,1,
syn-e09_c20-test-0567,test,20,1,1,
syn-e09_c20-test-0568,test,20,1,1,
syn-e09_c20-test-0569,test,20,1,1,
syn-e09_c20-test-0570,test,20,1,1,
syn-e09_c20-test-0571,test,20,1,1,
syn-e09_c20-test-0572,test,20,1,1,
syn-e09_c20-test-0573,test,20,1,1,
syn-e09_c20-test-0574,test,20,1,1,
syn-e09_c20-test-0575,test,20,1,1,
syn-e09_c20-test-0576,test,20,1,1,
syn-e09_c20-test-0577,test,20,1,1,
syn-e09_c20-test-0578,test,20,1,1,
syn-e09_c20-test-0579,test,20,1,1,
syn-e09_c20-test-0580,test,20,1,1,
syn-e09_c20-test-0581,test,20,1,1,
syn-e09_c20-test-0582,test,20,1,1,
syn-e09_c20-test-0583,test,20,1,1,
syn-e09_c20-test-0584,test,20,1,1,
syn-e09_c20-test-0585,test,20,1,1,
syn-e09_c20-test-0586,test,20,1,1,
syn-e09_c20-test-0587,test,20,1,1,
syn-e09_c20-test-0588,test,20,1,1,
syn-e09_c20-test-0589,test,20,1,1,
syn-e09_c20-test-0590,test,20,1,1,
syn-e09_c20-test-0591,test,20,1,1,
syn-e09_c20-test-0592,test,20,1,1,
syn-e09_c20-test-0593,test,20,1,1,
syn-e09_c20-test-0594,test,20,1,1,
syn-e09_c20-test-0595,test,20,1,1,
syn-e09_c20-test-0596,test,20,1,1,
syn-e09_c20-test-0597,test,20,1,1,
syn-e09_c20-test-0598,test,20,1,1,
syn-e09_c20-test-0599,test,20,1,1,
syn-e09_c20-test-0600,test,20,1,1,
syn-e09_c20-test-0601,test,20,1,1,
syn-e09_c20-test-0602,test,20,1,1,
syn-e09_c20-test-0603,test,20,1,1,
syn-e09_c20-test-0604,test,20,1,1,
syn-e09_c20-test-0605,test,20,1,1,
syn-e09_c20-test-0606,test,20,1,1,
syn-e09_c20-test-0607,test,20,1,1,
syn-e09_c20-test-0608,test,20,1,1,
syn-e09_c20-test-0609,test,20,1,1,
syn-e09_c20-test-0610,test,20,1,1,
syn-e09_c20-test-0611,test,20,1,1,
syn-e09_c20-test-0612,test,20,1,1,
syn-e09_c20-test-0613,test,20,1,1,
syn-e09_c20-test-0614,test,20,1,1,
syn-e09_c20-test-0615,test,20,1,1,
syn-e09_c20-test-0616,test,20,1,1,
syn-e09_c20-test-0617,test,20,1,1,
syn-e09_c20-test-0618,test,20,1,1,
syn-e09_c20-test-0619,test,20,1,1,
syn-e09_c20-test-0620,test,20,1,1,
syn-e09_c20-test-0621,test,20,1,1,
syn-e09_c20-test-0622,test,20,1,1,
syn-e09_c20-test-0623,test,20,1,1,
syn-e09_c20-test-0624,test,20,1,1,
syn-e09_c20-test-0625,test,20,1,1,
syn-e09_c20-test-0626,test,20,1,1,
syn-e09_c20-test-0627,test,20,1,1,
syn-e09_c20-test-0628,test,20,1,1,
syn-e09_c20-test-0629,test,20,1,1,
syn-e09_c20-test-0630,test,20,1,1,
syn-e09_c20-test-0631,test,20,1,1,
syn-e09_c20-test-0632,test,20,1,1,
syn-e09_c20-test-0633,test,20,1,1,
syn-e09_c20-test-0634,test,20,1,1,
syn-e09_c20-test-0635,test,20,1,1,
syn-e09_c20-test-0636,test,20,1,1,
syn-e09_c20-test-0637,test,20,1,1,
syn-e09_c20-test-0638,test,20,1,1,
syn-e09_c20-test-0639,test,20,1,1,
syn-e09_c20-test-0640,test,20,1,1,
syn-e09_c20-test-0641,test,20,1,1,
syn-e09_c20-test-0642,test,20,1,1,
syn-e09_c20-test-0643,test,20,1,1,
syn-e09_c20-test-0644,test,20,1,1,
syn-e09_c20-test-0645,test,20,1,1,
syn-e09_c20-test-0646,test,20,1,1,
syn-e09_c20-test-0647,test,20,1,1,
syn-e09_c20-test-0648,test,20,1,1,
syn-e09_c20-test-0649,test,20,1,1,
syn-e09_c20-test-0650,test,20,1,1,
syn-e09_c20-test-0651,test,20,1,1,
syn-e09_c20-test-0652,test,20,1,1,
syn-e09_c20-test-0653,test,20,1,1,
syn-e09_c20-test-0654,test,20,1,1,
syn-e09_c20-test-0655,test,20,1,1,
syn-e09_c20-test-0656,test,20,1,1,
syn-e09_c20-test-0657,test,20,1,1,
syn-e09_c20-test-0658,test,20,1,1,
syn-e09_c20-test-0659,test,20,1,1,
syn-e09_c20-test-0660,test,20,1,1,
syn-e09_c20-test-0661,test,20,1,1,
syn-e09_c20-test-0662,test,20,1,1,
syn-e09_c20-test-0663,test,20,1,1,
syn-e09_c20-test-0664,test,20,1,1,
syn-e09_c20-test-0665,test,20,1,1,
syn-e09_c20-test-0666,test,20,1,1,
syn-e09_c20-test-0667,test,20,1,1,
syn-e09_c20-test-0668,test,20,1,1,
syn-e09_c20-test-0669,test,20,1,1,
syn-e09_c20-test-0670,test,20,1,1,
syn-e09_c20-test-0671,test,20,1,1,
syn-e09_c20-test-0672,test,20,1,1,
syn-e09_c20-test-0673,test,20,1,1,
syn-e09_c20-test-0674,test,20,1,1,
syn-e09_c20-test-0675,test,20,1,1,
syn-e09_c20-test-0676,test,20,1,1,
syn-e09_c20-test-0677,test,20,1,1,
syn-e09_c20-test-0678,test,20,1,1,
syn-e09_c20-test-0679,test,20,1,1,
syn-e09_c20-test-0680,test,20,1,1,
syn-e09_c20-test-0681,test,20,1,1,
syn-e09_c20-test-0682,test,20,1,1,
syn-e09_c20-test-0683,test,20,1,1,
syn-e09_c20-test-0684,test,20,1,1,
syn-e09_c20-test-0685,test,20,1,1,
syn-e09_c20-test-0686,test,20,1,1,
syn-e09_c20-test-0687,test,20,1,1,
syn-e09_c20-test-0688,test,20,1,1,
syn-e09_c20-test-0689,test,20,1,1,
syn-e09_c20-test-0690,test,20,1,1,
syn-e09_c20-test-0691,test,20,1,1,
syn-e09_c20-test-0692,test,20,1,1,
syn-e09_c20-test-0693,test,20,1,1,
syn-e09_c20-test-0694,test,20,1,1,
syn-e09_c20-test-0695,test,20,1,1,
syn-e09_c20-test-0696,test,20,1,1,
syn-e09_c20-test-0697,test,20,1,1,
syn-e09_c20-test-0698,test,20,1,1,
syn-e09_c20-test-0699,test,20,1,1,
syn-e09_c20-test-0700,test,20,1,1,
syn-e12_c05-dev-0001,dev,5,1,1,
syn-e12_c05-dev-0002,dev,5,1,1,
syn-e12_c05-dev-0003,dev,5,1,1,
syn-e12_c05-dev-0004,dev,5,1,1,
syn-e12_c05-dev-0005,dev,5,1,1,
syn-e12_c05-dev-0006,dev,5,1,1,
syn-e12_c05-dev-0007,dev,5,1,1,
syn-e12_c05-dev-0008,dev,5,1,1,
syn-e12_c05-dev-0009,dev,5,1,1,
syn-e12_c05-dev-0010,dev,5,1,1,
syn-e12_c05-dev-0011,dev,5,1,1,
syn-e12_c05-dev-0012,dev,5,1,1,
syn-e12_c05-dev-0013,dev,5,1,1,
syn-e12_c05-dev-0014,dev,5,1,1,
syn-e12_c05-dev-0015,dev,5,1,1,
syn-e12_c05-dev-0016,dev,5,1,1,
syn-e12_c05-dev-0017,dev,5,1,1,
syn-e12_c05-dev-0018,dev,5,1,1,
syn-e12_c05-dev-0019,dev,5,1,1,
syn-e12_c05-dev-0020,dev,5,1,1,
syn-e12_c05-dev-0021,dev,5,1,1,
syn-e12_c05-dev-0022,dev,5,1,1,
syn-e12_c05-dev-0023,dev,5,1,1,
syn-e12_c05-dev-0024,dev,5,1,1,
syn-e12_c05-dev-0025,dev,5,1,1,
syn-e12_c05-dev-0026,dev,5,1,1,
syn-e12_c05-dev-0027,dev,5,1,1,
syn-e12_c05-dev-0028,dev,5,1,1,
syn-e12_c05-dev-0029,dev,5,1,1,
syn-e12_c05-dev-0030,dev,5,1,1,
syn-e12_c05-dev-0031,dev,5,1,1,
syn-e12_c05-dev-0032,dev,5,1,1,
syn-e12_c05-dev-0033,dev,5,1,1,
syn-e12_c05-dev-0034,dev,5,1,1,
syn-e12_c05-dev-0035,dev,5,1,1,
syn-e12_c05-dev-0036,dev,5,1,1,
syn-e12_c05-dev-0037,dev,5,1,1,
syn-e12_c05-dev-0038,dev,5,1,1,
syn-e12_c05-dev-0039,dev,5,1,1,
syn-e12_c05-dev-0040,dev,5,1,1,
syn-e12_c05-dev-0041,dev,5,1,1,
syn-e12_c05-dev-0042,dev,5,1,1,
syn-e12_c05-dev-0043,dev,5,1,1,
syn-e12_c05-dev-0044,dev,5,1,1,
syn-e12_c05-dev-0045,dev,5,1,1,
syn-e12_c05-dev-0046,dev,5,1,1,
syn-e12_c05-dev-0047,dev,5,1,1,
syn-e12_c05-dev-0048,dev,5,1,1,
syn-e12_c05-dev-0049,dev,5,1,1,
syn-e12_c05-dev-0050,dev,5,1,1,
syn-e12_c05-dev-0051,dev,5,1,1,
syn-e12_c05-dev-0052,dev,5,1,1,
syn-e12_c05-dev-0053,dev,5,1,1,
syn-e12_c05-dev-0054,dev,5,1,1,
syn-e12_c05-dev-0055,dev,5,1,1,
syn-e12_c05-dev-0056,dev,5,1,1,
syn-e12_c05-dev-0057,dev,5,1,1,
syn-e12_c05-dev-0058,dev,5,1,1,
syn-e12_c05-dev-0059,dev,5,1,1,
syn-e12_c05-dev-0060,dev,5,1,1,
syn-e12_c05-dev-0061,dev,5,1,1,
syn-e12_c05-dev-0062,dev,5,1,1,
syn-e12_c05-dev-0063,dev,5,1,1,
syn-e12_c05-dev-0064,dev,5,1,1,
syn-e12_c05-dev-0065,dev,5,1,1,
syn-e12_c05-dev-0066,dev,5,1,1,
syn-e12_c05-dev-0067,dev,5,1,1,
syn-e12_c05-dev-0068,dev,5,1,1,
syn-e12_c05-dev-0069,dev,5,1,1,
syn-e12_c05-dev-0070,dev,5,1,1,
syn-e12_c05-dev-0071,dev,5,1,1,
syn-e12_c05-dev-0072,dev,5,1,1,
syn-e12_c05-dev-0073,dev,5,1,1,
syn-e12_c05-dev-0074,dev,5,1,1,
syn-e12_c05-dev-0075,dev,5,1,1,
syn-e12_c05-dev-0076,dev,5,1,1,
syn-e12_c05-dev-0077,dev,5,1,1,
syn-e12_c05-dev-0078,dev,5,1,1,
syn-e12_c05-dev-0079,dev,5,1,1,
syn-e12_c05-dev-0080,dev,5,1,1,
syn-e12_c05-dev-0081,dev,5,1,1,
syn-e12_c05-dev-0082,dev,5,1,1,
syn-e12_c05-dev-0083,dev,5,1,1,
syn-e12_c05-dev-0084,dev,5,1,1,
syn-e12_c05-dev-0085,dev,5,1,1,
syn-e12_c05-dev-0086,dev,5,1,1,
syn-e12_c05-dev-0087,dev,5,1,1,
syn-e12_c05-dev-0088,dev,5,1,1,
syn-e12_c05-dev-0089,dev,5,1,1,
syn-e12_c05-dev-0090,dev,5,1,1,
syn-e12_c05-dev-0091,dev,5,1,1,
syn-e12_c05-dev-0092,dev,5,1,1,
syn-e12_c05-dev-0093,dev,5,1,1,
syn-e12_c05-dev-0094,dev,5,1,1,
syn-e12_c05-dev-0095,dev,5,1,1,
syn-e12_c05-dev-0096,dev,5,1,1,
syn-e12_c05-dev-0097,dev,5,1,1,
syn-e12_c05-dev-0098,dev,5,1,1,
syn-e12_c05-dev-0099,dev,5,1,1,
syn-e12_c05-dev-0100,dev,5,1,1,
syn-e12_c05-dev-0101,dev,5,1,1,
syn-e12_c05-dev-0102,dev,5,1,1,
syn-e12_c05-dev-0103,dev,5,1,1,
syn-e12_c05-dev-0104,dev,5,1,1,
syn-e12_c05-dev-0105,dev,5,1,1,
syn-e12_c05-dev-0106,dev,5,1,1,
syn-e12_c05-dev-0107,dev,5,1,1,
syn-e12_c05-dev-0108,dev,5,1,1,
syn-e12_c05-dev-0109,dev,5,1,1,
syn-e12_c05-dev-0110,dev,5,1,1,
syn-e12_c05-dev-0111,dev,5,1,1,
syn-e12_c05-dev-0112,dev,5,1,1,
syn-e12_c05-dev-0113,dev,5,1,1,
syn-e12_c05-dev-0114,dev,5,1,1,
syn-e12_c05-dev-0115,dev,5,1,1,
syn-e12_c05-dev-0116,dev,5,1,1,
syn-e12_c05-dev-0117,dev,5,1,1,
syn-e12_c05-dev-0118,dev,5,1,1,
syn-e12_c05-dev-0119,dev,5,1,1,
syn-e12_c05-dev-0120,dev,5,1,1,
syn-e12_c05-dev-0121,dev,5,1,1,
syn-e12_c05-dev-0122,dev,5,1,1,
syn-e12_c05-dev-0123,dev,5,1,1,
syn-e12_c05-dev-0124,dev,5,1,1,
syn-e12_c05-dev-0125,dev,5,1,1,
syn-e12_c05-dev-0126,dev,5,1,1,
syn-e12_c05-dev-0127,dev,5,1,1,
syn-e12_c05-dev-0128,dev,5,1,1,
syn-e12_c05-dev-0129,dev,5,1,1,
syn-e12_c05-dev-0130,dev,5,1,1,
syn-e12_c05-dev-0131,dev,5,1,1,
syn-e12_c05-dev-0132,dev,5,1,1,
syn-e12_c05-dev-0133,dev,5,1,1,
syn-e12_c05-dev-0134,dev,5,1,1,
syn-e12_c05-dev-0135,dev,5,1,1,
syn-e12_c05-dev-0136,dev,5,1,1,
syn-e12_c05-dev-0137,dev,5,1,1,
syn-e12_c05-dev-0138,dev,5,1,1,
syn-e12_c05-dev-0139,dev,5,1,1,
syn-e12_c05-dev-0140,dev,5,1,1,
syn-e12_c05-dev-0141,dev,5,1,1,
syn-e12_c05-dev-0142,dev,5,1,1,
syn-e12_c05-dev-0143,dev,5,1,1,
syn-e12_c05-dev-0144,dev,5,1,1,
syn-e12_c05-dev-0145,dev,5,1,1,
syn-e12_c05-dev-0146,dev,5,1,1,
syn-e12_c05-dev-0147,dev,5,1,1,
syn-e12_c05-dev-0148,dev,5,1,1,
syn-e12_c05-dev-0149,dev,5,1,1,
syn-e12_c05-dev-0150,dev,5,1,1,
syn-e12_c05-dev-0151,dev,5,1,1,
syn-e12_c05-dev-0152,dev,5,1,1,
syn-e12_c05-dev-0153,dev,5,1,1,
syn-e12_c05-dev-0154,dev,5,1,1,
syn-e12_c05-dev-0155,dev,5,1,1,
syn-e12_c05-dev-0156,dev,5,1,1,
syn-e12_c05-dev-0157,dev,5,1,1,
syn-e12_c05-dev-0158,dev,5,1,1,
syn-e12_c05-dev-0159,dev,5,1,1,
syn-e12_c05-dev-0160,dev,5,1,1,
syn-e12_c05-dev-0161,dev,5,1,1,
syn-e12_c05-dev-0162,dev,5,1,1,
syn-e12_c05-dev-0163,dev,5,1,1,
syn-e12_c05-dev-0164,dev,5,1,1,
syn-e12_c05-dev-0165,dev,5,1,1,
syn-e12_c05-dev-0166,dev,5,1,1,
syn-e12_c05-dev-0167,dev,5,1,1,
syn-e12_c05-dev-0168,dev,5,1,1,
syn-e12_c05-dev-0169,dev,5,1,1,
syn-e12_c05-dev-0170,dev,5,1,1,
syn-e12_c05-dev-0171,dev,5,1,1,
syn-e12_c05-dev-0172,dev,5,1,1,
syn-e12_c05-dev-0173,dev,5,1,1,
syn-e12_c05-dev-0174,dev,5,1,1,
syn-e12_c05-dev-0175,dev,5,1,1,
syn-e12_c05-dev-0176,dev,5,1,1,
syn-e12_c05-dev-0177,dev,5,1,1,
syn-e12_c05-dev-0178,dev,5,1,1,
syn-e12_c05-dev-0179,dev,5,1,1,
syn-e12_c05-dev-0180,dev,5,1,1,
syn-e12_c05-dev-0181,dev,5,1,1,
syn-e12_c05-dev-0182,dev,5,1,1,
syn-e12_c05-dev-0183,dev,5,1,1,
syn-e12_c05-dev-0184,dev,5,1,1,
syn-e12_c05-dev-0185,dev,5,1,1,
syn-e12_c05-dev-0186,dev,5,1,1,
syn-e12_c05-dev-0187,dev,5,1,1,
syn-e12_c05-dev-0188,dev,5,1,1,
syn-e12_c05-dev-0189,dev,5,1,1,
syn-e12_c05-dev-0190,dev,5,1,1,
syn-e12_c05-dev-0191,dev,5,1,1,
syn-e12_c05-dev-0192,dev,5,1,1,
syn-e12_c05-dev-0193,dev,5,1,1,
syn-e12_c05-dev-0194,dev,5,1,1,
syn-e12_c05-dev-0195,dev,5,1,1,
syn-e12_c05-dev-0196,dev,5,1,1,
syn-e12_c05-dev-0197,dev,5,1,1,
syn-e12_c05-dev-0198,dev,5,1,1,
syn-e12_c05-dev-0199,dev,5,1,1,
syn-e12_c05-dev-0200,dev,5,1,1,
syn-e12_c05-dev-0201,dev,5,1,1,
syn-e12_c05-dev-0202,dev,5,1,1,
syn-e12_c05-dev-0203,dev,5,1,1,
syn-e12_c05-dev-0204,dev,5,1,1,
syn-e12_c05-dev-0205,dev,5,1,1,
syn-e12_c05-dev-0206,dev,5,1,1,
syn-e12_c05-dev-0207,dev,5,1,1,
syn-e12_c05-dev-0208,dev,5,1,1,
syn-e12_c05-dev-0209,dev,5,1,1,
syn-e12_c05-dev-0210,dev,5,1,1,
syn-e12_c05-dev-0211,dev,5,1,1,
syn-e12_c05-dev-0212,dev,5,1,1,
syn-e12_c05-dev-0213,dev,5,1,1,
syn-e12_c05-dev-0214,dev,5,1,1,
syn-e12_c05-dev-0215,dev,5,1,1,
syn-e12_c05-dev-0216,dev,5,1,1,
syn-e12_c05-dev-0217,dev,5,1,1,
syn-e12_c05-dev-0218,dev,5,1,1,
syn-e12_c05-dev-0219,dev,5,1,1,
syn-e12_c05-dev-0220,dev,5,1,1,
syn-e12_c05-dev-0221,dev,5,1,1,
syn-e12_c05-dev-0222,dev,5,1,1,
syn-e12_c05-dev-0223,dev,5,1,1,
syn-e12_c05-dev-0224,dev,5,1,1,
syn-e12_c05-dev-0225,dev,5,1,1,
syn-e12_c05-dev-0226,dev,5,1,1,
syn-e12_c05-dev-0227,dev,5,1,1,
syn-e12_c05-dev-0228,dev,5,1,1,
syn-e12_c05-dev-0229,dev,5,1,1,
syn-e12_c05-dev-0230,dev,5,1,1,
syn-e12_c05-dev-0231,dev,5,1,1,
syn-e12_c05-dev-0232,dev,5,1,1,
syn-e12_c05-dev-0233,dev,5,1,1,
syn-e12_c05-dev-0234,dev,5,1,1,
syn-e12_c05-dev-0235,dev,5,1,1,
syn-e12_c05-dev-0236,dev,5,1,1,
syn-e12_c05-dev-0237,dev,5,1,1,
syn-e12_c05-dev-0238,dev,5,1,1,
syn-e12_c05-dev-0239,dev,5,1,1,
syn-e12_c05-dev-0240,dev,5,1,1,
syn-e12_c05-dev-0241,dev,5,1,1,
syn-e12_c05-dev-0242,dev,5,1,1,
syn-e12_c05-dev-0243,dev,5,1,1,
syn-e12_c05-dev-0244,dev,5,1,1,
syn-e12_c05-dev-0245,dev,5,1,1,
syn-e12_c05-dev-0246,dev,5,1,1,
syn-e12_c05-dev-0247,dev,5,1,1,
syn-e12_c05-dev-0248,dev,5,1,1,
syn-e12_c05-dev-0249,dev,5,1,1,
syn-e12_c05-dev-0250,dev,5,1,1,
syn-e12_c05-dev-0251,dev,5,1,1,
syn-e12_c05-dev-0252,dev,5,1,1,
syn-e12_c05-dev-0253,dev,5,1,1,
syn-e12_c05-dev-0254,dev,5,1,1,
syn-e12_c05-dev-0255,dev,5,1,1,
syn-e12_c05-dev-0256,dev,5,1,1,
syn-e12_c05-dev-0257,dev,5,1,1,
syn-e12_c05-dev-0258,dev,5,1,1,
syn-e12_c05-dev-0259,dev,5,1,1,
syn-e12_c05-dev-0260,dev,5,1,1,
syn-e12_c05-dev-0261,dev,5,1,1,
syn-e12_c05-dev-0262,dev,5,1,1,
syn-e12_c05-dev-0263,dev,5,1,1,
syn-e12_c05-dev-0264,dev,5,1,1,
syn-e12_c05-dev-0265,dev,5,1,1,
syn-e12_c05-dev-0266,dev,5,1,1,
syn-e12_c05-dev-0267,dev,5,1,1,
syn-e12_c05-dev-0268,dev,5,1,1,
syn-e12_c05-dev-0269,dev,5,1,1,
syn-e12_c05-dev-0270,dev,5,1,1,
syn-e12_c05-dev-0271,dev,5,1,1,
syn-e12_c05-dev-0272,dev,5,1,1,
syn-e12_c05-dev-0273,dev,5,1,1,
syn-e12_c05-dev-0274,dev,5,1,1,
syn-e12_c05-dev-0275,dev,5,1,1,
syn-e12_c05-dev-0276,dev,5,1,1,
syn-e12_c05-dev-0277,dev,5,1,1,
syn-e12_c05-dev-0278,dev,5,1,1,
syn-e12_c05-dev-0279,dev,5,1,1,
syn-e12_c05-dev-0280,dev,5,1,1,
syn-e12_c05-dev-0281,dev,5,1,1,
syn-e12_c05-dev-0282,dev,5,1,1,
syn-e12_c05-dev-0283,dev,5,1,1,
syn-e12_c05-dev-0284,dev,5,1,1,
syn-e12_c05-dev-0285,dev,5,1,1,
syn-e12_c05-dev-0286,dev,5,1,1,
syn-e12_c05-dev-0287,dev,5,1,1,
syn-e12_c05-dev-0288,dev,5,1,1,
syn-e12_c05-dev-0289,dev,5,1,1,
syn-e12_c05-dev-0290,dev,5,1,1,
syn-e12_c05-dev-0291,dev,5,1,1,
syn-e12_c05-dev-0292,dev,5,1,1,
syn-e12_c05-dev-0293,dev,5,1,1,
syn-e12_c05-dev-0294,dev,5,1,1,
syn-e12_c05-dev-0295,dev,5,1,1,
syn-e12_c05-dev-0296,dev,5,1,1,
syn-e12_c05-dev-0297,dev,5,1,1,
syn-e12_c05-dev-0298,dev,5,1,1,
syn-e12_c05-dev-0299,dev,5,1,1,
syn-e12_c05-dev-0300,dev,5,1,1,
syn-e12_c05-test-0001,test,5,1,1,
syn-e12_c05-test-0002,test,5,1,1,
syn-e12_c05-test-0003,test,5,1,1,
syn-e12_c05-test-0004,test,5,1,1,
syn-e12_c05-test-0005,test,5,1,1,
syn-e12_c05-test-0006,test,5,1,1,
syn-e12_c05-test-0007,test,5,1,1,
syn-e12_c05-test-0008,test,5,1,1,
syn-e12_c05-test-0009,test,5,1,1,
syn-e12_c05-test-0010,test,5,1,1,
syn-e12_c05-test-0011,test,5,1,1,
syn-e12_c05-test-0012,test,5,1,1,
syn-e12_c05-test-0013,test,5,1,1,
syn-e12_c05-test-0014,test,5,1,1,
syn-e12_c05-test-0015,test,5,1,1,
syn-e12_c05-test-0016,test,5,1,1,
syn-e12_c05-test-0017,test,5,1,1,
syn-e12_c05-test-0018,test,5,1,1,
syn-e12_c05-test-0019,test,5,1,1,
syn-e12_c05-test-0020,test,5,1,1,
syn-e12_c05-test-0021,test,5,1,1,
syn-e12_c05-test-0022,test,5,1,1,
syn-e12_c05-test-0023,test,5,1,1,
syn-e12_c05-test-0024,test,5,1,1,
syn-e12_c05-test-0025,test,5,1,1,
syn-e12_c05-test-0026,test,5,1,1,
syn-e12_c05-test-0027,test,5,1,1,
syn-e12_c05-test-0028,test,5,1,1,
syn-e12_c05-test-0029,test,5,1,1,
syn-e12_c05-test-0030,test,5,1,1,
syn-e12_c05-test-0031,test,5,1,1,
syn-e12_c05-test-0032,test,5,1,1,
syn-e12_c05-test-0033,test,5,1,1,
syn-e12_c05-test-0034,test,5,1,1,
syn-e12_c05-test-0035,test,5,1,1,
syn-e12_c05-test-0036,test,5,1,1,
syn-e12_c05-test-0037,test,5,1,1,
syn-e12_c05-test-0038,test,5,1,1,
syn-e12_c05-test-0039,test,5,1,1,
syn-e12_c05-test-0040,test,5,1,1,
syn-e12_c05-test-0041,test,5,1,1,
syn-e12_c05-test-0042,test,5,1,1,
syn-e12_c05-test-0043,test,5,1,1,
syn-e12_c05-test-0044,test,5,1,1,
syn-e12_c05-test-0045,test,5,1,1,
syn-e12_c05-test-0046,test,5,1,1,
syn-e12_c05-test-0047,test,5,1,1,
syn-e12_c05-test-0048,test,5,1,1,
syn-e12_c05-test-0049,test,5,1,1,
syn-e12_c05-test-0050,test,5,1,1,
syn-e12_c05-test-0051,test,5,1,1,
syn-e12_c05-test-0052,test,5,1,1,
syn-e12_c05-test-0053,test,5,1,1,
syn-e12_c05-test-0054,test,5,1,1,
syn-e12_c05-test-0055,test,5,1,1,
syn-e12_c05-test-0056,test,5,1,1,
syn-e12_c05-test-0057,test,5,1,1,
syn-e12_c05-test-0058,test,5,1,1,
syn-e12_c05-test-0059,test,5,1,1,
syn-e12_c05-test-0060,test,5,1,1,
syn-e12_c05-test-0061,test,5,1,1,
syn-e12_c05-test-0062,test,5,1,1,
syn-e12_c05-test-0063,test,5,1,1,
syn-e12_c05-test-0064,test,5,1,1,
syn-e12_c05-test-0065,test,5,1,1,
syn-e12_c05-test-0066,test,5,1,1,
syn-e12_c05-test-0067,test,5,1,1,
syn-e12_c05-test-0068,test,5,1,1,
syn-e12_c05-test-0069,test,5,1,1,
syn-e12_c05-test-0070,test,5,1,1,
syn-e12_c05-test-0071,test,5,1,1,
syn-e12_c05-test-0072,test,5,1,1,
syn-e12_c05-test-0073,test,5,1,1,
syn-e12_c05-test-0074,test,5,1,1,
syn-e12_c05-test-0075,test,5,1,1,
syn-e12_c05-test-0076,test,5,1,1,
syn-e12_c05-test-0077,test,5,1,1,
syn-e12_c05-test-0078,test,5,1,1,
syn-e12_c05-test-0079,test,5,1,1,
syn-e12_c05-test-0080,test,5,1,1,
syn-e12_c05-test-0081,test,5,1,1,
syn-e12_c05-test-0082,test,5,1,1,
syn-e12_c05-test-0083,test,5,1,1,
syn-e12_c05-test-0084,test,5,1,1,
syn-e12_c05-test-0085,test,5,1,1,
syn-e12_c05-test-0086,test,5,1,1,
syn-e12_c05-test-0087,test,5,1,1,
syn-e12_c05-test-0088,test,5,1,1,
syn-e12_c05-test-0089,test,5,1,1,
syn-e12_c05-test-0090,test,5,1,1,
syn-e12_c05-test-0091,test,5,1,1,
syn-e12_c05-test-0092,test,5,1,1,
syn-e12_c05-test-0093,test,5,1,1,
syn-e12_c05-test-0094,test,5,1,1,
syn-e12_c05-test-0095,test,5,1,1,
syn-e12_c05-test-0096,test,5,1,1,
syn-e12_c05-test-0097,test,5,1,1,
syn-e12_c05-test-0098,test,5,1,1,
syn-e12_c05-test-0099,test,5,1,1,
syn-e12_c05-test-0100,test,5,1,1,
syn-e12_c05-test-0101,test,5,1,1,
syn-e12_c05-test-0102,test,5,1,1,
syn-e12_c05-test-0103,test,5,1,1,
syn-e12_c05-test-0104,test,5,1,1,
syn-e12_c05-test-0105,test,5,1,1,
syn-e12_c05-test-0106,test,5,1,1,
syn-e12_c05-test-0107,test,5,1,1,
syn-e12_c05-test-0108,test,5,1,1,
syn-e12_c05-test-0109,test,5,1,1,
syn-e12_c05-test-0110,test,5,1,1,
syn-e12_c05-test-0111,test,5,1,1,
syn-e12_c05-test-0112,test,5,1,1,
syn-e12_c05-test-0113,test,5,1,1,
syn-e12_c05-test-0114,test,5,1,1,
syn-e12_c05-test-0115,test,5,1,1,
syn-e12_c05-test-0116,test,5,1,1,
syn-e12_c05-test-0117,test,5,1,1,
syn-e12_c05-test-0118,test,5,1,1,
syn-e12_c05-test-0119,test,5,1,1,
syn-e12_c05-test-0120,test,5,1,1,
syn-e12_c05-test-0121,test,5,1,1,
syn-e12_c05-test-0122,test,5,1,1,
syn-e12_c05-test-0123,test,5,1,1,
syn-e12_c05-test-0124,test,5,1,1,
syn-e12_c05-test-0125,test,5,1,1,
syn-e12_c05-test-0126,test,5,1,1,
syn-e12_c05-test-0127,test,5,1,1,
syn-e12_c05-test-0128,test,5,1,1,
syn-e12_c05-test-0129,test,5,1,1,
syn-e12_c05-test-0130,test,5,1,1,
syn-e12_c05-test-0131,test,5,1,1,
syn-e12_c05-test-0132,test,5,1,1,
syn-e12_c05-test-0133,test,5,1,1,
syn-e12_c05-test-0134,test,5,1,1,
syn-e12_c05-test-0135,test,5,1,1,
syn-e12_c05-test-0136,test,5,1,1,
syn-e12_c05-test-0137,test,5,1,1,
syn-e12_c05-test-0138,test,5,1,1,
syn-e12_c05-test-0139,test,5,1,1,
syn-e12_c05-test-0140,test,5,1,1,
syn-e12_c05-test-0141,test,5,1,1,
syn-e12_c05-test-0142,test,5,1,1,
syn-e12_c05-test-0143,test,5,1,1,
syn-e12_c05-test-0144,test,5,1,1,
syn-e12_c05-test-0145,test,5,1,1,
syn-e12_c05-test-0146,test,5,1,1,
syn-e12_c05-test-0147,test,5,1,1,
syn-e12_c05-test-0148,test,5,1,1,
syn-e12_c05-test-0149,test,5,1,1,
syn-e12_c05-test-0150,test,5,1,1,
syn-e12_c05-test-0151,test,5,1,1,
syn-e12_c05-test-0152,test,5,1,1,
syn-e12_c05-test-0153,test,5,1,1,
syn-e12_c05-test-0154,test,5,1,1,
syn-e12_c05-test-0155,test,5,1,1,
syn-e12_c05-test-0156,test,5,1,1,
syn-e12_c05-test-0157,test,5,1,1,
syn-e12_c05-test-0158,test,5,1,1,
syn-e12_c05-test-0159,test,5,1,1,
syn-e12_c05-test-0160,test,5,1,1,
syn-e12_c05-test-0161,test,5,1,1,
syn-e12_c05-test-0162,test,5,1,1,
syn-e12_c05-test-0163,test,5,1,1,
syn-e12_c05-test-0164,test,5,1,1,
syn-e12_c05-test-0165,test,5,1,1,
syn-e12_c05-test-0166,test,5,1,1,
syn-e12_c05-test-0167,test,5,1,1,
syn-e12_c05-test-0168,test,5,1,1,
syn-e12_c05-test-0169,test,5,1,1,
syn-e12_c05-test-0170,test,5,1,1,
syn-e12_c05-test-0171,test,5,1,1,
syn-e12_c05-test-0172,test,5,1,1,
syn-e12_c05-test-0173,test,5,1,1,
syn-e12_c05-test-0174,test,5,1,1,
syn-e12_c05-test-0175,test,5,1,1,
syn-e12_c05-test-0176,test,5,1,1,
syn-e12_c05-test-0177,test,5,1,1,
syn-e12_c05-test-0178,test,5,1,1,
syn-e12_c05-test-0179,test,5,1,1,
syn-e12_c05-test-0180,test,5,1,1,
syn-e12_c05-test-0181,test,5,1,1,
syn-e12_c05-test-0182,test,5,1,1,
syn-e12_c05-test-0183,test,5,1,1,
syn-e12_c05-test-0184,test,5,1,1,
syn-e12_c05-test-0185,test,5,1,1,
syn-e12_c05-test-0186,test,5,1,1,
syn-e12_c05-test-0187,test,5,1,1,
syn-e12_c05-test-0188,test,5,1,1,
syn-e12_c05-test-0189,test,5,1,1,
syn-e12_c05-test-0190,test,5,1,1,
syn-e12_c05-test-0191,test,5,1,1,
syn-e12_c05-test-0192,test,5,1,1,
syn-e12_c05-test-0193,test,5,1,1,
syn-e12_c05-test-0194,test,5,1,1,
syn-e12_c05-test-0195,test,5,1,1,
syn-e12_c05-test-0196,test,5,1,1,
syn-e12_c05-test-0197,test,5,1,1,
syn-e12_c05-test-0198,test,5,1,1,
syn-e12_c05-test-0199,test,5,1,1,
syn-e12_c05-test-0200,test,5,1,1,
syn-e12_c05-test-0201,test,5,1,1,
syn-e12_c05-test-0202,test,5,1,1,
syn-e12_c05-test-0203,test,5,1,1,
syn-e12_c05-test-0204,test,5,1,1,
syn-e12_c05-test-0205,test,5,1,1,
syn-e12_c05-test-0206,test,5,1,1,
syn-e12_c05-test-0207,test,5,1,1,
syn-e12_c05-test-0208,test,5,1,1,
syn-e12_c05-test-0209,test,5,1,1,
syn-e12_c05-test-0210,test,5,1,1,
syn-e12_c05-test-0211,test,5,1,1,
syn-e12_c05-test-0212,test,5,1,1,
syn-e12_c05-test-0213,test,5,1,1,
syn-e12_c05-test-0214,test,5,1,1,
syn-e12_c05-test-0215,test,5,1,1,
syn-e12_c05-test-0216,test,5,1,1,
syn-e12_c05-test-0217,test,5,1,1,
syn-e12_c05-test-0218,test,5,1,1,
syn-e12_c05-test-0219,test,5,1,1,
syn-e12_c05-test-0220,test,5,1,1,
syn-e12_c05-test-0221,test,5,1,1,
syn-e12_c05-test-0222,test,5,1,1,
syn-e12_c05-test-0223,test,5,1,1,
syn-e12_c05-test-0224,test,5,1,1,
syn-e12_c05-test-0225,test,5,1,1,
syn-e12_c05-test-0226,test,5,1,1,
syn-e12_c05-test-0227,test,5,1,1,
syn-e12_c05-test-0228,test,5,1,1,
syn-e12_c05-test-0229,test,5,1,1,
syn-e12_c05-test-0230,test,5,1,1,
syn-e12_c05-test-0231,test,5,1,1,
syn-e12_c05-test-0232,test,5,1,1,
syn-e12_c05-test-0233,test,5,1,1,
syn-e12_c05-test-0234,test,5,1,1,
syn-e12_c05-test-0235,test,5,1,1,
syn-e12_c05-test-0236,test,5,1,1,
syn-e12_c05-test-0237,test,5,1,1,
syn-e12_c05-test-0238,test,5,1,1,
syn-e12_c05-test-0239,test,5,1,1,
syn-e12_c05-test-0240,test,5,1,1,
syn-e12_c05-test-0241,test,5,1,1,
syn-e12_c05-test-0242,test,5,1,1,
syn-e12_c05-test-0243,test,5,1,1,
syn-e12_c05-test-0244,test,5,1,1,
syn-e12_c05-test-0245,test,5,1,1,
syn-e12_c05-test-0246,test,5,1,1,
syn-e12_c05-test-0247,test,5,1,1,
syn-e12_c05-test-0248,test,5,1,1,
syn-e12_c05-test-0249,test,5,1,1,
syn-e12_c05-test-0250,test,5,1,1,
syn-e12_c05-test-0251,test,5,1,1,
syn-e12_c05-test-0252,test,5,1,1,
syn-e12_c05-test-0253,test,5,1,1,
syn-e12_c05-test-0254,test,5,1,1,
syn-e12_c05-test-0255,test,5,1,1,
syn-e12_c05-test-0256,test,5,1,1,
syn-e12_c05-test-0257,test,5,1,1,
syn-e12_c05-test-0258,test,5,1,1,
syn-e12_c05-test-0259,test,5,1,1,
syn-e12_c05-test-0260,test,5,1,1,
syn-e12_c05-test-0261,test,5,1,1,
syn-e12_c05-test-0262,test,5,1,1,
syn-e12_c05-test-0263,test,5,1,1,
syn-e12_c05-test-0264,test,5,1,1,
syn-e12_c05-test-0265,test,5,1,1,
syn-e12_c05-test-0266,test,5,1,1,
syn-e12_c05-test-0267,test,5,1,1,
syn-e12_c05-test-0268,test,5,1,1,
syn-e12_c05-test-0269,test,5,1,1,
syn-e12_c05-test-0270,test,5,1,1,
syn-e12_c05-test-0271,test,5,1,1,
syn-e12_c05-test-0272,test,5,1,1,
syn-e12_c05-test-0273,test,5,1,1,
syn-e12_c05-test-0274,test,5,1,1,
syn-e12_c05-test-0275,test,5,1,1,
syn-e12_c05-test-0276,test,5,1,1,
syn-e12_c05-test-0277,test,5,1,1,
syn-e12_c05-test-0278,test,5,1,1,
syn-e12_c05-test-0279,test,5,1,1,
syn-e12_c05-test-0280,test,5,1,1,
syn-e12_c05-test-0281,test,5,1,1,
syn-e12_c05-test-0282,test,5,1,1,
syn-e12_c05-test-0283,test,5,1,1,
syn-e12_c05-test-0284,test,5,1,1,
syn-e12_c05-test-0285,test,5,1,1,
syn-e12_c05-test-0286,test,5,1,1,
syn-e12_c05-test-0287,test,5,1,1,
syn-e12_c05-test-0288,test,5,1,1,
syn-e12_c05-test-0289,test,5,1,1,
syn-e12_c05-test-0290,test,5,1,1,
syn-e12_c05-test-0291,test,5,1,1,
syn-e12_c05-test-0292,test,5,1,1,
syn-e12_c05-test-0293,test,5,1,1,
syn-e12_c05-test-0294,test,5,1,1,
syn-e12_c05-test-0295,test,5,1,1,
syn-e12_c05-test-0296,test,5,1,1,
syn-e12_c05-test-0297,test,5,1,1,
syn-e12_c05-test-0298,test,5,1,1,
syn-e12_c05-test-0299,test,5,1,1,
syn-e12_c05-test-0300,test,5,1,1,
syn-e12_c05-test-0301,test,5,1,1,
syn-e12_c05-test-0302,test,5,1,1,
syn-e12_c05-test-0303,test,5,1,1,
syn-e12_c05-test-0304,test,5,1,1,
syn-e12_c05-test-0305,test,5,1,1,
syn-e12_c05-test-0306,test,5,1,1,
syn-e12_c05-test-0307,test,5,1,1,
syn-e12_c05-test-0308,test,5,1,1,
syn-e12_c05-test-0309,test,5,1,1,
syn-e12_c05-test-0310,test,5,1,1,
syn-e12_c05-test-0311,test,5,1,1,
syn-e12_c05-test-0312,test,5,1,1,
syn-e12_c05-test-0313,test,5,1,1,
syn-e12_c05-test-0314,test,5,1,1,
syn-e12_c05-test-0315,test,5,1,1,
syn-e12_c05-test-0316,test,5,1,1,
syn-e12_c05-test-0317,test,5,1,1,
syn-e12_c05-test-0318,test,5,1,1,
syn-e12_c05-test-0319,test,5,1,1,
syn-e12_c05-test-0320,test,5,1,1,
syn-e12_c05-test-0321,test,5,1,1,
syn-e12_c05-test-0322,test,5,1,1,
syn-e12_c05-test-0323,test,5,1,1,
syn-e12_c05-test-0324,test,5,1,1,
syn-e12_c05-test-0325,test,5,1,1,
syn-e12_c05-test-0326,test,5,1,1,
syn-e12_c05-test-0327,test,5,1,1,
syn-e12_c05-test-0328,test,5,1,1,
syn-e12_c05-test-0329,test,5,1,1,
syn-e12_c05-test-0330,test,5,1,1,
syn-e12_c05-test-0331,test,5,1,1,
syn-e12_c05-test-0332,test,5,1,1,
syn-e12_c05-test-0333,test,5,1,1,
syn-e12_c05-test-0334,test,5,1,1,
syn-e12_c05-test-0335,test,5,1,1,
syn-e12_c05-test-0336,test,5,1,1,
syn-e12_c05-test-0337,test,5,1,1,
syn-e12_c05-test-0338,test,5,1,1,
syn-e12_c05-test-0339,test,5,1,1,
syn-e12_c05-test-0340,test,5,1,1,
syn-e12_c05-test-0341,test,5,1,1,
syn-e12_c05-test-0342,test,5,1,1,
syn-e12_c05-test-0343,test,5,1,1,
syn-e12_c05-test-0344,test,5,1,1,
syn-e12_c05-test-0345,test,5,1,1,
syn-e12_c05-test-0346,test,5,1,1,
syn-e12_c05-test-0347,test,5,1,1,
syn-e12_c05-test-0348,test,5,1,1,
syn-e12_c05-test-0349,test,5,1,1,
syn-e12_c05-test-0350,test,5,1,1,
syn-e12_c05-test-0351,test,5,1,1,
syn-e12_c05-test-0352,test,5,1,1,
syn-e12_c05-test-0353,test,5,1,1,
syn-e12_c05-test-0354,test,5,1,1,
syn-e12_c05-test-0355,test,5,1,1,
syn-e12_c05-test-0356,test,5,1,1,
syn-e12_c05-test-0357,test,5,1,1,
syn-e12_c05-test-0358,test,5,1,1,
syn-e12_c05-test-0359,test,5,1,1,
syn-e12_c05-test-0360,test,5,1,1,
syn-e12_c05-test-0361,test,5,1,1,
syn-e12_c05-test-0362,test,5,1,1,
syn-e12_c05-test-0363,test,5,1,1,
syn-e12_c05-test-0364,test,5,1,1,
syn-e12_c05-test-0365,test,5,1,1,
syn-e12_c05-test-0366,test,5,1,1,
syn-e12_c05-test-0367,test,5,1,1,
syn-e12_c05-test-0368,test,5,1,1,
syn-e12_c05-test-0369,test,5,1,1,
syn-e12_c05-test-0370,test,5,1,1,
syn-e12_c05-test-0371,test,5,1,1,
syn-e12_c05-test-0372,test,5,1,1,
syn-e12_c05-test-0373,test,5,1,1,
syn-e12_c05-test-0374,test,5,1,1,
syn-e12_c05-test-0375,test,5,1,1,
syn-e12_c05-test-0376,test,5,1,1,
syn-e12_c05-test-0377,test,5,1,1,
syn-e12_c05-test-0378,test,5,1,1,
syn-e12_c05-test-0379,test,5,1,1,
syn-e12_c05-test-0380,test,5,1,1,
syn-e12_c05-test-0381,test,5,1,1,
syn-e12_c05-test-0382,test,5,1,1,
syn-e12_c05-test-0383,test,5,1,1,
syn-e12_c05-test-0384,test,5,1,1,
syn-e12_c05-test-0385,test,5,1,1,
syn-e12_c05-test-0386,test,5,1,1,
syn-e12_c05-test-0387,test,5,1,1,
syn-e12_c05-test-0388,test,5,1,1,
syn-e12_c05-test-0389,test,5,1,1,
syn-e12_c05-test-0390,test,5,1,1,
syn-e12_c05-test-0391,test,5,1,1,
syn-e12_c05-test-0392,test,5,1,1,
syn-e12_c05-test-0393,test,5,1,1,
syn-e12_c05-test-0394,test,5,1,1,
syn-e12_c05-test-0395,test,5,1,1,
syn-e12_c05-test-0396,test,5,1,1,
syn-e12_c05-test-0397,test,5,1,1,
syn-e12_c05-test-0398,test,5,1,1,
syn-e12_c05-test-0399,test,5,1,1,
syn-e12_c05-test-0400,test,5,1,1,
syn-e12_c05-test-0401,test,5,1,1,
syn-e12_c05-test-0402,test,5,1,1,
syn-e12_c05-test-0403,test,5,1,1,
syn-e12_c05-test-0404,test,5,1,1,
syn-e12_c05-test-0405,test,5,1,1,
syn-e12_c05-test-0406,test,5,1,1,
syn-e12_c05-test-0407,test,5,1,1,
syn-e12_c05-test-0408,test,5,1,1,
syn-e12_c05-test-0409,test,5,1,1,
syn-e12_c05-test-0410,test,5,1,1,
syn-e12_c05-test-0411,test,5,1,1,
syn-e12_c05-test-0412,test,5,1,1,
syn-e12_c05-test-0413,test,5,1,1,
syn-e12_c05-test-0414,test,5,1,1,
syn-e12_c05-test-0415,test,5,1,1,
syn-e12_c05-test-0416,test,5,1,1,
syn-e12_c05-test-0417,test,5,1,1,
syn-e12_c05-test-0418,test,5,1,1,
syn-e12_c05-test-0419,test,5,1,1,
syn-e12_c05-test-0420,test,5,1,1,
syn-e12_c05-test-0421,test,5,1,1,
syn-e12_c05-test-0422,test,5,1,1,
syn-e12_c05-test-0423,test,5,1,1,
syn-e12_c05-test-0424,test,5,1,1,
syn-e12_c05-test-0425,test,5,1,1,
syn-e12_c05-test-0426,test,5,1,1,
syn-e12_c05-test-0427,test,5,1,1,
syn-e12_c05-test-0428,test,5,1,1,
syn-e12_c05-test-0429,test,5,1,1,
syn-e12_c05-test-0430,test,5,1,1,
syn-e12_c05-test-0431,test,5,1,1,
syn-e12_c05-test-0432,test,5,1,1,
syn-e12_c05-test-0433,test,5,1,1,
syn-e12_c05-test-0434,test,5,1,1,
syn-e12_c05-test-0435,test,5,1,1,
syn-e12_c05-test-0436,test,5,1,1,
syn-e12_c05-test-0437,test,5,1,1,
syn-e12_c05-test-0438,test,5,1,1,
syn-e12_c05-test-0439,test,5,1,1,
syn-e12_c05-test-0440,test,5,1,1,
syn-e12_c05-test-0441,test,5,1,1,
syn-e12_c05-test-0442,test,5,1,1,
syn-e12_c05-test-0443,test,5,1,1,
syn-e12_c05-test-0444,test,5,1,1,
syn-e12_c05-test-0445,test,5,1,1,
syn-e12_c05-test-0446,test,5,1,1,
syn-e12_c05-test-0447,test,5,1,1,
syn-e12_c05-test-0448,test,5,1,1,
syn-e12_c05-test-0449,test,5,1,1,
syn-e12_c05-test-0450,test,5,1,1,
syn-e12_c05-test-0451,test,5,1,1,
syn-e12_c05-test-0452,test,5,1,1,
syn-e12_c05-test-0453,test,5,1,1,
syn-e12_c05-test-0454,test,5,1,1,
syn-e12_c05-test-0455,test,5,1,1,
syn-e12_c05-test-0456,test,5,1,1,
syn-e12_c05-test-0457,test,5,1,1,
syn-e12_c05-test-0458,test,5,1,1,
syn-e12_c05-test-0459,test,5,1,1,
syn-e12_c05-test-0460,test,5,1,1,
syn-e12_c05-test-0461,test,5,1,1,
syn-e12_c05-test-0462,test,5,1,1,
syn-e12_c05-test-0463,test,5,1,1,
syn-e12_c05-test-0464,test,5,1,1,
syn-e12_c05-test-0465,test,5,1,1,
syn-e12_c05-test-0466,test,5,1,1,
syn-e12_c05-test-0467,test,5,1,1,
syn-e12_c05-test-0468,test,5,1,1,
syn-e12_c05-test-0469,test,5,1,1,
syn-e12_c05-test-0470,test,5,1,1,
syn-e12_c05-test-0471,test,5,1,1,
syn-e12_c05-test-0472,test,5,1,1,
syn-e12_c05-test-0473,test,5,1,1,
syn-e12_c05-test-0474,test,5,1,1,
syn-e12_c05-test-0475,test,5,1,1,
syn-e12_c05-test-0476,test,5,1,1,
syn-e12_c05-test-0477,test,5,1,1,
syn-e12_c05-test-0478,test,5,1,1,
syn-e12_c05-test-0479,test,5,1,1,
syn-e12_c05-test-0480,test,5,1,1,
syn-e12_c05-test-0481,test,5,1,1,
syn-e12_c05-test-0482,test,5,1,1,
syn-e12_c05-test-0483,test,5,1,1,
syn-e12_c05-test-0484,test,5,1,1,
syn-e12_c05-test-0485,test,5,1,1,
syn-e12_c05-test-0486,test,5,1,1,
syn-e12_c05-test-0487,test,5,1,1,
syn-e12_c05-test-0488,test,5,1,1,
syn-e12_c05-test-0489,test,5,1,1,
syn-e12_c05-test-0490,test,5,1,1,
syn-e12_c05-test-0491,test,5,1,1,
syn-e12_c05-test-0492,test,5,1,1,
syn-e12_c05-test-0493,test,5,1,1,
syn-e12_c05-test-0494,test,5,1,1,
syn-e12_c05-test-0495,test,5,1,1,
syn-e12_c05-test-0496,test,5,1,1,
syn-e12_c05-test-0497,test,5,1,1,
syn-e12_c05-test-0498,test,5,1,1,
syn-e12_c05-test-0499,test,5,1,1,
syn-e12_c05-test-0500,test,5,1,1,
syn-e12_c05-test-0501,test,5,1,1,
syn-e12_c05-test-0502,test,5,1,1,
syn-e12_c05-test-0503,test,5,1,1,
syn-e12_c05-test-0504,test,5,1,1,
syn-e12_c05-test-0505,test,5,1,1,
syn-e12_c05-test-0506,test,5,1,1,
syn-e12_c05-test-0507,test,5,1,1,
syn-e12_c05-test-0508,test,5,1,1,
syn-e12_c05-test-0509,test,5,1,1,
syn-e12_c05-test-0510,test,5,1,1,
syn-e12_c05-test-0511,test,5,1,1,
syn-e12_c05-test-0512,test,5,1,1,
syn-e12_c05-test-0513,test,5,1,1,
syn-e12_c05-test-0514,test,5,1,1,
syn-e12_c05-test-0515,test,5,1,1,
syn-e12_c05-test-0516,test,5,1,1,
syn-e12_c05-test-0517,test,5,1,1,
syn-e12_c05-test-0518,test,5,1,1,
syn-e12_c05-test-0519,test,5,1,1,
syn-e12_c05-test-0520,test,5,1,1,
syn-e12_c05-test-0521,test,5,1,1,
syn-e12_c05-test-0522,test,5,1,1,
syn-e12_c05-test-0523,test,5,1,1,
syn-e12_c05-test-0524,test,5,1,1,
syn-e12_c05-test-0525,test,5,1,1,
syn-e12_c05-test-0526,test,5,1,1,
syn-e12_c05-test-0527,test,5,1,1,
syn-e12_c05-test-0528,test,5,1,1,
syn-e12_c05-test-0529,test,5,1,1,
syn-e12_c05-test-0530,test,5,1,1,
syn-e12_c05-test-0531,test,5,1,1,
syn-e12_c05-test-0532,test,5,1,1,
syn-e12_c05-test-0533,test,5,1,1,
syn-e12_c05-test-0534,test,5,1,1,
syn-e12_c05-test-0535,test,5,1,1,
syn-e12_c05-test-0536,test,5,1,1,
syn-e12_c05-test-0537,test,5,1,1,
syn-e12_c05-test-0538,test,5,1,1,
syn-e12_c05-test-0539,test,5,1,1,
syn-e12_c05-test-0540,test,5,1,1,
syn-e12_c05-test-0541,test,5,1,1,
syn-e12_c05-test-0542,test,5,1,1,
syn-e12_c05-test-0543,test,5,1,1,
syn-e12_c05-test-0544,test,5,1,1,
syn-e12_c05-test-0545,test,5,1,1,
syn-e12_c05-test-0546,test,5,1,1,
syn-e12_c05-test-0547,test,5,1,1,
syn-e12_c05-test-0548,test,5,1,1,
syn-e12_c05-test-0549,test,5,1,1,
syn-e12_c05-test-0550,test,5,1,1,
syn-e12_c05-test-0551,test,5,1,1,
syn-e12_c05-test-0552,test,5,1,1,
syn-e12_c05-test-0553,test,5,1,1,
syn-e12_c05-test-0554,test,5,1,1,
syn-e12_c05-test-0555,test,5,1,1,
syn-e12_c05-test-0556,test,5,1,1,
syn-e12_c05-test-0557,test,5,1,1,
syn-e12_c05-test-0558,test,5,1,1,
syn-e12_c05-test-0559,test,5,1,1,
syn-e12_c05-test-0560,test,5,1,1,
syn-e12_c05-test-0561,test,5,1,1,
syn-e12_c05-test-0562,test,5,1,1,
syn-e12_c05-test-0563,test,5,1,1,
syn-e12_c05-test-0564,test,5,1,1,
syn-e12_c05-test-0565,test,5,1,1,
syn-e12_c05-test-0566,test,5,1,1,
syn-e12_c05-test-0567,test,5,1,1,
syn-e12_c05-test-0568,test,5,1,1,
syn-e12_c05-test-0569,test,5,1,1,
syn-e12_c05-test-0570,test,5,1,1,
syn-e12_c05-test-0571,test,5,1,1,
syn-e12_c05-test-0572,test,5,1,1,
syn-e12_c05-test-0573,test,5,1,1,
syn-e12_c05-test-0574,test,5,1,1,
syn-e12_c05-test-0575,test,5,1,1,
syn-e12_c05-test-0576,test,5,1,1,
syn-e12_c05-test-0577,test,5,1,1,
syn-e12_c05-test-0578,test,5,1,1,
syn-e12_c05-test-0579,test,5,1,1,
syn-e12_c05-test-0580,test,5,1,1,
syn-e12_c05-test-0581,test,5,1,1,
syn-e12_c05-test-0582,test,5,1,1,
syn-e12_c05-test-0583,test,5,1,1,
syn-e12_c05-test-0584,test,5,1,1,
syn-e12_c05-test-0585,test,5,1,1,
syn-e12_c05-test-0586,test,5,1,1,
syn-e12_c05-test-0587,test,5,1,1,
syn-e12_c05-test-0588,test,5,1,1,
syn-e12_c05-test-0589,test,5,1,1,
syn-e12_c05-test-0590,test,5,1,1,
syn-e12_c05-test-0591,test,5,1,1,
syn-e12_c05-test-0592,test,5,1,1,
syn-e12_c05-test-0593,test,5,1,1,
syn-e12_c05-test-0594,test,5,1,1,
syn-e12_c05-test-0595,test,5,1,1,
syn-e12_c05-test-0596,test,5,1,1,
syn-e12_c05-test-0597,test,5,1,1,
syn-e12_c05-test-0598,test,5,1,1,
syn-e12_c05-test-0599,test,5,1,1,
syn-e12_c05-test-0600,test,5,1,1,
syn-e12_c05-test-0601,test,5,1,1,
syn-e12_c05-test-0602,test,5,1,1,
syn-e12_c05-test-0603,test,5,1,1,
syn-e12_c05-test-0604,test,5,1,1,
syn-e12_c05-test-0605,test,5,1,1,
syn-e12_c05-test-0606,test,5,1,1,
syn-e12_c05-test-0607,test,5,1,1,
syn-e12_c05-test-0608,test,5,1,1,
syn-e12_c05-test-0609,test,5,1,1,
syn-e12_c05-test-0610,test,5,1,1,
syn-e12_c05-test-0611,test,5,1,1,
syn-e12_c05-test-0612,test,5,1,1,
syn-e12_c05-test-0613,test,5,1,1,
syn-e12_c05-test-0614,test,5,1,1,
syn-e12_c05-test-0615,test,5,1,1,
syn-e12_c05-test-0616,test,5,1,1,
syn-e12_c05-test-0617,test,5,1,1,
syn-e12_c05-test-0618,test,5,1,1,
syn-e12_c05-test-0619,test,5,1,1,
syn-e12_c05-test-0620,test,5,1,1,
syn-e12_c05-test-0621,test,5,1,1,
syn-e12_c05-test-0622,test,5,1,1,
syn-e12_c05-test-0623,test,5,1,1,
syn-e12_c05-test-0624,test,5,1,1,
syn-e12_c05-test-0625,test,5,1,1,
syn-e12_c05-test-0626,test,5,1,1,
syn-e12_c05-test-0627,test,5,1,1,
syn-e12_c05-test-0628,test,5,1,1,
syn-e12_c05-test-0629,test,5,1,1,
syn-e12_c05-test-0630,test,5,1,1,
syn-e12_c05-test-0631,test,5,1,1,
syn-e12_c05-test-0632,test,5,1,1,
syn-e12_c05-test-0633,test,5,1,1,
syn-e12_c05-test-0634,test,5,1,1,
syn-e12_c05-test-0635,test,5,1,1,
syn-e12_c05-test-0636,test,5,1,1,
syn-e12_c05-test-0637,test,5,1,1,
syn-e12_c05-test-0638,test,5,1,1,
syn-e12_c05-test-0639,test,5,1,1,
syn-e12_c05-test-0640,test,5,1,1,
syn-e12_c05-test-0641,test,5,1,1,
syn-e12_c05-test-0642,test,5,1,1,
syn-e12_c05-test-0643,test,5,1,1,
syn-e12_c05-test-0644,test,5,1,1,
syn-e12_c05-test-0645,test,5,1,1,
syn-e12_c05-test-0646,test,5,1,1,
syn-e12_c05-test-0647,test,5,1,1,
syn-e12_c05-test-0648,test,5,1,1,
syn-e12_c05-test-0649,test,5,1,1,
syn-e12_c05-test-0650,test,5,1,1,
syn-e12_c05-test-0651,test,5,1,1,
syn-e12_c05-test-0652,test,5,1,1,
syn-e12_c05-test-0653,test,5,1,1,
syn-e12_c05-test-0654,test,5,1,1,
syn-e12_c05-test-0655,test,5,1,1,
syn-e12_c05-test-0656,test,5,1,1,
syn-e12_c05-test-0657,test,5,1,1,
syn-e12_c05-test-0658,test,5,1,1,
syn-e12_c05-test-0659,test,5,1,1,
syn-e12_c05-test-0660,test,5,1,1,
syn-e12_c05-test-0661,test,5,1,1,
syn-e12_c05-test-0662,test,5,1,1,
syn-e12_c05-test-0663,test,5,1,1,
syn-e12_c05-test-0664,test,5,1,1,
syn-e12_c05-test-0665,test,5,1,1,
syn-e12_c05-test-0666,test,5,1,1,
syn-e12_c05-test-0667,test,5,1,1,
syn-e12_c05-test-0668,test,5,1,1,
syn-e12_c05-test-0669,test,5,1,1,
syn-e12_c05-test-0670,test,5,1,1,
syn-e12_c05-test-0671,test,5,1,1,
syn-e12_c05-test-0672,test,5,1,1,
syn-e12_c05-test-0673,test,5,1,1,
syn-e12_c05-test-0674,test,5,1,1,
syn-e12_c05-test-0675,test,5,1,1,
syn-e12_c05-test-0676,test,5,1,1,
syn-e12_c05-test-0677,test,5,1,1,
syn-e12_c05-test-0678,test,5,1,1,
syn-e12_c05-test-0679,test,5,1,1,
syn-e12_c05-test-0680,test,5,1,1,
syn-e12_c05-test-0681,test,5,1,1,
syn-e12_c05-test-0682,test,5,1,1,
syn-e12_c05-test-0683,test,5,1,1,
syn-e12_c05-test-0684,test,5,1,1,
syn-e12_c05-test-0685,test,5,1,1,
syn-e12_c05-test-0686,test,5,1,1,
syn-e12_c05-test-0687,test,5,1,1,
syn-e12_c05-test-0688,test,5,1,1,
syn-e12_c05-test-0689,test,5,1,1,
syn-e12_c05-test-0690,test,5,1,1,
syn-e12_c05-test-0691,test,5,1,1,
syn-e12_c05-test-0692,test,5,1,1,
syn-e12_c05-test-0693,test,5,1,1,
syn-e12_c05-test-0694,test,5,1,1,
syn-e12_c05-test-0695,test,5,1,1,
syn-e12_c05-test-0696,test,5,1,1,
syn-e12_c05-test-0697,test,5,1,1,
syn-e12_c05-test-0698,test,5,1,1,
syn-e12_c05-test-0699,test,5,1,1,
syn-e12_c05-test-0700,test,5,1,1,
syn-e12_c10-dev-0001,dev,10,1,1,
syn-e12_c10-dev-0002,dev,10,1,1,
syn-e12_c10-dev-0003,dev,10,1,1,
syn-e12_c10-dev-0004,dev,10,1,1,
syn-e12_c10-dev-0005,dev,10,1,1,
syn-e12_c10-dev-0006,dev,10,1,1,
syn-e12_c10-dev-0007,dev,10,1,1,
syn-e12_c10-dev-0008,dev,10,1,1,
syn-e12_c10-dev-0009,dev,10,1,1,
syn-e12_c10-dev-0010,dev,10,1,1,
syn-e12_c10-dev-0011,dev,10,1,1,
syn-e12_c10-dev-0012,dev,10,1,1,
syn-e12_c10-dev-0013,dev,10,1,1,
syn-e12_c10-dev-0014,dev,10,1,1,
syn-e12_c10-dev-0015,dev,10,1,1,
syn-e12_c10-dev-0016,dev,10,1,1,
syn-e12_c10-dev-0017,dev,10,1,1,
syn-e12_c10-dev-0018,dev,10,1,1,
syn-e12_c10-dev-0019,dev,10,1,1,
syn-e12_c10-dev-0020,dev,10,1,1,
syn-e12_c10-dev-0021,dev,10,1,1,
syn-e12_c10-dev-0022,dev,10,1,1,
syn-e12_c10-dev-0023,dev,10,1,1,
syn-e12_c10-dev-0024,dev,10,1,1,
syn-e12_c10-dev-0025,dev,10,1,1,
syn-e12_c10-dev-0026,dev,10,1,1,
syn-e12_c10-dev-0027,dev,10,1,1,
syn-e12_c10-dev-0028,dev,10,1,1,
syn-e12_c10-dev-0029,dev,10,1,1,
syn-e12_c10-dev-0030,dev,10,1,1,
syn-e12_c10-dev-0031,dev,10,1,1,
syn-e12_c10-dev-0032,dev,10,1,1,
syn-e12_c10-dev-0033,dev,10,1,1,
syn-e12_c10-dev-0034,dev,10,1,1,
syn-e12_c10-dev-0035,dev,10,1,1,
syn-e12_c10-dev-0036,dev,10,1,1,
syn-e12_c10-dev-0037,dev,10,1,1,
syn-e12_c10-dev-0038,dev,10,1,1,
syn-e12_c10-dev-0039,dev,10,1,1,
syn-e12_c10-dev-0040,dev,10,1,1,
syn-e12_c10-dev-0041,dev,10,1,1,
syn-e12_c10-dev-0042,dev,10,1,1,
syn-e12_c10-dev-0043,dev,10,1,1,
syn-e12_c10-dev-0044,dev,10,1,1,
syn-e12_c10-dev-0045,dev,10,1,1,
syn-e12_c10-dev-0046,dev,10,1,1,
syn-e12_c10-dev-0047,dev,10,1,1,
syn-e12_c10-dev-0048,dev,10,1,1,
syn-e12_c10-dev-0049,dev,10,1,1,
syn-e12_c10-dev-0050,dev,10,1,1,
syn-e12_c10-dev-0051,dev,10,1,1,
syn-e12_c10-dev-0052,dev,10,1,1,
syn-e12_c10-dev-0053,dev,10,1,1,
syn-e12_c10-dev-0054,dev,10,1,1,
syn-e12_c10-dev-0055,dev,10,1,1,
syn-e12_c10-dev-0056,dev,10,1,1,
syn-e12_c10-dev-0057,dev,10,1,1,
syn-e12_c10-dev-0058,dev,10,1,1,
syn-e12_c10-dev-0059,dev,10,1,1,
syn-e12_c10-dev-0060,dev,10,1,1,
syn-e12_c10-dev-0061,dev,10,1,1,
syn-e12_c10-dev-0062,dev,10,1,1,
syn-e12_c10-dev-0063,dev,10,1,1,
syn-e12_c10-dev-0064,dev,10,1,1,
syn-e12_c10-dev-0065,dev,10,1,1,
syn-e12_c10-dev-0066,dev,10,1,1,
syn-e12_c10-dev-0067,dev,10,1,1,
syn-e12_c10-dev-0068,dev,10,1,1,
syn-e12_c10-dev-0069,dev,10,1,1,
syn-e12_c10-dev-0070,dev,10,1,1,
syn-e12_c10-dev-0071,dev,10,1,1,
syn-e12_c10-dev-0072,dev,10,1,1,
syn-e12_c10-dev-0073,dev,10,1,1,
syn-e12_c10-dev-0074,dev,10,1,1,
syn-e12_c10-dev-0075,dev,10,1,1,
syn-e12_c10-dev-0076,dev,10,1,1,
syn-e12_c10-dev-0077,dev,10,1,1,
syn-e12_c10-dev-0078,dev,10,1,1,
syn-e12_c10-dev-0079,dev,10,1,1,
syn-e12_c10-dev-0080,dev,10,1,1,
syn-e12_c10-dev-0081,dev,10,1,1,
syn-e12_c10-dev-0082,dev,10,1,1,
syn-e12_c10-dev-0083,dev,10,1,1,
syn-e12_c10-dev-0084,dev,10,1,1,
syn-e12_c10-dev-0085,dev,10,1,1,
syn-e12_c10-dev-0086,dev,10,1,1,
syn-e12_c10-dev-0087,dev,10,1,1,
syn-e12_c10-dev-0088,dev,10,1,1,
syn-e12_c10-dev-0089,dev,10,1,1,
syn-e12_c10-dev-0090,dev,10,1,1,
syn-e12_c10-dev-0091,dev,10,1,1,
syn-e12_c10-dev-0092,dev,10,1,1,
syn-e12_c10-dev-0093,dev,10,1,1,
syn-e12_c10-dev-0094,dev,10,1,1,
syn-e12_c10-dev-0095,dev,10,1,1,
syn-e12_c10-dev-0096,dev,10,1,1,
syn-e12_c10-dev-0097,dev,10,1,1,
syn-e12_c10-dev-0098,dev,10,1,1,
syn-e12_c10-dev-0099,dev,10,1,1,
syn-e12_c10-dev-0100,dev,10,1,1,
syn-e12_c10-dev-0101,dev,10,1,1,
syn-e12_c10-dev-0102,dev,10,1,1,
syn-e12_c10-dev-0103,dev,10,1,1,
syn-e12_c10-dev-0104,dev,10,1,1,
syn-e12_c10-dev-0105,dev,10,1,1,
syn-e12_c10-dev-0106,dev,10,1,1,
syn-e12_c10-dev-0107,dev,10,1,1,
syn-e12_c10-dev-0108,dev,10,1,1,
syn-e12_c10-dev-0109,dev,10,1,1,
syn-e12_c10-dev-0110,dev,10,1,1,
syn-e12_c10-dev-0111,dev,10,1,1,
syn-e12_c10-dev-0112,dev,10,1,1,
syn-e12_c10-dev-0113,dev,10,1,1,
syn-e12_c10-dev-0114,dev,10,1,1,
syn-e12_c10-dev-0115,dev,10,1,1,
syn-e12_c10-dev-0116,dev,10,1,1,
syn-e12_c10-dev-0117,dev,10,1,1,
syn-e12_c10-dev-0118,dev,10,1,1,
syn-e12_c10-dev-0119,dev,10,1,1,
syn-e12_c10-dev-0120,dev,10,1,1,
syn-e12_c10-dev-0121,dev,10,1,1,
syn-e12_c10-dev-0122,dev,10,1,1,
syn-e12_c10-dev-0123,dev,10,1,1,
syn-e12_c10-dev-0124,dev,10,1,1,
syn-e12_c10-dev-0125,dev,10,1,1,
syn-e12_c10-dev-0126,dev,10,1,1,
syn-e12_c10-dev-0127,dev,10,1,1,
syn-e12_c10-dev-0128,dev,10,1,1,
syn-e12_c10-dev-0129,dev,10,1,1,
syn-e12_c10-dev-0130,dev,10,1,1,
syn-e12_c10-dev-0131,dev,10,1,1,
syn-e12_c10-dev-0132,dev,10,1,1,
syn-e12_c10-dev-0133,dev,10,1,1,
syn-e12_c10-dev-0134,dev,10,1,1,
syn-e12_c10-dev-0135,dev,10,1,1,
syn-e12_c10-dev-0136,dev,10,1,1,
syn-e12_c10-dev-0137,dev,10,1,1,
syn-e12_c10-dev-0138,dev,10,1,1,
syn-e12_c10-dev-0139,dev,10,1,1,
syn-e12_c10-dev-0140,dev,10,1,1,
syn-e12_c10-dev-0141,dev,10,1,1,
syn-e12_c10-dev-0142,dev,10,1,1,
syn-e12_c10-dev-0143,dev,10,1,1,
syn-e12_c10-dev-0144,dev,10,1,1,
syn-e12_c10-dev-0145,dev,10,1,1,
syn-e12_c10-dev-0146,dev,10,1,1,
syn-e12_c10-dev-0147,dev,10,1,1,
syn-e12_c10-dev-0148,dev,10,1,1,
syn-e12_c10-dev-0149,dev,10,1,1,
syn-e12_c10-dev-0150,dev,10,1,1,
syn-e12_c10-dev-0151,dev,10,1,1,
syn-e12_c10-dev-0152,dev,10,1,1,
syn-e12_c10-dev-0153,dev,10,1,1,
syn-e12_c10-dev-0154,dev,10,1,1,
syn-e12_c10-dev-0155,dev,10,1,1,
syn-e12_c10-dev-0156,dev,10,1,1,
syn-e12_c10-dev-0157,dev,10,1,1,
syn-e12_c10-dev-0158,dev,10,1,1,
syn-e12_c10-dev-0159,dev,10,1,1,
syn-e12_c10-dev-0160,dev,10,1,1,
syn-e12_c10-dev-0161,dev,10,1,1,
syn-e12_c10-dev-0162,dev,10,1,1,
syn-e12_c10-dev-0163,dev,10,1,1,
syn-e12_c10-dev-0164,dev,10,1,1,
syn-e12_c10-dev-0165,dev,10,1,1,
syn-e12_c10-dev-0166,dev,10,1,1,
syn-e12_c10-dev-0167,dev,10,1,1,
syn-e12_c10-dev-0168,dev,10,1,1,
syn-e12_c10-dev-0169,dev,10,1,1,
syn-e12_c10-dev-0170,dev,10,1,1,
syn-e12_c10-dev-0171,dev,10,1,1,
syn-e12_c10-dev-0172,dev,10,1,1,
syn-e12_c10-dev-0173,dev,10,1,1,
syn-e12_c10-dev-0174,dev,10,1,1,
syn-e12_c10-dev-0175,dev,10,1,1,
syn-e12_c10-dev-0176,dev,10,1,1,
syn-e12_c10-dev-0177,dev,10,1,1,
syn-e12_c10-dev-0178,dev,10,1,1,
syn-e12_c10-dev-0179,dev,10,1,1,
syn-e12_c10-dev-0180,dev,10,1,1,
syn-e12_c10-dev-0181,dev,10,1,1,
syn-e12_c10-dev-0182,dev,10,1,1,
syn-e12_c10-dev-0183,dev,10,1,1,
syn-e12_c10-dev-0184,dev,10,1,1,
syn-e12_c10-dev-0185,dev,10,1,1,
syn-e12_c10-dev-0186,dev,10,1,1,
syn-e12_c10-dev-0187,dev,10,1,1,
syn-e12_c10-dev-0188,dev,10,1,1,
syn-e12_c10-dev-0189,dev,10,1,1,
syn-e12_c10-dev-0190,dev,10,1,1,
syn-e12_c10-dev-0191,dev,10,1,1,
syn-e12_c10-dev-0192,dev,10,1,1,
syn-e12_c10-dev-0193,dev,10,1,1,
syn-e12_c10-dev-0194,dev,10,1,1,
syn-e12_c10-dev-0195,dev,10,1,1,
syn-e12_c10-dev-0196,dev,10,1,1,
syn-e12_c10-dev-0197,dev,10,1,1,
syn-e12_c10-dev-0198,dev,10,1,1,
syn-e12_c10-dev-0199,dev,10,1,1,
syn-e12_c10-dev-0200,dev,10,1,1,
syn-e12_c10-dev-0201,dev,10,1,1,
syn-e12_c10-dev-0202,dev,10,1,1,
syn-e12_c10-dev-0203,dev,10,1,1,
syn-e12_c10-dev-0204,dev,10,1,1,
syn-e12_c10-dev-0205,dev,10,1,1,
syn-e12_c10-dev-0206,dev,10,1,1,
syn-e12_c10-dev-0207,dev,10,1,1,
syn-e12_c10-dev-0208,dev,10,1,1,
syn-e12_c10-dev-0209,dev,10,1,1,
syn-e12_c10-dev-0210,dev,10,1,1,
syn-e12_c10-dev-0211,dev,10,1,1,
syn-e12_c10-dev-0212,dev,10,1,1,
syn-e12_c10-dev-0213,dev,10,1,1,
syn-e12_c10-dev-0214,dev,10,1,1,
syn-e12_c10-dev-0215,dev,10,1,1,
syn-e12_c10-dev-0216,dev,10,1,1,
syn-e12_c10-dev-0217,dev,10,1,1,
syn-e12_c10-dev-0218,dev,10,1,1,
syn-e12_c10-dev-0219,dev,10,1,1,
syn-e12_c10-dev-0220,dev,10,1,1,
syn-e12_c10-dev-0221,dev,10,1,1,
syn-e12_c10-dev-0222,dev,10,1,1,
syn-e12_c10-dev-0223,dev,10,1,1,
syn-e12_c10-dev-0224,dev,10,1,1,
syn-e12_c10-dev-0225,dev,10,1,1,
syn-e12_c10-dev-0226,dev,10,1,1,
syn-e12_c10-dev-0227,dev,10,1,1,
syn-e12_c10-dev-0228,dev,10,1,1,
syn-e12_c10-dev-0229,dev,10,1,1,
syn-e12_c10-dev-0230,dev,10,1,1,
syn-e12_c10-dev-0231,dev,10,1,1,
syn-e12_c10-dev-0232,dev,10,1,1,
syn-e12_c10-dev-0233,dev,10,1,1,
syn-e12_c10-dev-0234,dev,10,1,1,
syn-e12_c10-dev-0235,dev,10,1,1,
syn-e12_c10-dev-0236,dev,10,1,1,
syn-e12_c10-dev-0237,dev,10,1,1,
syn-e12_c10-dev-0238,dev,10,1,1,
syn-e12_c10-dev-0239,dev,10,1,1,
syn-e12_c10-dev-0240,dev,10,1,1,
syn-e12_c10-dev-0241,dev,10,1,1,
syn-e12_c10-dev-0242,dev,10,1,1,
syn-e12_c10-dev-0243,dev,10,1,1,
syn-e12_c10-dev-0244,dev,10,1,1,
syn-e12_c10-dev-0245,dev,10,1,1,
syn-e12_c10-dev-0246,dev,10,1,1,
syn-e12_c10-dev-0247,dev,10,1,1,
syn-e12_c10-dev-0248,dev,10,1,1,
syn-e12_c10-dev-0249,dev,10,1,1,
syn-e12_c10-dev-0250,dev,10,1,1,
syn-e12_c10-dev-0251,dev,10,1,1,
syn-e12_c10-dev-0252,dev,10,1,1,
syn-e12_c10-dev-0253,dev,10,1,1,
syn-e12_c10-dev-0254,dev,10,1,1,
syn-e12_c10-dev-0255,dev,10,1,1,
syn-e12_c10-dev-0256,dev,10,1,1,
syn-e12_c10-dev-0257,dev,10,1,1,
syn-e12_c10-dev-0258,dev,10,1,1,
syn-e12_c10-dev-0259,dev,10,1,1,
syn-e12_c10-dev-0260,dev,10,1,1,
syn-e12_c10-dev-0261,dev,10,1,1,
syn-e12_c10-dev-0262,dev,10,1,1,
syn-e12_c10-dev-0263,dev,10,1,1,
syn-e12_c10-dev-0264,dev,10,1,1,
syn-e12_c10-dev-0265,dev,10,1,1,
syn-e12_c10-dev-0266,dev,10,1,1,
syn-e12_c10-dev-0267,dev,10,1,1,
syn-e12_c10-dev-0268,dev,10,1,1,
syn-e12_c10-dev-0269,dev,10,1,1,
syn-e12_c10-dev-0270,dev,10,1,1,
syn-e12_c10-dev-0271,dev,10,1,1,
syn-e12_c10-dev-0272,dev,10,1,1,
syn-e12_c10-dev-0273,dev,10,1,1,
syn-e12_c10-dev-0274,dev,10,1,1,
syn-e12_c10-dev-0275,dev,10,1,1,
syn-e12_c10-dev-0276,dev,10,1,1,
syn-e12_c10-dev-0277,dev,10,1,1,
syn-e12_c10-dev-0278,dev,10,1,1,
syn-e12_c10-dev-0279,dev,10,1,1,
syn-e12_c10-dev-0280,dev,10,1,1,
syn-e12_c10-dev-0281,dev,10,1,1,
syn-e12_c10-dev-0282,dev,10,1,1,
syn-e12_c10-dev-0283,dev,10,1,1,
syn-e12_c10-dev-0284,dev,10,1,1,
syn-e12_c10-dev-0285,dev,10,1,1,
syn-e12_c10-dev-0286,dev,10,1,1,
syn-e12_c10-dev-0287,dev,10,1,1,
syn-e12_c10-dev-0288,dev,10,1,1,
syn-e12_c10-dev-0289,dev,10,1,1,
syn-e12_c10-dev-0290,dev,10,1,1,
syn-e12_c10-dev-0291,dev,10,1,1,
syn-e12_c10-dev-0292,dev,10,1,1,
syn-e12_c10-dev-0293,dev,10,1,1,
syn-e12_c10-dev-0294,dev,10,1,1,
syn-e12_c10-dev-0295,dev,10,1,1,
syn-e12_c10-dev-0296,dev,10,1,1,
syn-e12_c10-dev-0297,dev,10,1,1,
syn-e12_c10-dev-0298,dev,10,1,1,
syn-e12_c10-dev-0299,dev,10,1,1,
syn-e12_c10-dev-0300,dev,10,1,1,
syn-e12_c10-test-0001,test,10,1,1,
syn-e12_c10-test-0002,test,10,1,1,
syn-e12_c10-test-0003,test,10,1,1,
syn-e12_c10-test-0004,test,10,1,1,
syn-e12_c10-test-0005,test,10,1,1,
syn-e12_c10-test-0006,test,10,1,1,
syn-e12_c10-test-0007,test,10,1,1,
syn-e12_c10-test-0008,test,10,1,1,
syn-e12_c10-test-0009,test,10,1,1,
syn-e12_c10-test-0010,test,10,1,1,
syn-e12_c10-test-0011,test,10,1,1,
syn-e12_c10-test-0012,test,10,1,1,
syn-e12_c10-test-0013,test,10,1,1,
syn-e12_c10-test-0014,test,10,1,1,
syn-e12_c10-test-0015,test,10,1,1,
syn-e12_c10-test-0016,test,10,1,1,
syn-e12_c10-test-0017,test,10,1,1,
syn-e12_c10-test-0018,test,10,1,1,
syn-e12_c10-test-0019,test,10,1,1,
syn-e12_c10-test-0020,test,10,1,1,
syn-e12_c10-test-0021,test,10,1,1,
syn-e12_c10-test-0022,test,10,1,1,
syn-e12_c10-test-0023,test,10,1,1,
syn-e12_c10-test-0024,test,10,1,1,
syn-e12_c10-test-0025,test,10,1,1,
syn-e12_c10-test-0026,test,10,1,1,
syn-e12_c10-test-0027,test,10,1,1,
syn-e12_c10-test-0028,test,10,1,1,
syn-e12_c10-test-0029,test,10,1,1,
syn-e12_c10-test-0030,test,10,1,1,
syn-e12_c10-test-0031,test,10,1,1,
syn-e12_c10-test-0032,test,10,1,1,
syn-e12_c10-test-0033,test,10,1,1,
syn-e12_c10-test-0034,test,10,1,1,
syn-e12_c10-test-0035,test,10,1,1,
syn-e12_c10-test-0036,test,10,1,1,
syn-e12_c10-test-0037,test,10,1,1,
syn-e12_c10-test-0038,test,10,1,1,
syn-e12_c10-test-0039,test,10,1,1,
syn-e12_c10-test-0040,test,10,1,1,
syn-e12_c10-test-0041,test,10,1,1,
syn-e12_c10-test-0042,test,10,1,1,
syn-e12_c10-test-0043,test,10,1,1,
syn-e12_c10-test-0044,test,10,1,1,
syn-e12_c10-test-0045,test,10,1,1,
syn-e12_c10-test-0046,test,10,1,1,
syn-e12_c10-test-0047,test,10,1,1,
syn-e12_c10-test-0048,test,10,1,1,
syn-e12_c10-test-0049,test,10,1,1,
syn-e12_c10-test-0050,test,10,1,1,
syn-e12_c10-test-0051,test,10,1,1,
syn-e12_c10-test-0052,test,10,1,1,
syn-e12_c10-test-0053,test,10,1,1,
syn-e12_c10-test-0054,test,10,1,1,
syn-e12_c10-test-0055,test,10,1,1,
syn-e12_c10-test-0056,test,10,1,1,
syn-e12_c10-test-0057,test,10,1,1,
syn-e12_c10-test-0058,test,10,1,1,
syn-e12_c10-test-0059,test,10,1,1,
syn-e12_c10-test-0060,test,10,1,1,
syn-e12_c10-test-0061,test,10,1,1,
syn-e12_c10-test-0062,test,10,1,1,
syn-e12_c10-test-0063,test,10,1,1,
syn-e12_c10-test-0064,test,10,1,1,
syn-e12_c10-test-0065,test,10,1,1,
syn-e12_c10-test-0066,test,10,1,1,
syn-e12_c10-test-0067,test,10,1,1,
syn-e12_c10-test-0068,test,10,1,1,
syn-e12_c10-test-0069,test,10,1,1,
syn-e12_c10-test-0070,test,10,1,1,
syn-e12_c10-test-0071,test,10,1,1,
syn-e12_c10-test-0072,test,10,1,1,
syn-e12_c10-test-0073,test,10,1,1,
syn-e12_c10-test-0074,test,10,1,1,
syn-e12_c10-test-0075,test,10,1,1,
syn-e12_c10-test-0076,test,10,1,1,
syn-e12_c10-test-0077,test,10,1,1,
syn-e12_c10-test-0078,test,10,1,1,
syn-e12_c10-test-0079,test,10,1,1,
syn-e12_c10-test-0080,test,10,1,1,
syn-e12_c10-test-0081,test,10,1,1,
syn-e12_c10-test-0082,test,10,1,1,
syn-e12_c10-test-0083,test,10,1,1,
syn-e12_c10-test-0084,test,10,1,1,
syn-e12_c10-test-0085,test,10,1,1,
syn-e12_c10-test-0086,test,10,1,1,
syn-e12_c10-test-0087,test,10,1,1,
syn-e12_c10-test-0088,test,10,1,1,
syn-e12_c10-test-0089,test,10,1,1,
syn-e12_c10-test-0090,test,10,1,1,
syn-e12_c10-test-0091,test,10,1,1,
syn-e12_c10-test-0092,test,10,1,1,
syn-e12_c10-test-0093,test,10,1,1,
syn-e12_c10-test-0094,test,10,1,1,
syn-e12_c10-test-0095,test,10,1,1,
syn-e12_c10-test-0096,test,10,1,1,
syn-e12_c10-test-0097,test,10,1,1,
syn-e12_c10-test-0098,test,10,1,1,
syn-e12_c10-test-0099,test,10,1,1,
syn-e12_c10-test-0100,test,10,1,1,
syn-e12_c10-test-0101,test,10,1,1,
syn-e12_c10-test-0102,test,10,1,1,
syn-e12_c10-test-0103,test,10,1,1,
syn-e12_c10-test-0104,test,10,1,1,
syn-e12_c10-test-0105,test,10,1,1,
syn-e12_c10-test-0106,test,10,1,1,
syn-e12_c10-test-0107,test,10,1,1,
syn-e12_c10-test-0108,test,10,1,1,
syn-e12_c10-test-0109,test,10,1,1,
syn-e12_c10-test-0110,test,10,1,1,
syn-e12_c10-test-0111,test,10,1,1,
syn-e12_c10-test-0112,test,10,1,1,
syn-e12_c10-test-0113,test,10,1,1,
syn-e12_c10-test-0114,test,10,1,1,
syn-e12_c10-test-0115,test,10,1,1,
syn-e12_c10-test-0116,test,10,1,1,
syn-e12_c10-test-0117,test,10,1,1,
syn-e12_c10-test-0118,test,10,1,1,
syn-e12_c10-test-0119,test,10,1,1,
syn-e12_c10-test-0120,test,10,1,1,
syn-e12_c10-test-0121,test,10,1,1,
syn-e12_c10-test-0122,test,10,1,1,
syn-e12_c10-test-0123,test,10,1,1,
syn-e12_c10-test-0124,test,10,1,1,
syn-e12_c10-test-0125,test,10,1,1,
syn-e12_c10-test-0126,test,10,1,1,
syn-e12_c10-test-0127,test,10,1,1,
syn-e12_c10-test-0128,test,10,1,1,
syn-e12_c10-test-0129,test,10,1,1,
syn-e12_c10-test-0130,test,10,1,1,
syn-e12_c10-test-0131,test,10,1,1,
syn-e12_c10-test-0132,test,10,1,1,
syn-e12_c10-test-0133,test,10,1,1,
syn-e12_c10-test-0134,test,10,1,1,
syn-e12_c10-test-0135,test,10,1,1,
syn-e12_c10-test-0136,test,10,1,1,
syn-e12_c10-test-0137,test,10,1,1,
syn-e12_c10-test-0138,test,10,1,1,
syn-e12_c10-test-0139,test,10,1,1,
syn-e12_c10-test-0140,test,10,1,1,
syn-e12_c10-test-0141,test,10,1,1,
syn-e12_c10-test-0142,test,10,1,1,
syn-e12_c10-test-0143,test,10,1,1,
syn-e12_c10-test-0144,test,10,1,1,
syn-e12_c10-test-0145,test,10,1,1,
syn-e12_c10-test-0146,test,10,1,1,
syn-e12_c10-test-0147,test,10,1,1,
syn-e12_c10-test-0148,test,10,1,1,
syn-e12_c10-test-0149,test,10,1,1,
syn-e12_c10-test-0150,test,10,1,1,
syn-e12_c10-test-0151,test,10,1,1,
syn-e12_c10-test-0152,test,10,1,1,
syn-e12_c10-test-0153,test,10,1,1,
syn-e12_c10-test-0154,test,10,1,1,
syn-e12_c10-test-0155,test,10,1,1,
syn-e12_c10-test-0156,test,10,1,1,
syn-e12_c10-test-0157,test,10,1,1,
syn-e12_c10-test-0158,test,10,1,1,
syn-e12_c10-test-0159,test,10,1,1,
syn-e12_c10-test-0160,test,10,1,1,
syn-e12_c10-test-0161,test,10,1,1,
syn-e12_c10-test-0162,test,10,1,1,
syn-e12_c10-test-0163,test,10,1,1,
syn-e12_c10-test-0164,test,10,1,1,
syn-e12_c10-test-0165,test,10,1,1,
syn-e12_c10-test-0166,test,10,1,1,
syn-e12_c10-test-0167,test,10,1,1,
syn-e12_c10-test-0168,test,10,1,1,
syn-e12_c10-test-0169,test,10,1,1,
syn-e12_c10-test-0170,test,10,1,1,
syn-e12_c10-test-0171,test,10,1,1,
syn-e12_c10-test-0172,test,10,1,1,
syn-e12_c10-test-0173,test,10,1,1,
syn-e12_c10-test-0174,test,10,1,1,
syn-e12_c10-test-0175,test,10,1,1,
syn-e12_c10-test-0176,test,10,1,1,
syn-e12_c10-test-0177,test,10,1,1,
syn-e12_c10-test-0178,test,10,1,1,
syn-e12_c10-test-0179,test,10,1,1,
syn-e12_c10-test-0180,test,10,1,1,
syn-e12_c10-test-0181,test,10,1,1,
syn-e12_c10-test-0182,test,10,1,1,
syn-e12_c10-test-0183,test,10,1,1,
syn-e12_c10-test-0184,test,10,1,1,
syn-e12_c10-test-0185,test,10,1,1,
syn-e12_c10-test-0186,test,10,1,1,
syn-e12_c10-test-0187,test,10,1,1,
syn-e12_c10-test-0188,test,10,1,1,
syn-e12_c10-test-0189,test,10,1,1,
syn-e12_c10-test-0190,test,10,1,1,
syn-e12_c10-test-0191,test,10,1,1,
syn-e12_c10-test-0192,test,10,1,1,
syn-e12_c10-test-0193,test,10,1,1,
syn-e12_c10-test-0194,test,10,1,1,
syn-e12_c10-test-0195,test,10,1,1,
syn-e12_c10-test-0196,test,10,1,1,
syn-e12_c10-test-0197,test,10,1,1,
syn-e12_c10-test-0198,test,10,1,1,
syn-e12_c10-test-0199,test,10,1,1,
syn-e12_c10-test-0200,test,10,1,1,
syn-e12_c10-test-0201,test,10,1,1,
syn-e12_c10-test-0202,test,10,1,1,
syn-e12_c10-test-0203,test,10,1,1,
syn-e12_c10-test-0204,test,10,1,1,
syn-e12_c10-test-0205,test,10,1,1,
syn-e12_c10-test-0206,test,10,1,1,
syn-e12_c10-test-0207,test,10,1,1,
syn-e12_c10-test-0208,test,10,1,1,
syn-e12_c10-test-0209,test,10,1,1,
syn-e12_c10-test-0210,test,10,1,1,
syn-e12_c10-test-0211,test,10,1,1,
syn-e12_c10-test-0212,test,10,1,1,
syn-e12_c10-test-0213,test,10,1,1,
syn-e12_c10-test-0214,test,10,1,1,
syn-e12_c10-test-0215,test,10,1,1,
syn-e12_c10-test-0216,test,10,1,1,
syn-e12_c10-test-0217,test,10,1,1,
syn-e12_c10-test-0218,test,10,1,1,
syn-e12_c10-test-0219,test,10,1,1,
syn-e12_c10-test-0220,test,10,1,1,
syn-e12_c10-test-0221,test,10,1,1,
syn-e12_c10-test-0222,test,10,1,1,
syn-e12_c10-test-0223,test,10,1,1,
syn-e12_c10-test-0224,test,10,1,1,
syn-e12_c10-test-0225,test,10,1,1,
syn-e12_c10-test-0226,test,10,1,1,
syn-e12_c10-test-0227,test,10,1,1,
syn-e12_c10-test-0228,test,10,1,1,
syn-e12_c10-test-0229,test,10,1,1,
syn-e12_c10-test-0230,test,10,1,1,
syn-e12_c10-test-0231,test,10,1,1,
syn-e12_c10-test-0232,test,10,1,1,
syn-e12_c10-test-0233,test,10,1,1,
syn-e12_c10-test-0234,test,10,1,1,
syn-e12_c10-test-0235,test,10,1,1,
syn-e12_c10-test-0236,test,10,1,1,
syn-e12_c10-test-0237,test,10,1,1,
syn-e12_c10-test-0238,test,10,1,1,
syn-e12_c10-test-0239,test,10,1,1,
syn-e12_c10-test-0240,test,10,1,1,
syn-e12_c10-test-0241,test,10,1,1,
syn-e12_c10-test-0242,test,10,1,1,
syn-e12_c10-test-0243,test,10,1,1,
syn-e12_c10-test-0244,test,10,1,1,
syn-e12_c10-test-0245,test,10,1,1,
syn-e12_c10-test-0246,test,10,1,1,
syn-e12_c10-test-0247,test,10,1,1,
syn-e12_c10-test-0248,test,10,1,1,
syn-e12_c10-test-0249,test,10,1,1,
syn-e12_c10-test-0250,test,10,1,1,
syn-e12_c10-test-0251,test,10,1,1,
syn-e12_c10-test-0252,test,10,1,1,
syn-e12_c10-test-0253,test,10,1,1,
syn-e12_c10-test-0254,test,10,1,1,
syn-e12_c10-test-0255,test,10,1,1,
syn-e12_c10-test-0256,test,10,1,1,
syn-e12_c10-test-0257,test,10,1,1,
syn-e12_c10-test-0258,test,10,1,1,
syn-e12_c10-test-0259,test,10,1,1,
syn-e12_c10-test-0260,test,10,1,1,
syn-e12_c10-test-0261,test,10,1,1,
syn-e12_c10-test-0262,test,10,1,1,
syn-e12_c10-test-0263,test,10,1,1,
syn-e12_c10-test-0264,test,10,1,1,
syn-e12_c10-test-0265,test,10,1,1,
syn-e12_c10-test-0266,test,10,1,1,
syn-e12_c10-test-0267,test,10,1,1,
syn-e12_c10-test-0268,test,10,1,1,
syn-e12_c10-test-0269,test,10,1,1,
syn-e12_c10-test-0270,test,10,1,1,
syn-e12_c10-test-0271,test,10,1,1,
syn-e12_c10-test-0272,test,10,1,1,
syn-e12_c10-test-0273,test,10,1,1,
syn-e12_c10-test-0274,test,10,1,1,
syn-e12_c10-test-0275,test,10,1,1,
syn-e12_c10-test-0276,test,10,1,1,
syn-e12_c10-test-0277,test,10,1,1,
syn-e12_c10-test-0278,test,10,1,1,
syn-e12_c10-test-0279,test,10,1,1,
syn-e12_c10-test-0280,test,10,1,1,
syn-e12_c10-test-0281,test,10,1,1,
syn-e12_c10-test-0282,test,10,1,1,
syn-e12_c10-test-0283,test,10,1,1,
syn-e12_c10-test-0284,test,10,1,1,
syn-e12_c10-test-0285,test,10,1,1,
syn-e12_c10-test-0286,test,10,1,1,
syn-e12_c10-test-0287,test,10,1,1,
syn-e12_c10-test-0288,test,10,1,1,
syn-e12_c10-test-0289,test,10,1,1,
syn-e12_c10-test-0290,test,10,1,1,
syn-e12_c10-test-0291,test,10,1,1,
syn-e12_c10-test-0292,test,10,1,1,
syn-e12_c10-test-0293,test,10,1,1,
syn-e12_c10-test-0294,test,10,1,1,
syn-e12_c10-test-0295,test,10,1,1,
syn-e12_c10-test-0296,test,10,1,1,
syn-e12_c10-test-0297,test,10,1,1,
syn-e12_c10-test-0298,test,10,1,1,
syn-e12_c10-test-0299,test,10,1,1,
syn-e12_c10-test-0300,test,10,1,1,
syn-e12_c10-test-0301,test,10,1,1,
syn-e12_c10-test-0302,test,10,1,1,
syn-e12_c10-test-0303,test,10,1,1,
syn-e12_c10-test-0304,test,10,1,1,
syn-e12_c10-test-0305,test,10,1,1,
syn-e12_c10-test-0306,test,10,1,1,
syn-e12_c10-test-0307,test,10,1,1,
syn-e12_c10-test-0308,test,10,1,1,
syn-e12_c10-test-0309,test,10,1,1,
syn-e12_c10-test-0310,test,10,1,1,
syn-e12_c10-test-0311,test,10,1,1,
syn-e12_c10-test-0312,test,10,1,1,
syn-e12_c10-test-0313,test,10,1,1,
syn-e12_c10-test-0314,test,10,1,1,
syn-e12_c10-test-0315,test,10,1,1,
syn-e12_c10-test-0316,test,10,1,1,
syn-e12_c10-test-0317,test,10,1,1,
syn-e12_c10-test-0318,test,10,1,1,
syn-e12_c10-test-0319,test,10,1,1,
syn-e12_c10-test-0320,test,10,1,1,
syn-e12_c10-test-0321,test,10,1,1,
syn-e12_c10-test-0322,test,10,1,1,
syn-e12_c10-test-0323,test,10,1,1,
syn-e12_c10-test-0324,test,10,1,1,
syn-e12_c10-test-0325,test,10,1,1,
syn-e12_c10-test-0326,test,10,1,1,
syn-e12_c10-test-0327,test,10,1,1,
syn-e12_c10-test-0328,test,10,1,1,
syn-e12_c10-test-0329,test,10,1,1,
syn-e12_c10-test-0330,test,10,1,1,
syn-e12_c10-test-0331,test,10,1,1,
syn-e12_c10-test-0332,test,10,1,1,
syn-e12_c10-test-0333,test,10,1,1,
syn-e12_c10-test-0334,test,10,1,1,
syn-e12_c10-test-0335,test,10,1,1,
syn-e12_c10-test-0336,test,10,1,1,
syn-e12_c10-test-0337,test,10,1,1,
syn-e12_c10-test-0338,test,10,1,1,
syn-e12_c10-test-0339,test,10,1,1,
syn-e12_c10-test-0340,test,10,1,1,
syn-e12_c10-test-0341,test,10,1,1,
syn-e12_c10-test-0342,test,10,1,1,
syn-e12_c10-test-0343,test,10,1,1,
syn-e12_c10-test-0344,test,10,1,1,
syn-e12_c10-test-0345,test,10,1,1,
syn-e12_c10-test-0346,test,10,1,1,
syn-e12_c10-test-0347,test,10,1,1,
syn-e12_c10-test-0348,test,10,1,1,
syn-e12_c10-test-0349,test,10,1,1,
syn-e12_c10-test-0350,test,10,1,1,
syn-e12_c10-test-0351,test,10,1,1,
syn-e12_c10-test-0352,test,10,1,1,
syn-e12_c10-test-0353,test,10,1,1,
syn-e12_c10-test-0354,test,10,1,1,
syn-e12_c10-test-0355,test,10,1,1,
syn-e12_c10-test-0356,test,10,1,1,
syn-e12_c10-test-0357,test,10,1,1,
syn-e12_c10-test-0358,test,10,1,1,
syn-e12_c10-test-0359,test,10,1,1,
syn-e12_c10-test-0360,test,10,1,1,
syn-e12_c10-test-0361,test,10,1,1,
syn-e12_c10-test-0362,test,10,1,1,
syn-e12_c10-test-0363,test,10,1,1,
syn-e12_c10-test-0364,test,10,1,1,
syn-e12_c10-test-0365,test,10,1,1,
syn-e12_c10-test-0366,test,10,1,1,
syn-e12_c10-test-0367,test,10,1,1,
syn-e12_c10-test-0368,test,10,1,1,
syn-e12_c10-test-0369,test,10,1,1,
syn-e12_c10-test-0370,test,10,1,1,
syn-e12_c10-test-0371,test,10,1,1,
syn-e12_c10-test-0372,test,10,1,1,
syn-e12_c10-test-0373,test,10,1,1,
syn-e12_c10-test-0374,test,10,1,1,
syn-e12_c10-test-0375,test,10,1,1,
syn-e12_c10-test-0376,test,10,1,1,
syn-e12_c10-test-0377,test,10,1,1,
syn-e12_c10-test-0378,test,10,1,1,
syn-e12_c10-test-0379,test,10,1,1,
syn-e12_c10-test-0380,test,10,1,1,
syn-e12_c10-test-0381,test,10,1,1,
syn-e12_c10-test-0382,test,10,1,1,
syn-e12_c10-test-0383,test,10,1,1,
syn-e12_c10-test-0384,test,10,1,1,
syn-e12_c10-test-0385,test,10,1,1,
syn-e12_c10-test-0386,test,10,1,1,
syn-e12_c10-test-0387,test,10,1,1,
syn-e12_c10-test-0388,test,10,1,1,
syn-e12_c10-test-0389,test,10,1,1,
syn-e12_c10-test-0390,test,10,1,1,
syn-e12_c10-test-0391,test,10,1,1,
syn-e12_c10-test-0392,test,10,1,1,
syn-e12_c10-test-0393,test,10,1,1,
syn-e12_c10-test-0394,test,10,1,1,
syn-e12_c10-test-0395,test,10,1,1,
syn-e12_c10-test-0396,test,10,1,1,
syn-e12_c10-test-0397,test,10,1,1,
syn-e12_c10-test-0398,test,10,1,1,
syn-e12_c10-test-0399,test,10,1,1,
syn-e12_c10-test-0400,test,10,1,1,
syn-e12_c10-test-0401,test,10,1,1,
syn-e12_c10-test-0402,test,10,1,1,
syn-e12_c10-test-0403,test,10,1,1,
syn-e12_c10-test-0404,test,10,1,1,
syn-e12_c10-test-0405,test,10,1,1,
syn-e12_c10-test-0406,test,10,1,1,
syn-e12_c10-test-0407,test,10,1,1,
syn-e12_c10-test-0408,test,10,1,1,
syn-e12_c10-test-0409,test,10,1,1,
syn-e12_c10-test-0410,test,10,1,1,
syn-e12_c10-test-0411,test,10,1,1,
syn-e12_c10-test-0412,test,10,1,1,
syn-e12_c10-test-0413,test,10,1,1,
syn-e12_c10-test-0414,test,10,1,1,
syn-e12_c10-test-0415,test,10,1,1,
syn-e12_c10-test-0416,test,10,1,1,
syn-e12_c10-test-0417,test,10,1,1,
syn-e12_c10-test-0418,test,10,1,1,
syn-e12_c10-test-0419,test,10,1,1,
syn-e12_c10-test-0420,test,10,1,1,
syn-e12_c10-test-0421,test,10,1,1,
syn-e12_c10-test-0422,test,10,1,1,
syn-e12_c10-test-0423,test,10,1,1,
syn-e12_c10-test-0424,test,10,1,1,
syn-e12_c10-test-0425,test,10,1,1,
syn-e12_c10-test-0426,test,10,1,1,
syn-e12_c10-test-0427,test,10,1,1,
syn-e12_c10-test-0428,test,10,1,1,
syn-e12_c10-test-0429,test,10,1,1,
syn-e12_c10-test-0430,test,10,1,1,
syn-e12_c10-test-0431,test,10,1,1,
syn-e12_c10-test-0432,test,10,1,1,
syn-e12_c10-test-0433,test,10,1,1,
syn-e12_c10-test-0434,test,10,1,1,
syn-e12_c10-test-0435,test,10,1,1,
syn-e12_c10-test-0436,test,10,1,1,
syn-e12_c10-test-0437,test,10,1,1,
syn-e12_c10-test-0438,test,10,1,1,
syn-e12_c10-test-0439,test,10,1,1,
syn-e12_c10-test-0440,test,10,1,1,
syn-e12_c10-test-0441,test,10,1,1,
syn-e12_c10-test-0442,test,10,1,1,
syn-e12_c10-test-0443,test,10,1,1,
syn-e12_c10-test-0444,test,10,1,1,
syn-e12_c10-test-0445,test,10,1,1,
syn-e12_c10-test-0446,test,10,1,1,
syn-e12_c10-test-0447,test,10,1,1,
syn-e12_c10-test-0448,test,10,1,1,
syn-e12_c10-test-0449,test,10,1,1,
syn-e12_c10-test-0450,test,10,1,1,
syn-e12_c10-test-0451,test,10,1,1,
syn-e12_c10-test-0452,test,10,1,1,
syn-e12_c10-test-0453,test,10,1,1,
syn-e12_c10-test-0454,test,10,1,1,
syn-e12_c10-test-0455,test,10,1,1,
syn-e12_c10-test-0456,test,10,1,1,
syn-e12_c10-test-0457,test,10,1,1,
syn-e12_c10-test-0458,test,10,1,1,
syn-e12_c10-test-0459,test,10,1,1,
syn-e12_c10-test-0460,test,10,1,1,
syn-e12_c10-test-0461,test,10,1,1,
syn-e12_c10-test-0462,test,10,1,1,
syn-e12_c10-test-0463,test,10,1,1,
syn-e12_c10-test-0464,test,10,1,1,
syn-e12_c10-test-0465,test,10,1,1,
syn-e12_c10-test-0466,test,10,1,1,
syn-e12_c10-test-0467,test,10,1,1,
syn-e12_c10-test-0468,test,10,1,1,
syn-e12_c10-test-0469,test,10,1,1,
syn-e12_c10-test-0470,test,10,1,1,
syn-e12_c10-test-0471,test,10,1,1,
syn-e12_c10-test-0472,test,10,1,1,
syn-e12_c10-test-0473,test,10,1,1,
syn-e12_c10-test-0474,test,10,1,1,
syn-e12_c10-test-0475,test,10,1,1,
syn-e12_c10-test-0476,test,10,1,1,
syn-e12_c10-test-0477,test,10,1,1,
syn-e12_c10-test-0478,test,10,1,1,
syn-e12_c10-test-0479,test,10,1,1,
syn-e12_c10-test-0480,test,10,1,1,
syn-e12_c10-test-0481,test,10,1,1,
syn-e12_c10-test-0482,test,10,1,1,
syn-e12_c10-test-0483,test,10,1,1,
syn-e12_c10-test-0484,test,10,1,1,
syn-e12_c10-test-0485,test,10,1,1,
syn-e12_c10-test-0486,test,10,1,1,
syn-e12_c10-test-0487,test,10,1,1,
syn-e12_c10-test-0488,test,10,1,1,
syn-e12_c10-test-0489,test,10,1,1,
syn-e12_c10-test-0490,test,10,1,1,
syn-e12_c10-test-0491,test,10,1,1,
syn-e12_c10-test-0492,test,10,1,1,
syn-e12_c10-test-0493,test,10,1,1,
syn-e12_c10-test-0494,test,10,1,1,
syn-e12_c10-test-0495,test,10,1,1,
syn-e12_c10-test-0496,test,10,1,1,
syn-e12_c10-test-0497,test,10,1,1,
syn-e12_c10-test-0498,test,10,1,1,
syn-e12_c10-test-0499,test,10,1,1,
syn-e12_c10-test-0500,test,10,1,1,
syn-e12_c10-test-0501,test,10,1,1,
syn-e12_c10-test-0502,test,10,1,1,
syn-e12_c10-test-0503,test,10,1,1,
syn-e12_c10-test-0504,test,10,1,1,
syn-e12_c10-test-0505,test,10,1,1,
syn-e12_c10-test-0506,test,10,1,1,
syn-e12_c10-test-0507,test,10,1,1,
syn-e12_c10-test-0508,test,10,1,1,
syn-e12_c10-test-0509,test,10,1,1,
syn-e12_c10-test-0510,test,10,1,1,
syn-e12_c10-test-0511,test,10,1,1,
syn-e12_c10-test-0512,test,10,1,1,
syn-e12_c10-test-0513,test,10,1,1,
syn-e12_c10-test-0514,test,10,1,1,
syn-e12_c10-test-0515,test,10,1,1,
syn-e12_c10-test-0516,test,10,1,1,
syn-e12_c10-test-0517,test,10,1,1,
syn-e12_c10-test-0518,test,10,1,1,
syn-e12_c10-test-0519,test,10,1,1,
syn-e12_c10-test-0520,test,10,1,1,
syn-e12_c10-test-0521,test,10,1,1,
syn-e12_c10-test-0522,test,10,1,1,
syn-e12_c10-test-0523,test,10,1,1,
syn-e12_c10-test-0524,test,10,1,1,
syn-e12_c10-test-0525,test,10,1,1,
syn-e12_c10-test-0526,test,10,1,1,
syn-e12_c10-test-0527,test,10,1,1,
syn-e12_c10-test-0528,test,10,1,1,
syn-e12_c10-test-0529,test,10,1,1,
syn-e12_c10-test-0530,test,10,1,1,
syn-e12_c10-test-0531,test,10,1,1,
syn-e12_c10-test-0532,test,10,1,1,
syn-e12_c10-test-0533,test,10,1,1,
syn-e12_c10-test-0534,test,10,1,1,
syn-e12_c10-test-0535,test,10,1,1,
syn-e12_c10-test-0536,test,10,1,1,
syn-e12_c10-test-0537,test,10,1,1,
syn-e12_c10-test-0538,test,10,1,1,
syn-e12_c10-test-0539,test,10,1,1,
syn-e12_c10-test-0540,test,10,1,1,
syn-e12_c10-test-0541,test,10,1,1,
syn-e12_c10-test-0542,test,10,1,1,
syn-e12_c10-test-0543,test,10,1,1,
syn-e12_c10-test-0544,test,10,1,1,
syn-e12_c10-test-0545,test,10,1,1,
syn-e12_c10-test-0546,test,10,1,1,
syn-e12_c10-test-0547,test,10,1,1,
syn-e12_c10-test-0548,test,10,1,1,
syn-e12_c10-test-0549,test,10,1,1,
syn-e12_c10-test-0550,test,10,1,1,
syn-e12_c10-test-0551,test,10,1,1,
syn-e12_c10-test-0552,test,10,1,1,
syn-e12_c10-test-0553,test,10,1,1,
syn-e12_c10-test-0554,test,10,1,1,
syn-e12_c10-test-0555,test,10,1,1,
syn-e12_c10-test-0556,test,10,1,1,
syn-e12_c10-test-0557,test,10,1,1,
syn-e12_c10-test-0558,test,10,1,1,
syn-e12_c10-test-0559,test,10,1,1,
syn-e12_c10-test-0560,test,10,1,1,
syn-e12_c10-test-0561,test,10,1,1,
syn-e12_c10-test-0562,test,10,1,1,
syn-e12_c10-test-0563,test,10,1,1,
syn-e12_c10-test-0564,test,10,1,1,
syn-e12_c10-test-0565,test,10,1,1,
syn-e12_c10-test-0566,test,10,1,1,
syn-e12_c10-test-0567,test,10,1,1,
syn-e12_c10-test-0568,test,10,1,1,
syn-e12_c10-test-0569,test,10,1,1,
syn-e12_c10-test-0570,test,10,1,1,
syn-e12_c10-test-0571,test,10,1,1,
syn-e12_c10-test-0572,test,10,1,1,
syn-e12_c10-test-0573,test,10,1,1,
syn-e12_c10-test-0574,test,10,1,1,
syn-e12_c10-test-0575,test,10,1,1,
syn-e12_c10-test-0576,test,10,1,1,
syn-e12_c10-test-0577,test,10,1,1,
syn-e12_c10-test-0578,test,10,1,1,
syn-e12_c10-test-0579,test,10,1,1,
syn-e12_c10-test-0580,test,10,1,1,
syn-e12_c10-test-0581,test,10,1,1,
syn-e12_c10-test-0582,test,10,1,1,
syn-e12_c10-test-0583,test,10,1,1,
syn-e12_c10-test-0584,test,10,1,1,
syn-e12_c10-test-0585,test,10,1,1,
syn-e12_c10-test-0586,test,10,1,1,
syn-e12_c10-test-0587,test,10,1,1,
syn-e12_c10-test-0588,test,10,1,1,
syn-e12_c10-test-0589,test,10,1,1,
syn-e12_c10-test-0590,test,10,1,1,
syn-e12_c10-test-0591,test,10,1,1,
syn-e12_c10-test-0592,test,10,1,1,
syn-e12_c10-test-0593,test,10,1,1,
syn-e12_c10-test-0594,test,10,1,1,
syn-e12_c10-test-0595,test,10,1,1,
syn-e12_c10-test-0596,test,10,1,1,
syn-e12_c10-test-0597,test,10,1,1,
syn-e12_c10-test-0598,test,10,1,1,
syn-e12_c10-test-0599,test,10,1,1,
syn-e12_c10-test-0600,test,10,1,1,
syn-e12_c10-test-0601,test,10,1,1,
syn-e12_c10-test-0602,test,10,1,1,
syn-e12_c10-test-0603,test,10,1,1,
syn-e12_c10-test-0604,test,10,1,1,
syn-e12_c10-test-0605,test,10,1,1,
syn-e12_c10-test-0606,test,10,1,1,
syn-e12_c10-test-0607,test,10,1,1,
syn-e12_c10-test-0608,test,10,1,1,
syn-e12_c10-test-0609,test,10,1,1,
syn-e12_c10-test-0610,test,10,1,1,
syn-e12_c10-test-0611,test,10,1,1,
syn-e12_c10-test-0612,test,10,1,1,
syn-e12_c10-test-0613,test,10,1,1,
syn-e12_c10-test-0614,test,10,1,1,
syn-e12_c10-test-0615,test,10,1,1,
syn-e12_c10-test-0616,test,10,1,1,
syn-e12_c10-test-0617,test,10,1,1,
syn-e12_c10-test-0618,test,10,1,1,
syn-e12_c10-test-0619,test,10,1,1,
syn-e12_c10-test-0620,test,10,1,1,
syn-e12_c10-test-0621,test,10,1,1,
syn-e12_c10-test-0622,test,10,1,1,
syn-e12_c10-test-0623,test,10,1,1,
syn-e12_c10-test-0624,test,10,1,1,
syn-e12_c10-test-0625,test,10,1,1,
syn-e12_c10-test-0626,test,10,1,1,
syn-e12_c10-test-0627,test,10,1,1,
syn-e12_c10-test-0628,test,10,1,1,
syn-e12_c10-test-0629,test,10,1,1,
syn-e12_c10-test-0630,test,10,1,1,
syn-e12_c10-test-0631,test,10,1,1,
syn-e12_c10-test-0632,test,10,1,1,
syn-e12_c10-test-0633,test,10,1,1,
syn-e12_c10-test-0634,test,10,1,1,
syn-e12_c10-test-0635,test,10,1,1,
syn-e12_c10-test-0636,test,10,1,1,
syn-e12_c10-test-0637,test,10,1,1,
syn-e12_c10-test-0638,test,10,1,1,
syn-e12_c10-test-0639,test,10,1,1,
syn-e12_c10-test-0640,test,10,1,1,
syn-e12_c10-test-0641,test,10,1,1,
syn-e12_c10-test-0642,test,10,1,1,
syn-e12_c10-test-0643,test,10,1,1,
syn-e12_c10-test-0644,test,10,1,1,
syn-e12_c10-test-0645,test,10,1,1,
syn-e12_c10-test-0646,test,10,1,1,
syn-e12_c10-test-0647,test,10,1,1,
syn-e12_c10-test-0648,test,10,1,1,
syn-e12_c10-test-0649,test,10,1,1,
syn-e12_c10-test-0650,test,10,1,1,
syn-e12_c10-test-0651,test,10,1,1,
syn-e12_c10-test-0652,test,10,1,1,
syn-e12_c10-test-0653,test,10,1,1,
syn-e12_c10-test-0654,test,10,1,1,
syn-e12_c10-test-0655,test,10,1,1,
syn-e12_c10-test-0656,test,10,1,1,
syn-e12_c10-test-0657,test,10,1,1,
syn-e12_c10-test-0658,test,10,1,1,
syn-e12_c10-test-0659,test,10,1,1,
syn-e12_c10-test-0660,test,10,1,1,
syn-e12_c10-test-0661,test,10,1,1,
syn-e12_c10-test-0662,test,10,1,1,
syn-e12_c10-test-0663,test,10,1,1,
syn-e12_c10-test-0664,test,10,1,1,
syn-e12_c10-test-0665,test,10,1,1,
syn-e12_c10-test-0666,test,10,1,1,
syn-e12_c10-test-0667,test,10,1,1,
syn-e12_c10-test-0668,test,10,1,1,
syn-e12_c10-test-0669,test,10,1,1,
syn-e12_c10-test-0670,test,10,1,1,
syn-e12_c10-test-0671,test,10,1,1,
syn-e12_c10-test-0672,test,10,1,1,
syn-e12_c10-test-0673,test,10,1,1,
syn-e12_c10-test-0674,test,10,1,1,
syn-e12_c10-test-0675,test,10,1,1,
syn-e12_c10-test-0676,test,10,1,1,
syn-e12_c10-test-0677,test,10,1,1,
syn-e12_c10-test-0678,test,10,1,1,
syn-e12_c10-test-0679,test,10,1,1,
syn-e12_c10-test-0680,test,10,1,1,
syn-e12_c10-test-0681,test,10,1,1,
syn-e12_c10-test-0682,test,10,1,1,
syn-e12_c10-test-0683,test,10,1,1,
syn-e12_c10-test-0684,test,10,1,1,
syn-e12_c10-test-0685,test,10,1,1,
syn-e12_c10-test-0686,test,10,1,1,
syn-e12_c10-test-0687,test,10,1,1,
syn-e12_c10-test-0688,test,10,1,1,
syn-e12_c10-test-0689,test,10,1,1,
syn-e12_c10-test-0690,test,10,1,1,
syn-e12_c10-test-0691,test,10,1,1,
syn-e12_c10-test-0692,test,10,1,1,
syn-e12_c10-test-0693,test,10,1,1,
syn-e12_c10-test-0694,test,10,1,1,
syn-e12_c10-test-0695,test,10,1,1,
syn-e12_c10-test-0696,test,10,1,1,
syn-e12_c10-test-0697,test,10,1,1,
syn-e12_c10-test-0698,test,10,1,1,
syn-e12_c10-test-0699,test,10,1,1,
syn-e12_c10-test-0700,test,10,1,1,
syn-e12_c20-dev-0001,dev,20,1,1,
syn-e12_c20-dev-0002,dev,20,1,1,
syn-e12_c20-dev-0003,dev,20,1,1,
syn-e12_c20-dev-0004,dev,20,1,1,
syn-e12_c20-dev-0005,dev,20,1,1,
syn-e12_c20-dev-0006,dev,20,1,1,
syn-e12_c20-dev-0007,dev,20,1,1,
syn-e12_c20-dev-0008,dev,20,1,1,
syn-e12_c20-dev-0009,dev,20,1,1,
syn-e12_c20-dev-0010,dev,20,1,1,
syn-e12_c20-dev-0011,dev,20,1,1,
syn-e12_c20-dev-0012,dev,20,1,1,
syn-e12_c20-dev-0013,dev,20,1,1,
syn-e12_c20-dev-0014,dev,20,1,1,
syn-e12_c20-dev-0015,dev,20,1,1,
syn-e12_c20-dev-0016,dev,20,1,1,
syn-e12_c20-dev-0017,dev,20,1,1,
syn-e12_c20-dev-0018,dev,20,1,1,
syn-e12_c20-dev-0019,dev,20,1,1,
syn-e12_c20-dev-0020,dev,20,1,1,
syn-e12_c20-dev-0021,dev,20,1,1,
syn-e12_c20-dev-0022,dev,20,1,1,
syn-e12_c20-dev-0023,dev,20,1,1,
syn-e12_c20-dev-0024,dev,20,1,1,
syn-e12_c20-dev-0025,dev,20,1,1,
syn-e12_c20-dev-0026,dev,20,1,1,
syn-e12_c20-dev-0027,dev,20,1,1,
syn-e12_c20-dev-0028,dev,20,1,1,
syn-e12_c20-dev-0029,dev,20,1,1,
syn-e12_c20-dev-0030,dev,20,1,1,
syn-e12_c20-dev-0031,dev,20,1,1,
syn-e12_c20-dev-0032,dev,20,1,1,
syn-e12_c20-dev-0033,dev,20,1,1,
syn-e12_c20-dev-0034,dev,20,1,1,
syn-e12_c20-dev-0035,dev,20,1,1,
syn-e12_c20-dev-0036,dev,20,1,1,
syn-e12_c20-dev-0037,dev,20,1,1,
syn-e12_c20-dev-0038,dev,20,1,1,
syn-e12_c20-dev-0039,dev,20,1,1,
syn-e12_c20-dev-0040,dev,20,1,1,
syn-e12_c20-dev-0041,dev,20,1,1,
syn-e12_c20-dev-0042,dev,20,1,1,
syn-e12_c20-dev-0043,dev,20,1,1,
syn-e12_c20-dev-0044,dev,20,1,1,
syn-e12_c20-dev-0045,dev,20,1,1,
syn-e12_c20-dev-0046,dev,20,1,1,
syn-e12_c20-dev-0047,dev,20,1,1,
syn-e12_c20-dev-0048,dev,20,1,1,
syn-e12_c20-dev-0049,dev,20,1,1,
syn-e12_c20-dev-0050,dev,20,1,1,
syn-e12_c20-dev-0051,dev,20,1,1,
syn-e12_c20-dev-0052,dev,20,1,1,
syn-e12_c20-dev-0053,dev,20,1,1,
syn-e12_c20-dev-0054,dev,20,1,1,
syn-e12_c20-dev-0055,dev,20,1,1,
syn-e12_c20-dev-0056,dev,20,1,1,
syn-e12_c20-dev-0057,dev,20,1,1,
syn-e12_c20-dev-0058,dev,20,1,1,
syn-e12_c20-dev-0059,dev,20,1,1,
syn-e12_c20-dev-0060,dev,20,1,1,
syn-e12_c20-dev-0061,dev,20,1,1,
syn-e12_c20-dev-0062,dev,20,1,1,
syn-e12_c20-dev-0063,dev,20,1,1,
syn-e12_c20-dev-0064,dev,20,1,1,
syn-e12_c20-dev-0065,dev,20,1,1,
syn-e12_c20-dev-0066,dev,20,1,1,
syn-e12_c20-dev-0067,dev,20,1,1,
syn-e12_c20-dev-0068,dev,20,1,1,
syn-e12_c20-dev-0069,dev,20,1,1,
syn-e12_c20-dev-0070,dev,20,1,1,
syn-e12_c20-dev-0071,dev,20,1,1,
syn-e12_c20-dev-0072,dev,20,1,1,
syn-e12_c20-dev-0073,dev,20,1,1,
syn-e12_c20-dev-0074,dev,20,1,1,
syn-e12_c20-dev-0075,dev,20,1,1,
syn-e12_c20-dev-0076,dev,20,1,1,
syn-e12_c20-dev-0077,dev,20,1,1,
syn-e12_c20-dev-0078,dev,20,1,1,
syn-e12_c20-dev-0079,dev,20,1,1,
syn-e12_c20-dev-0080,dev,20,1,1,
syn-e12_c20-dev-0081,dev,20,1,1,
syn-e12_c20-dev-0082,dev,20,1,1,
syn-e12_c20-dev-0083,dev,20,1,1,
syn-e12_c20-dev-0084,dev,20,1,1,
syn-e12_c20-dev-0085,dev,20,1,1,
syn-e12_c20-dev-0086,dev,20,1,1,
syn-e12_c20-dev-0087,dev,20,1,1,
syn-e12_c20-dev-0088,dev,20,1,1,
syn-e12_c20-dev-0089,dev,20,1,1,
syn-e12_c20-dev-0090,dev,20,1,1,
syn-e12_c20-dev-0091,dev,20,1,1,
syn-e12_c20-dev-0092,dev,20,1,1,
syn-e12_c20-dev-0093,dev,20,1,1,
syn-e12_c20-dev-0094,dev,20,1,1,
syn-e12_c20-dev-0095,dev,20,1,1,
syn-e12_c20-dev-0096,dev,20,1,1,
syn-e12_c20-dev-0097,dev,20,1,1,
syn-e12_c20-dev-0098,dev,20,1,1,
syn-e12_c20-dev-0099,dev,20,1,1,
syn-e12_c20-dev-0100,dev,20,1,1,
syn-e12_c20-dev-0101,dev,20,1,1,
syn-e12_c20-dev-0102,dev,20,1,1,
syn-e12_c20-dev-0103,dev,20,1,1,
syn-e12_c20-dev-0104,dev,20,1,1,
syn-e12_c20-dev-0105,dev,20,1,1,
syn-e12_c20-dev-0106,dev,20,1,1,
syn-e12_c20-dev-0107,dev,20,1,1,
syn-e12_c20-dev-0108,dev,20,1,1,
syn-e12_c20-dev-0109,dev,20,1,1,
syn-e12_c20-dev-0110,dev,20,1,1,
syn-e12_c20-dev-0111,dev,20,1,1,
syn-e12_c20-dev-0112,dev,20,1,1,
syn-e12_c20-dev-0113,dev,20,1,1,
syn-e12_c20-dev-0114,dev,20,1,1,
syn-e12_c20-dev-0115,dev,20,1,1,
syn-e12_c20-dev-0116,dev,20,1,1,
syn-e12_c20-dev-0117,dev,20,1,1,
syn-e12_c20-dev-0118,dev,20,1,1,
syn-e12_c20-dev-0119,dev,20,1,1,
syn-e12_c20-dev-0120,dev,20,1,1,
syn-e12_c20-dev-0121,dev,20,1,1,
syn-e12_c20-dev-0122,dev,20,1,1,
syn-e12_c20-dev-0123,dev,20,1,1,
syn-e12_c20-dev-0124,dev,20,1,1,
syn-e12_c20-dev-0125,dev,20,1,1,
syn-e12_c20-dev-0126,dev,20,1,1,
syn-e12_c20-dev-0127,dev,20,1,1,
syn-e12_c20-dev-0128,dev,20,1,1,
syn-e12_c20-dev-0129,dev,20,1,1,
syn-e12_c20-dev-0130,dev,20,1,1,
syn-e12_c20-dev-0131,dev,20,1,1,
syn-e12_c20-dev-0132,dev,20,1,1,
syn-e12_c20-dev-0133,dev,20,1,1,
syn-e12_c20-dev-0134,dev,20,1,1,
syn-e12_c20-dev-0135,dev,20,1,1,
syn-e12_c20-dev-0136,dev,20,1,1,
syn-e12_c20-dev-0137,dev,20,1,1,
syn-e12_c20-dev-0138,dev,20,1,1,
syn-e12_c20-dev-0139,dev,20,1,1,
syn-e12_c20-dev-0140,dev,20,1,1,
syn-e12_c20-dev-0141,dev,20,1,1,
syn-e12_c20-dev-0142,dev,20,1,1,
syn-e12_c20-dev-0143,dev,20,1,1,
syn-e12_c20-dev-0144,dev,20,1,1,
syn-e12_c20-dev-0145,dev,20,1,1,
syn-e12_c20-dev-0146,dev,20,1,1,
syn-e12_c20-dev-0147,dev,20,1,1,
syn-e12_c20-dev-0148,dev,20,1,1,
syn-e12_c20-dev-0149,dev,20,1,1,
syn-e12_c20-dev-0150,dev,20,1,1,
syn-e12_c20-dev-0151,dev,20,1,1,
syn-e12_c20-dev-0152,dev,20,1,1,
syn-e12_c20-dev-0153,dev,20,1,1,
syn-e12_c20-dev-0154,dev,20,1,1,
syn-e12_c20-dev-0155,dev,20,1,1,
syn-e12_c20-dev-0156,dev,20,1,1,
syn-e12_c20-dev-0157,dev,20,1,1,
syn-e12_c20-dev-0158,dev,20,1,1,
syn-e12_c20-dev-0159,dev,20,1,1,
syn-e12_c20-dev-0160,dev,20,1,1,
syn-e12_c20-dev-0161,dev,20,1,1,
syn-e12_c20-dev-0162,dev,20,1,1,
syn-e12_c20-dev-0163,dev,20,1,1,
syn-e12_c20-dev-0164,dev,20,1,1,
syn-e12_c20-dev-0165,dev,20,1,1,
syn-e12_c20-dev-0166,dev,20,1,1,
syn-e12_c20-dev-0167,dev,20,1,1,
syn-e12_c20-dev-0168,dev,20,1,1,
syn-e12_c20-dev-0169,dev,20,1,1,
syn-e12_c20-dev-0170,dev,20,1,1,
syn-e12_c20-dev-0171,dev,20,1,1,
syn-e12_c20-dev-0172,dev,20,1,1,
syn-e12_c20-dev-0173,dev,20,1,1,
syn-e12_c20-dev-0174,dev,20,1,1,
syn-e12_c20-dev-0175,dev,20,1,1,
syn-e12_c20-dev-0176,dev,20,1,1,
syn-e12_c20-dev-0177,dev,20,1,1,
syn-e12_c20-dev-0178,dev,20,1,1,
syn-e12_c20-dev-0179,dev,20,1,1,
syn-e12_c20-dev-0180,dev,20,1,1,
syn-e12_c20-dev-0181,dev,20,1,1,
syn-e12_c20-dev-0182,dev,20,1,1,
syn-e12_c20-dev-0183,dev,20,1,1,
syn-e12_c20-dev-0184,dev,20,1,1,
syn-e12_c20-dev-0185,dev,20,1,1,
syn-e12_c20-dev-0186,dev,20,1,1,
syn-e12_c20-dev-0187,dev,20,1,1,
syn-e12_c20-dev-0188,dev,20,1,1,
syn-e12_c20-dev-0189,dev,20,1,1,
syn-e12_c20-dev-0190,dev,20,1,1,
syn-e12_c20-dev-0191,dev,20,1,1,
syn-e12_c20-dev-0192,dev,20,1,1,
syn-e12_c20-dev-0193,dev,20,1,1,
syn-e12_c20-dev-0194,dev,20,1,1,
syn-e12_c20-dev-0195,dev,20,1,1,
syn-e12_c20-dev-0196,dev,20,1,1,
syn-e12_c20-dev-0197,dev,20,1,1,
syn-e12_c20-dev-0198,dev,20,1,1,
syn-e12_c20-dev-0199,dev,20,1,1,
syn-e12_c20-dev-0200,dev,20,1,1,
syn-e12_c20-dev-0201,dev,20,1,1,
syn-e12_c20-dev-0202,dev,20,1,1,
syn-e12_c20-dev-0203,dev,20,1,1,
syn-e12_c20-dev-0204,dev,20,1,1,
syn-e12_c20-dev-0205,dev,20,1,1,
syn-e12_c20-dev-0206,dev,20,1,1,
syn-e12_c20-dev-0207,dev,20,1,1,
syn-e12_c20-dev-0208,dev,20,1,1,
syn-e12_c20-dev-0209,dev,20,1,1,
syn-e12_c20-dev-0210,dev,20,1,1,
syn-e12_c20-dev-0211,dev,20,1,1,
syn-e12_c20-dev-0212,dev,20,1,1,
syn-e12_c20-dev-0213,dev,20,1,1,
syn-e12_c20-dev-0214,dev,20,1,1,
syn-e12_c20-dev-0215,dev,20,1,1,
syn-e12_c20-dev-0216,dev,20,1,1,
syn-e12_c20-dev-0217,dev,20,1,1,
syn-e12_c20-dev-0218,dev,20,1,1,
syn-e12_c20-dev-0219,dev,20,1,1,
syn-e12_c20-dev-0220,dev,20,1,1,
syn-e12_c20-dev-0221,dev,20,1,1,
syn-e12_c20-dev-0222,dev,20,1,1,
syn-e12_c20-dev-0223,dev,20,1,1,
syn-e12_c20-dev-0224,dev,20,1,1,
syn-e12_c20-dev-0225,dev,20,1,1,
syn-e12_c20-dev-0226,dev,20,1,1,
syn-e12_c20-dev-0227,dev,20,1,1,
syn-e12_c20-dev-0228,dev,20,1,1,
syn-e12_c20-dev-0229,dev,20,1,1,
syn-e12_c20-dev-0230,dev,20,1,1,
syn-e12_c20-dev-0231,dev,20,1,1,
syn-e12_c20-dev-0232,dev,20,1,1,
syn-e12_c20-dev-0233,dev,20,1,1,
syn-e12_c20-dev-0234,dev,20,1,1,
syn-e12_c20-dev-0235,dev,20,1,1,
syn-e12_c20-dev-0236,dev,20,1,1,
syn-e12_c20-dev-0237,dev,20,1,1,
syn-e12_c20-dev-0238,dev,20,1,1,
syn-e12_c20-dev-0239,dev,20,1,1,
syn-e12_c20-dev-0240,dev,20,1,1,
syn-e12_c20-dev-0241,dev,20,1,1,
syn-e12_c20-dev-0242,dev,20,1,1,
syn-e12_c20-dev-0243,dev,20,1,1,
syn-e12_c20-dev-0244,dev,20,1,1,
syn-e12_c20-dev-0245,dev,20,1,1,
syn-e12_c20-dev-0246,dev,20,1,1,
syn-e12_c20-dev-0247,dev,20,1,1,
syn-e12_c20-dev-0248,dev,20,1,1,
syn-e12_c20-dev-0249,dev,20,1,1,
syn-e12_c20-dev-0250,dev,20,1,1,
syn-e12_c20-dev-0251,dev,20,1,1,
syn-e12_c20-dev-0252,dev,20,1,1,
syn-e12_c20-dev-0253,dev,20,1,1,
syn-e12_c20-dev-0254,dev,20,1,1,
syn-e12_c20-dev-0255,dev,20,1,1,
syn-e12_c20-dev-0256,dev,20,1,1,
syn-e12_c20-dev-0257,dev,20,1,1,
syn-e12_c20-dev-0258,dev,20,1,1,
syn-e12_c20-dev-0259,dev,20,1,1,
syn-e12_c20-dev-0260,dev,20,1,1,
syn-e12_c20-dev-0261,dev,20,1,1,
syn-e12_c20-dev-0262,dev,20,1,1,
syn-e12_c20-dev-0263,dev,20,1,1,
syn-e12_c20-dev-0264,dev,20,1,1,
syn-e12_c20-dev-0265,dev,20,1,1,
syn-e12_c20-dev-0266,dev,20,1,1,
syn-e12_c20-dev-0267,dev,20,1,1,
syn-e12_c20-dev-0268,dev,20,1,1,
syn-e12_c20-dev-0269,dev,20,1,1,
syn-e12_c20-dev-0270,dev,20,1,1,
syn-e12_c20-dev-0271,dev,20,1,1,
syn-e12_c20-dev-0272,dev,20,1,1,
syn-e12_c20-dev-0273,dev,20,1,1,
syn-e12_c20-dev-0274,dev,20,1,1,
syn-e12_c20-dev-0275,dev,20,1,1,
syn-e12_c20-dev-0276,dev,20,1,1,
syn-e12_c20-dev-0277,dev,20,1,1,
syn-e12_c20-dev-0278,dev,20,1,1,
syn-e12_c20-dev-0279,dev,20,1,1,
syn-e12_c20-dev-0280,dev,20,1,1,
syn-e12_c20-dev-0281,dev,20,1,1,
syn-e12_c20-dev-0282,dev,20,1,1,
syn-e12_c20-dev-0283,dev,20,1,1,
syn-e12_c20-dev-0284,dev,20,1,1,
syn-e12_c20-dev-0285,dev,20,1,1,
syn-e12_c20-dev-0286,dev,20,1,1,
syn-e12_c20-dev-0287,dev,20,1,1,
syn-e12_c20-dev-0288,dev,20,1,1,
syn-e12_c20-dev-0289,dev,20,1,1,
syn-e12_c20-dev-0290,dev,20,1,1,
syn-e12_c20-dev-0291,dev,20,1,1,
syn-e12_c20-dev-0292,dev,20,1,1,
syn-e12_c20-dev-0293,dev,20,1,1,
syn-e12_c20-dev-0294,dev,20,1,1,
syn-e12_c20-dev-0295,dev,20,1,1,
syn-e12_c20-dev-0296,dev,20,1,1,
syn-e12_c20-dev-0297,dev,20,1,1,
syn-e12_c20-dev-0298,dev,20,1,1,
syn-e12_c20-dev-0299,dev,20,1,1,
syn-e12_c20-dev-0300,dev,20,1,1,
syn-e12_c20-test-0001,test,20,1,1,
syn-e12_c20-test-0002,test,20,1,1,
syn-e12_c20-test-0003,test,20,1,1,
syn-e12_c20-test-0004,test,20,1,1,
syn-e12_c20-test-0005,test,20,1,1,
syn-e12_c20-test-0006,test,20,1,1,
syn-e12_c20-test-0007,test,20,1,1,
syn-e12_c20-test-0008,test,20,1,1,
syn-e12_c20-test-0009,test,20,1,1,
syn-e12_c20-test-0010,test,20,1,1,
syn-e12_c20-test-0011,test,20,1,1,
syn-e12_c20-test-0012,test,20,1,1,
syn-e12_c20-test-0013,test,20,1,1,
syn-e12_c20-test-0014,test,20,1,1,
syn-e12_c20-test-0015,test,20,1,1,
syn-e12_c20-test-0016,test,20,1,1,
syn-e12_c20-test-0017,test,20,1,1,
syn-e12_c20-test-0018,test,20,1,1,
syn-e12_c20-test-0019,test,20,1,1,
syn-e12_c20-test-0020,test,20,1,1,
syn-e12_c20-test-0021,test,20,1,1,
syn-e12_c20-test-0022,test,20,1,1,
syn-e12_c20-test-0023,test,20,1,1,
syn-e12_c20-test-0024,test,20,1,1,
syn-e12_c20-test-0025,test,20,1,1,
syn-e12_c20-test-0026,test,20,1,1,
syn-e12_c20-test-0027,test,20,1,1,
syn-e12_c20-test-0028,test,20,1,1,
syn-e12_c20-test-0029,test,20,1,1,
syn-e12_c20-test-0030,test,20,1,1,
syn-e12_c20-test-0031,test,20,1,1,
syn-e12_c20-test-0032,test,20,1,1,
syn-e12_c20-test-0033,test,20,1,1,
syn-e12_c20-test-0034,test,20,1,1,
syn-e12_c20-test-0035,test,20,1,1,
syn-e12_c20-test-0036,test,20,1,1,
syn-e12_c20-test-0037,test,20,1,1,
syn-e12_c20-test-0038,test,20,1,1,
syn-e12_c20-test-0039,test,20,1,1,
syn-e12_c20-test-0040,test,20,1,1,
syn-e12_c20-test-0041,test,20,1,1,
syn-e12_c20-test-0042,test,20,1,1,
syn-e12_c20-test-0043,test,20,1,1,
syn-e12_c20-test-0044,test,20,1,1,
syn-e12_c20-test-0045,test,20,1,1,
syn-e12_c20-test-0046,test,20,1,1,
syn-e12_c20-test-0047,test,20,1,1,
syn-e12_c20-test-0048,test,20,1,1,
syn-e12_c20-test-0049,test,20,1,1,
syn-e12_c20-test-0050,test,20,1,1,
syn-e12_c20-test-0051,test,20,1,1,
syn-e12_c20-test-0052,test,20,1,1,
syn-e12_c20-test-0053,test,20,1,1,
syn-e12_c20-test-0054,test,20,1,1,
syn-e12_c20-test-0055,test,20,1,1,
syn-e12_c20-test-0056,test,20,1,1,
syn-e12_c20-test-0057,test,20,1,1,
syn-e12_c20-test-0058,test,20,1,1,
syn-e12_c20-test-0059,test,20,1,1,
syn-e12_c20-test-0060,test,20,1,1,
syn-e12_c20-test-0061,test,20,1,1,
syn-e12_c20-test-0062,test,20,1,1,
syn-e12_c20-test-0063,test,20,1,1,
syn-e12_c20-test-0064,test,20,1,1,
syn-e12_c20-test-0065,test,20,1,1,
syn-e12_c20-test-0066,test,20,1,1,
syn-e12_c20-test-0067,test,20,1,1,
syn-e12_c20-test-0068,test,20,1,1,
syn-e12_c20-test-0069,test,20,1,1,
syn-e12_c20-test-0070,test,20,1,1,
syn-e12_c20-test-0071,test,20,1,1,
syn-e12_c20-test-0072,test,20,1,1,
syn-e12_c20-test-0073,test,20,1,1,
syn-e12_c20-test-0074,test,20,1,1,
syn-e12_c20-test-0075,test,20,1,1,
syn-e12_c20-test-0076,test,20,1,1,
syn-e12_c20-test-0077,test,20,1,1,
syn-e12_c20-test-0078,test,20,1,1,
syn-e12_c20-test-0079,test,20,1,1,
syn-e12_c20-test-0080,test,20,1,1,
syn-e12_c20-test-0081,test,20,1,1,
syn-e12_c20-test-0082,test,20,1,1,
syn-e12_c20-test-0083,test,20,1,1,
syn-e12_c20-test-0084,test,20,1,1,
syn-e12_c20-test-0085,test,20,1,1,
syn-e12_c20-test-0086,test,20,1,1,
syn-e12_c20-test-0087,test,20,1,1,
syn-e12_c20-test-0088,test,20,1,1,
syn-e12_c20-test-0089,test,20,1,1,
syn-e12_c20-test-0090,test,20,1,1,
syn-e12_c20-test-0091,test,20,1,1,
syn-e12_c20-test-0092,test,20,1,1,
syn-e12_c20-test-0093,test,20,1,1,
syn-e12_c20-test-0094,test,20,1,1,
syn-e12_c20-test-0095,test,20,1,1,
syn-e12_c20-test-0096,test,20,1,1,
syn-e12_c20-test-0097,test,20,1,1,
syn-e12_c20-test-0098,test,20,1,1,
syn-e12_c20-test-0099,test,20,1,1,
syn-e12_c20-test-0100,test,20,1,1,
syn-e12_c20-test-0101,test,20,1,1,
syn-e12_c20-test-0102,test,20,1,1,
syn-e12_c20-test-0103,test,20,1,1,
syn-e12_c20-test-0104,test,20,1,1,
syn-e12_c20-test-0105,test,20,1,1,
syn-e12_c20-test-0106,test,20,1,1,
syn-e12_c20-test-0107,test,20,1,1,
syn-e12_c20-test-0108,test,20,1,1,
syn-e12_c20-test-0109,test,20,1,1,
syn-e12_c20-test-0110,test,20,1,1,
syn-e12_c20-test-0111,test,20,1,1,
syn-e12_c20-test-0112,test,20,1,1,
syn-e12_c20-test-0113,test,20,1,1,
syn-e12_c20-test-0114,test,20,1,1,
syn-e12_c20-test-0115,test,20,1,1,
syn-e12_c20-test-0116,test,20,1,1,
syn-e12_c20-test-0117,test,20,1,1,
syn-e12_c20-test-0118,test,20,1,1,
syn-e12_c20-test-0119,test,20,1,1,
syn-e12_c20-test-0120,test,20,1,1,
syn-e12_c20-test-0121,test,20,1,1,
syn-e12_c20-test-0122,test,20,1,1,
syn-e12_c20-test-0123,test,20,1,1,
syn-e12_c20-test-0124,test,20,1,1,
syn-e12_c20-test-0125,test,20,1,1,
syn-e12_c20-test-0126,test,20,1,1,
syn-e12_c20-test-0127,test,20,1,1,
syn-e12_c20-test-0128,test,20,1,1,
syn-e12_c20-test-0129,test,20,1,1,
syn-e12_c20-test-0130,test,20,1,1,
syn-e12_c20-test-0131,test,20,1,1,
syn-e12_c20-test-0132,test,20,1,1,
syn-e12_c20-test-0133,test,20,1,1,
syn-e12_c20-test-0134,test,20,1,1,
syn-e12_c20-test-0135,test,20,1,1,
syn-e12_c20-test-0136,test,20,1,1,
syn-e12_c20-test-0137,test,20,1,1,
syn-e12_c20-test-0138,test,20,1,1,
syn-e12_c20-test-0139,test,20,1,1,
syn-e12_c20-test-0140,test,20,1,1,
syn-e12_c20-test-0141,test,20,1,1,
syn-e12_c20-test-0142,test,20,1,1,
syn-e12_c20-test-0143,test,20,1,1,
syn-e12_c20-test-0144,test,20,1,1,
syn-e12_c20-test-0145,test,20,1,1,
syn-e12_c20-test-0146,test,20,1,1,
syn-e12_c20-test-0147,test,20,1,1,
syn-e12_c20-test-0148,test,20,1,1,
syn-e12_c20-test-0149,test,20,1,1,
syn-e12_c20-test-0150,test,20,1,1,
syn-e12_c20-test-0151,test,20,1,1,
syn-e12_c20-test-0152,test,20,1,1,
syn-e12_c20-test-0153,test,20,1,1,
syn-e12_c20-test-0154,test,20,1,1,
syn-e12_c20-test-0155,test,20,1,1,
syn-e12_c20-test-0156,test,20,1,1,
syn-e12_c20-test-0157,test,20,1,1,
syn-e12_c20-test-0158,test,20,1,1,
syn-e12_c20-test-0159,test,20,1,1,
syn-e12_c20-test-0160,test,20,1,1,
syn-e12_c20-test-0161,test,20,1,1,
syn-e12_c20-test-0162,test,20,1,1,
syn-e12_c20-test-0163,test,20,1,1,
syn-e12_c20-test-0164,test,20,1,1,
syn-e12_c20-test-0165,test,20,1,1,
syn-e12_c20-test-0166,test,20,1,1,
syn-e12_c20-test-0167,test,20,1,1,
syn-e12_c20-test-0168,test,20,1,1,
syn-e12_c20-test-0169,test,20,1,1,
syn-e12_c20-test-0170,test,20,1,1,
syn-e12_c20-test-0171,test,20,1,1,
syn-e12_c20-test-0172,test,20,1,1,
syn-e12_c20-test-0173,test,20,1,1,
syn-e12_c20-test-0174,test,20,1,1,
syn-e12_c20-test-0175,test,20,1,1,
syn-e12_c20-test-0176,test,20,1,1,
syn-e12_c20-test-0177,test,20,1,1,
syn-e12_c20-test-0178,test,20,1,1,
syn-e12_c20-test-0179,test,20,1,1,
syn-e12_c20-test-0180,test,20,1,1,
syn-e12_c20-test-0181,test,20,1,1,
syn-e12_c20-test-0182,test,20,1,1,
syn-e12_c20-test-0183,test,20,1,1,
syn-e12_c20-test-0184,test,20,1,1,
syn-e12_c20-test-0185,test,20,1,1,
syn-e12_c20-test-0186,test,20,1,1,
syn-e12_c20-test-0187,test,20,1,1,
syn-e12_c20-test-0188,test,20,1,1,
syn-e12_c20-test-0189,test,20,1,1,
syn-e12_c20-test-0190,test,20,1,1,
syn-e12_c20-test-0191,test,20,1,1,
syn-e12_c20-test-0192,test,20,1,1,
syn-e12_c20-test-0193,test,20,1,1,
syn-e12_c20-test-0194,test,20,1,1,
syn-e12_c20-test-0195,test,20,1,1,
syn-e12_c20-test-0196,test,20,1,1,
syn-e12_c20-test-0197,test,20,1,1,
syn-e12_c20-test-0198,test,20,1,1,
syn-e12_c20-test-0199,test,20,1,1,
syn-e12_c20-test-0200,test,20,1,1,
syn-e12_c20-test-0201,test,20,1,1,
syn-e12_c20-test-0202,test,20,1,1,
syn-e12_c20-test-0203,test,20,1,1,
syn-e12_c20-test-0204,test,20,1,1,
syn-e12_c20-test-0205,test,20,1,1,
syn-e12_c20-test-0206,test,20,1,1,
syn-e12_c20-test-0207,test,20,1,1,
syn-e12_c20-test-0208,test,20,1,1,
syn-e12_c20-test-0209,test,20,1,1,
syn-e12_c20-test-0210,test,20,1,1,
syn-e12_c20-test-0211,test,20,1,1,
syn-e12_c20-test-0212,test,20,1,1,
syn-e12_c20-test-0213,test,20,1,1,
syn-e12_c20-test-0214,test,20,1,1,
syn-e12_c20-test-0215,test,20,1,1,
syn-e12_c20-test-0216,test,20,1,1,
syn-e12_c20-test-0217,test,20,1,1,
syn-e12_c20-test-0218,test,20,1,1,
syn-e12_c20-test-0219,test,20,1,1,
syn-e12_c20-test-0220,test,20,1,1,
syn-e12_c20-test-0221,test,20,1,1,
syn-e12_c20-test-0222,test,20,1,1,
syn-e12_c20-test-0223,test,20,1,1,
syn-e12_c20-test-0224,test,20,1,1,
syn-e12_c20-test-0225,test,20,1,1,
syn-e12_c20-test-0226,test,20,1,1,
syn-e12_c20-test-0227,test,20,1,1,
syn-e12_c20-test-0228,test,20,1,1,
syn-e12_c20-test-0229,test,20,1,1,
syn-e12_c20-test-0230,test,20,1,1,
syn-e12_c20-test-0231,test,20,1,1,
syn-e12_c20-test-0232,test,20,1,1,
syn-e12_c20-test-0233,test,20,1,1,
syn-e12_c20-test-0234,test,20,1,1,
syn-e12_c20-test-0235,test,20,1,1,
syn-e12_c20-test-0236,test,20,1,1,
syn-e12_c20-test-0237,test,20,1,1,
syn-e12_c20-test-0238,test,20,1,1,
syn-e12_c20-test-0239,test,20,1,1,
syn-e12_c20-test-0240,test,20,1,1,
syn-e12_c20-test-0241,test,20,1,1,
syn-e12_c20-test-0242,test,20,1,1,
syn-e12_c20-test-0243,test,20,1,1,
syn-e12_c20-test-0244,test,20,1,1,
syn-e12_c20-test-0245,test,20,1,1,
syn-e12_c20-test-0246,test,20,1,1,
syn-e12_c20-test-0247,test,20,1,1,
syn-e12_c20-test-0248,test,20,1,1,
syn-e12_c20-test-0249,test,20,1,1,
syn-e12_c20-test-0250,test,20,1,1,
syn-e12_c20-test-0251,test,20,1,1,
syn-e12_c20-test-0252,test,20,1,1,
syn-e12_c20-test-0253,test,20,1,1,
syn-e12_c20-test-0254,test,20,1,1,
syn-e12_c20-test-0255,test,20,1,1,
syn-e12_c20-test-0256,test,20,1,1,
syn-e12_c20-test-0257,test,20,1,1,
syn-e12_c20-test-0258,test,20,1,1,
syn-e12_c20-test-0259,test,20,1,1,
syn-e12_c20-test-0260,test,20,1,1,
syn-e12_c20-test-0261,test,20,1,1,
syn-e12_c20-test-0262,test,20,1,1,
syn-e12_c20-test-0263,test,20,1,1,
syn-e12_c20-test-0264,test,20,1,1,
syn-e12_c20-test-0265,test,20,1,1,
syn-e12_c20-test-0266,test,20,1,1,
syn-e12_c20-test-0267,test,20,1,1,
syn-e12_c20-test-0268,test,20,1,1,
syn-e12_c20-test-0269,test,20,1,1,
syn-e12_c20-test-0270,test,20,1,1,
syn-e12_c20-test-0271,test,20,1,1,
syn-e12_c20-test-0272,test,20,1,1,
syn-e12_c20-test-0273,test,20,1,1,
syn-e12_c20-test-0274,test,20,1,1,
syn-e12_c20-test-0275,test,20,1,1,
syn-e12_c20-test-0276,test,20,1,1,
syn-e12_c20-test-0277,test,20,1,1,
syn-e12_c20-test-0278,test,20,1,1,
syn-e12_c20-test-0279,test,20,1,1,
syn-e12_c20-test-0280,test,20,1,1,
syn-e12_c20-test-0281,test,20,1,1,
syn-e12_c20-test-0282,test,20,1,1,
syn-e12_c20-test-0283,test,20,1,1,
syn-e12_c20-test-0284,test,20,1,1,
syn-e12_c20-test-0285,test,20,1,1,
syn-e12_c20-test-0286,test,20,1,1,
syn-e12_c20-test-0287,test,20,1,1,
syn-e12_c20-test-0288,test,20,1,1,
syn-e12_c20-test-0289,test,20,1,1,
syn-e12_c20-test-0290,test,20,1,1,
syn-e12_c20-test-0291,test,20,1,1,
syn-e12_c20-test-0292,test,20,1,1,
syn-e12_c20-test-0293,test,20,1,1,
syn-e12_c20-test-0294,test,20,1,1,
syn-e12_c20-test-0295,test,20,1,1,
syn-e12_c20-test-0296,test,20,1,1,
syn-e12_c20-test-0297,test,20,1,1,
syn-e12_c20-test-0298,test,20,1,1,
syn-e12_c20-test-0299,test,20,1,1,
syn-e12_c20-test-0300,test,20,1,1,
syn-e12_c20-test-0301,test,20,1,1,
syn-e12_c20-test-0302,test,20,1,1,
syn-e12_c20-test-0303,test,20,1,1,
syn-e12_c20-test-0304,test,20,1,1,
syn-e12_c20-test-0305,test,20,1,1,
syn-e12_c20-test-0306,test,20,1,1,
syn-e12_c20-test-0307,test,20,1,1,
syn-e12_c20-test-0308,test,20,1,1,
syn-e12_c20-test-0309,test,20,1,1,
syn-e12_c20-test-0310,test,20,1,1,
syn-e12_c20-test-0311,test,20,1,1,
syn-e12_c20-test-0312,test,20,1,1,
syn-e12_c20-test-0313,test,20,1,1,
syn-e12_c20-test-0314,test,20,1,1,
syn-e12_c20-test-0315,test,20,1,1,
syn-e12_c20-test-0316,test,20,1,1,
syn-e12_c20-test-0317,test,20,1,1,
syn-e12_c20-test-0318,test,20,1,1,
syn-e12_c20-test-0319,test,20,1,1,
syn-e12_c20-test-0320,test,20,1,1,
syn-e12_c20-test-0321,test,20,1,1,
syn-e12_c20-test-0322,test,20,1,1,
syn-e12_c20-test-0323,test,20,1,1,
syn-e12_c20-test-0324,test,20,1,1,
syn-e12_c20-test-0325,test,20,1,1,
syn-e12_c20-test-0326,test,20,1,1,
syn-e12_c20-test-0327,test,20,1,1,
syn-e12_c20-test-0328,test,20,1,1,
syn-e12_c20-test-0329,test,20,1,1,
syn-e12_c20-test-0330,test,20,1,1,
syn-e12_c20-test-0331,test,20,1,1,
syn-e12_c20-test-0332,test,20,1,1,
syn-e12_c20-test-0333,test,20,1,1,
syn-e12_c20-test-0334,test,20,1,1,
syn-e12_c20-test-0335,test,20,1,1,
syn-e12_c20-test-0336,test,20,1,1,
syn-e12_c20-test-0337,test,20,1,1,
syn-e12_c20-test-0338,test,20,1,1,
syn-e12_c20-test-0339,test,20,1,1,
syn-e12_c20-test-0340,test,20,1,1,
syn-e12_c20-test-0341,test,20,1,1,
syn-e12_c20-test-0342,test,20,1,1,
syn-e12_c20-test-0343,test,20,1,1,
syn-e12_c20-test-0344,test,20,1,1,
syn-e12_c20-test-0345,test,20,1,1,
syn-e12_c20-test-0346,test,20,1,1,
syn-e12_c20-test-0347,test,20,1,1,
syn-e12_c20-test-0348,test,20,1,1,
syn-e12_c20-test-0349,test,20,1,1,
syn-e12_c20-test-0350,test,20,1,1,
syn-e12_c20-test-0351,test,20,1,1,
syn-e12_c20-test-0352,test,20,1,1,
syn-e12_c20-test-0353,test,20,1,1,
syn-e12_c20-test-0354,test,20,1,1,
syn-e12_c20-test-0355,test,20,1,1,
syn-e12_c20-test-0356,test,20,1,1,
syn-e12_c20-test-0357,test,20,1,1,
syn-e12_c20-test-0358,test,20,1,1,
syn-e12_c20-test-0359,test,20,1,1,
syn-e12_c20-test-0360,test,20,1,1,
syn-e12_c20-test-0361,test,20,1,1,
syn-e12_c20-test-0362,test,20,1,1,
syn-e12_c20-test-0363,test,20,1,1,
syn-e12_c20-test-0364,test,20,1,1,
syn-e12_c20-test-0365,test,20,1,1,
syn-e12_c20-test-0366,test,20,1,1,
syn-e12_c20-test-0367,test,20,1,1,
syn-e12_c20-test-0368,test,20,1,1,
syn-e12_c20-test-0369,test,20,1,1,
syn-e12_c20-test-0370,test,20,1,1,
syn-e12_c20-test-0371,test,20,1,1,
syn-e12_c20-test-0372,test,20,1,1,
syn-e12_c20-test-0373,test,20,1,1,
syn-e12_c20-test-0374,test,20,1,1,
syn-e12_c20-test-0375,test,20,1,1,
syn-e12_c20-test-0376,test,20,1,1,
syn-e12_c20-test-0377,test,20,1,1,
syn-e12_c20-test-0378,test,20,1,1,
syn-e12_c20-test-0379,test,20,1,1,
syn-e12_c20-test-0380,test,20,1,1,
syn-e12_c20-test-0381,test,20,1,1,
syn-e12_c20-test-0382,test,20,1,1,
syn-e12_c20-test-0383,test,20,1,1,
syn-e12_c20-test-0384,test,20,1,1,
syn-e12_c20-test-0385,test,20,1,1,
syn-e12_c20-test-0386,test,20,1,1,
syn-e12_c20-test-0387,test,20,1,1,
syn-e12_c20-test-0388,test,20,1,1,
syn-e12_c20-test-0389,test,20,1,1,
syn-e12_c20-test-0390,test,20,1,1,
syn-e12_c20-test-0391,test,20,1,1,
syn-e12_c20-test-0392,test,20,1,1,
syn-e12_c20-test-0393,test,20,1,1,
syn-e12_c20-test-0394,test,20,1,1,
syn-e12_c20-test-0395,test,20,1,1,
syn-e12_c20-test-0396,test,20,1,1,
syn-e12_c20-test-0397,test,20,1,1,
syn-e12_c20-test-0398,test,20,1,1,
syn-e12_c20-test-0399,test,20,1,1,
syn-e12_c20-test-0400,test,20,1,1,
syn-e12_c20-test-0401,test,20,1,1,
syn-e12_c20-test-0402,test,20,1,1,
syn-e12_c20-test-0403,test,20,1,1,
syn-e12_c20-test-0404,test,20,1,1,
syn-e12_c20-test-0405,test,20,1,1,
syn-e12_c20-test-0406,test,20,1,1,
syn-e12_c20-test-0407,test,20,1,1,
syn-e12_c20-test-0408,test,20,1,1,
syn-e12_c20-test-0409,test,20,1,1,
syn-e12_c20-test-0410,test,20,1,1,
syn-e12_c20-test-0411,test,20,1,1,
syn-e12_c20-test-0412,test,20,1,1,
syn-e12_c20-test-0413,test,20,1,1,
syn-e12_c20-test-0414,test,20,1,1,
syn-e12_c20-test-0415,test,20,1,1,
syn-e12_c20-test-0416,test,20,1,1,
syn-e12_c20-test-0417,test,20,1,1,
syn-e12_c20-test-0418,test,20,1,1,
syn-e12_c20-test-0419,test,20,1,1,
syn-e12_c20-test-0420,test,20,1,1,
syn-e12_c20-test-0421,test,20,1,1,
syn-e12_c20-test-0422,test,20,1,1,
syn-e12_c20-test-0423,test,20,1,1,
syn-e12_c20-test-0424,test,20,1,1,
syn-e12_c20-test-0425,test,20,1,1,
syn-e12_c20-test-0426,test,20,1,1,
syn-e12_c20-test-0427,test,20,1,1,
syn-e12_c20-test-0428,test,20,1,1,
syn-e12_c20-test-0429,test,20,1,1,
syn-e12_c20-test-0430,test,20,1,1,
syn-e12_c20-test-0431,test,20,1,1,
syn-e12_c20-test-0432,test,20,1,1,
syn-e12_c20-test-0433,test,20,1,1,
syn-e12_c20-test-0434,test,20,1,1,
syn-e12_c20-test-0435,test,20,1,1,
syn-e12_c20-test-0436,test,20,1,1,
syn-e12_c20-test-0437,test,20,1,1,
syn-e12_c20-test-0438,test,20,1,1,
syn-e12_c20-test-0439,test,20,1,1,
syn-e12_c20-test-0440,test,20,1,1,
syn-e12_c20-test-0441,test,20,1,1,
syn-e12_c20-test-0442,test,20,1,1,
syn-e12_c20-test-0443,test,20,1,1,
syn-e12_c20-test-0444,test,20,1,1,
syn-e12_c20-test-0445,test,20,1,1,
syn-e12_c20-test-0446,test,20,1,1,
syn-e12_c20-test-0447,test,20,1,1,
syn-e12_c20-test-0448,test,20,1,1,
syn-e12_c20-test-0449,test,20,1,1,
syn-e12_c20-test-0450,test,20,1,1,
syn-e12_c20-test-0451,test,20,1,1,
syn-e12_c20-test-0452,test,20,1,1,
syn-e12_c20-test-0453,test,20,1,1,
syn-e12_c20-test-0454,test,20,1,1,
syn-e12_c20-test-0455,test,20,1,1,
syn-e12_c20-test-0456,test,20,1,1,
syn-e12_c20-test-0457,test,20,1,1,
syn-e12_c20-test-0458,test,20,1,1,
syn-e12_c20-test-0459,test,20,1,1,
syn-e12_c20-test-0460,test,20,1,1,
syn-e12_c20-test-0461,test,20,1,1,
syn-e12_c20-test-0462,test,20,1,1,
syn-e12_c20-test-0463,test,20,1,1,
syn-e12_c20-test-0464,test,20,1,1,
syn-e12_c20-test-0465,test,20,1,1,
syn-e12_c20-test-0466,test,20,1,1,
syn-e12_c20-test-0467,test,20,1,1,
syn-e12_c20-test-0468,test,20,1,1,
syn-e12_c20-test-0469,test,20,1,1,
syn-e12_c20-test-0470,test,20,1,1,
syn-e12_c20-test-0471,test,20,1,1,
syn-e12_c20-test-0472,test,20,1,1,
syn-e12_c20-test-0473,test,20,1,1,
syn-e12_c20-test-0474,test,20,1,1,
syn-e12_c20-test-0475,test,20,1,1,
syn-e12_c20-test-0476,test,20,1,1,
syn-e12_c20-test-0477,test,20,1,1,
syn-e12_c20-test-0478,test,20,1,1,
syn-e12_c20-test-0479,test,20,1,1,
syn-e12_c20-test-0480,test,20,1,1,
syn-e12_c20-test-0481,test,20,1,1,
syn-e12_c20-test-0482,test,20,1,1,
syn-e12_c20-test-0483,test,20,1,1,
syn-e12_c20-test-0484,test,20,1,1,
syn-e12_c20-test-0485,test,20,1,1,
syn-e12_c20-test-0486,test,20,1,1,
syn-e12_c20-test-0487,test,20,1,1,
syn-e12_c20-test-0488,test,20,1,1,
syn-e12_c20-test-0489,test,20,1,1,
syn-e12_c20-test-0490,test,20,1,1,
syn-e12_c20-test-0491,test,20,1,1,
syn-e12_c20-test-0492,test,20,1,1,
syn-e12_c20-test-0493,test,20,1,1,
syn-e12_c20-test-0494,test,20,1,1,
syn-e12_c20-test-0495,test,20,1,1,
syn-e12_c20-test-0496,test,20,1,1,
syn-e12_c20-test-0497,test,20,1,1,
syn-e12_c20-test-0498,test,20,1,1,
syn-e12_c20-test-0499,test,20,1,1,
syn-e12_c20-test-0500,test,20,1,1,
syn-e12_c20-test-0501,test,20,1,1,
syn-e12_c20-test-0502,test,20,1,1,
syn-e12_c20-test-0503,test,20,1,1,
syn-e12_c20-test-0504,test,20,1,1,
syn-e12_c20-test-0505,test,20,1,1,
syn-e12_c20-test-0506,test,20,1,1,
syn-e12_c20-test-0507,test,20,1,1,
syn-e12_c20-test-0508,test,20,1,1,
syn-e12_c20-test-0509,test,20,1,1,
syn-e12_c20-test-0510,test,20,1,1,
syn-e12_c20-test-0511,test,20,1,1,
syn-e12_c20-test-0512,test,20,1,1,
syn-e12_c20-test-0513,test,20,1,1,
syn-e12_c20-test-0514,test,20,1,1,
syn-e12_c20-test-0515,test,20,1,1,
syn-e12_c20-test-0516,test,20,1,1,
syn-e12_c20-test-0517,test,20,1,1,
syn-e12_c20-test-0518,test,20,1,1,
syn-e12_c20-test-0519,test,20,1,1,
syn-e12_c20-test-0520,test,20,1,1,
syn-e12_c20-test-0521,test,20,1,1,
syn-e12_c20-test-0522,test,20,1,1,
syn-e12_c20-test-0523,test,20,1,1,
syn-e12_c20-test-0524,test,20,1,1,
syn-e12_c20-test-0525,test,20,1,1,
syn-e12_c20-test-0526,test,20,1,1,
syn-e12_c20-test-0527,test,20,1,1,
syn-e12_c20-test-0528,test,20,1,1,
syn-e12_c20-test-0529,test,20,1,1,
syn-e12_c20-test-0530,test,20,1,1,
syn-e12_c20-test-0531,test,20,1,1,
syn-e12_c20-test-0532,test,20,1,1,
syn-e12_c20-test-0533,test,20,1,1,
syn-e12_c20-test-0534,test,20,1,1,
syn-e12_c20-test-0535,test,20,1,1,
syn-e12_c20-test-0536,test,20,1,1,
syn-e12_c20-test-0537,test,20,1,1,
syn-e12_c20-test-0538,test,20,1,1,
syn-e12_c20-test-0539,test,20,1,1,
syn-e12_c20-test-0540,test,20,1,1,
syn-e12_c20-test-0541,test,20,1,1,
syn-e12_c20-test-0542,test,20,1,1,
syn-e12_c20-test-0543,test,20,1,1,
syn-e12_c20-test-0544,test,20,1,1,
syn-e12_c20-test-0545,test,20,1,1,
syn-e12_c20-test-0546,test,20,1,1,
syn-e12_c20-test-0547,test,20,1,1,
syn-e12_c20-test-0548,test,20,1,1,
syn-e12_c20-test-0549,test,20,1,1,
syn-e12_c20-test-0550,test,20,1,1,
syn-e12_c20-test-0551,test,20,1,1,
syn-e12_c20-test-0552,test,20,1,1,
syn-e12_c20-test-0553,test,20,1,1,
syn-e12_c20-test-0554,test,20,1,1,
syn-e12_c20-test-0555,test,20,1,1,
syn-e12_c20-test-0556,test,20,1,1,
syn-e12_c20-test-0557,test,20,1,1,
syn-e12_c20-test-0558,test,20,1,1,
syn-e12_c20-test-0559,test,20,1,1,
syn-e12_c20-test-0560,test,20,1,1,
syn-e12_c20-test-0561,test,20,1,1,
syn-e12_c20-test-0562,test,20,1,1,
syn-e12_c20-test-0563,test,20,1,1,
syn-e12_c20-test-0564,test,20,1,1,
syn-e12_c20-test-0565,test,20,1,1,
syn-e12_c20-test-0566,test,20,1,1,
syn-e12_c20-test-0567,test,20,1,1,
syn-e12_c20-test-0568,test,20,1,1,
syn-e12_c20-test-0569,test,20,1,1,
syn-e12_c20-test-0570,test,20,1,1,
syn-e12_c20-test-0571,test,20,1,1,
syn-e12_c20-test-0572,test,20,1,1,
syn-e12_c20-test-0573,test,20,1,1,
syn-e12_c20-test-0574,test,20,1,1,
syn-e12_c20-test-0575,test,20,1,1,
syn-e12_c20-test-0576,test,20,1,1,
syn-e12_c20-test-0577,test,20,1,1,
syn-e12_c20-test-0578,test,20,1,1,
syn-e12_c20-test-0579,test,20,1,1,
syn-e12_c20-test-0580,test,20,1,1,
syn-e12_c20-test-0581,test,20,1,1,
syn-e12_c20-test-0582,test,20,1,1,
syn-e12_c20-test-0583,test,20,1,1,
syn-e12_c20-test-0584,test,20,1,1,
syn-e12_c20-test-0585,test,20,1,1,
syn-e12_c20-test-0586,test,20,1,1,
syn-e12_c20-test-0587,test,20,1,1,
syn-e12_c20-test-0588,test,20,1,1,
syn-e12_c20-test-0589,test,20,1,1,
syn-e12_c20-test-0590,test,20,1,1,
syn-e12_c20-test-0591,test,20,1,1,
syn-e12_c20-test-0592,test,20,1,1,
syn-e12_c20-test-0593,test,20,1,1,
syn-e12_c20-test-0594,test,20,1,1,
syn-e12_c20-test-0595,test,20,1,1,
syn-e12_c20-test-0596,test,20,1,1,
syn-e12_c20-test-0597,test,20,1,1,
syn-e12_c20-test-0598,test,20,1,1,
syn-e12_c20-test-0599,test,20,1,1,
syn-e12_c20-test-0600,test,20,1,1,
syn-e12_c20-test-0601,test,20,1,1,
syn-e12_c20-test-0602,test,20,1,1,
syn-e12_c20-test-0603,test,20,1,1,
syn-e12_c20-test-0604,test,20,1,1,
syn-e12_c20-test-0605,test,20,1,1,
syn-e12_c20-test-0606,test,20,1,1,
syn-e12_c20-test-0607,test,20,1,1,
syn-e12_c20-test-0608,test,20,1,1,
syn-e12_c20-test-0609,test,20,1,1,
syn-e12_c20-test-0610,test,20,1,1,
syn-e12_c20-test-0611,test,20,1,1,
syn-e12_c20-test-0612,test,20,1,1,
syn-e12_c20-test-0613,test,20,1,1,
syn-e12_c20-test-0614,test,20,1,1,
syn-e12_c20-test-0615,test,20,1,1,
syn-e12_c20-test-0616,test,20,1,1,
syn-e12_c20-test-0617,test,20,1,1,
syn-e12_c20-test-0618,test,20,1,1,
syn-e12_c20-test-0619,test,20,1,1,
syn-e12_c20-test-0620,test,20,1,1,
syn-e12_c20-test-0621,test,20,1,1,
syn-e12_c20-test-0622,test,20,1,1,
syn-e12_c20-test-0623,test,20,1,1,
syn-e12_c20-test-0624,test,20,1,1,
syn-e12_c20-test-0625,test,20,1,1,
syn-e12_c20-test-0626,test,20,1,1,
syn-e12_c20-test-0627,test,20,1,1,
syn-e12_c20-test-0628,test,20,1,1,
syn-e12_c20-test-0629,test,20,1,1,
syn-e12_c20-test-0630,test,20,1,1,
syn-e12_c20-test-0631,test,20,1,1,
syn-e12_c20-test-0632,test,20,1,1,
syn-e12_c20-test-0633,test,20,1,1,
syn-e12_c20-test-0634,test,20,1,1,
syn-e12_c20-test-0635,test,20,1,1,
syn-e12_c20-test-0636,test,20,1,1,
syn-e12_c20-test-0637,test,20,1,1,
syn-e12_c20-test-0638,test,20,1,1,
syn-e12_c20-test-0639,test,20,1,1,
syn-e12_c20-test-0640,test,20,1,1,
syn-e12_c20-test-0641,test,20,1,1,
syn-e12_c20-test-0642,test,20,1,1,
syn-e12_c20-test-0643,test,20,1,1,
syn-e12_c20-test-0644,test,20,1,1,
syn-e12_c20-test-0645,test,20,1,1,
syn-e12_c20-test-0646,test,20,1,1,
syn-e12_c20-test-0647,test,20,1,1,
syn-e12_c20-test-0648,test,20,1,1,
syn-e12_c20-test-0649,test,20,1,1,
syn-e12_c20-test-0650,test,20,1,1,
syn-e12_c20-test-0651,test,20,1,1,
syn-e12_c20-test-0652,test,20,1,1,
syn-e12_c20-test-0653,test,20,1,1,
syn-e12_c20-test-0654,test,20,1,1,
syn-e12_c20-test-0655,test,20,1,1,
syn-e12_c20-test-0656,test,20,1,1,
syn-e12_c20-test-0657,test,20,1,1,
syn-e12_c20-test-0658,test,20,1,1,
syn-e12_c20-test-0659,test,20,1,1,
syn-e12_c20-test-0660,test,20,1,1,
syn-e12_c20-test-0661,test,20,1,1,
syn-e12_c20-test-0662,test,20,1,1,
syn-e12_c20-test-0663,test,20,1,1,
syn-e12_c20-test-0664,test,20,1,1,
syn-e12_c20-test-0665,test,20,1,1,
syn-e12_c20-test-0666,test,20,1,1,
syn-e12_c20-test-0667,test,20,1,1,
syn-e12_c20-test-0668,test,20,1,1,
syn-e12_c20-test-0669,test,20,1,1,
syn-e12_c20-test-0670,test,20,1,1,
syn-e12_c20-test-0671,test,20,1,1,
syn-e12_c20-test-0672,test,20,1,1,
syn-e12_c20-test-0673,test,20,1,1,
syn-e12_c20-test-0674,test,20,1,1,
syn-e12_c20-test-0675,test,20,1,1,
syn-e12_c20-test-0676,test,20,1,1,
syn-e12_c20-test-0677,test,20,1,1,
syn-e12_c20-test-0678,test,20,1,1,
syn-e12_c20-test-0679,test,20,1,1,
syn-e12_c20-test-0680,test,20,1,1,
syn-e12_c20-test-0681,test,20,1,1,
syn-e12_c20-test-0682,test,20,1,1,
syn-e12_c20-test-0683,test,20,1,1,
syn-e12_c20-test-0684,test,20,1,1,
syn-e12_c20-test-0685,test,20,1,1,
syn-e12_c20-test-0686,test,20,1,1,
syn-e12_c20-test-0687,test,20,1,1,
syn-e12_c20-test-0688,test,20,1,1,
syn-e12_c20-test-0689,test,20,1,1,
syn-e12_c20-test-0690,test,20,1,1,
syn-e12_c20-test-0691,test,20,1,1,
syn-e12_c20-test-0692,test,20,1,1,
syn-e12_c20-test-0693,test,20,1,1,
syn-e12_c20-test-0694,test,20,1,1,
syn-e12_c20-test-0695,test,20,1,1,
syn-e12_c20-test-0696,test,20,1,1,
syn-e12_c20-test-0697,test,20,1,1,
syn-e12_c20-test-0698,test,20,1,1,
syn-e12_c20-test-0699,test,20,1,1,
syn-e12_c20-test-0700,test,20,1,1,
syn-e06_c10_hp50-dev-0001,dev,10,1,1,
syn-e06_c10_hp50-dev-0002,dev,10,1,1,
syn-e06_c10_hp50-dev-0003,dev,10,1,1,
syn-e06_c10_hp50-dev-0004,dev,10,1,1,
syn-e06_c10_hp50-dev-0005,dev,10,1,1,
syn-e06_c10_hp50-dev-0006,dev,10,1,1,
syn-e06_c10_hp50-dev-0007,dev,10,1,1,
syn-e06_c10_hp50-dev-0008,dev,10,1,1,
syn-e06_c10_hp50-dev-0009,dev,10,1,1,
syn-e06_c10_hp50-dev-0010,dev,10,1,1,
syn-e06_c10_hp50-dev-0011,dev,10,1,1,
syn-e06_c10_hp50-dev-0012,dev,10,1,1,
syn-e06_c10_hp50-dev-0013,dev,10,1,1,
syn-e06_c10_hp50-dev-0014,dev,10,1,1,
syn-e06_c10_hp50-dev-0015,dev,10,1,1,
syn-e06_c10_hp50-dev-0016,dev,10,1,1,
syn-e06_c10_hp50-dev-0017,dev,10,1,1,
syn-e06_c10_hp50-dev-0018,dev,10,1,1,
syn-e06_c10_hp50-dev-0019,dev,10,1,1,
syn-e06_c10_hp50-dev-0020,dev,10,1,1,
syn-e06_c10_hp50-dev-0021,dev,10,1,1,
syn-e06_c10_hp50-dev-0022,dev,10,1,1,
syn-e06_c10_hp50-dev-0023,dev,10,1,1,
syn-e06_c10_hp50-dev-0024,dev,10,1,1,
syn-e06_c10_hp50-dev-0025,dev,10,1,1,
syn-e06_c10_hp50-dev-0026,dev,10,1,1,
syn-e06_c10_hp50-dev-0027,dev,10,1,1,
syn-e06_c10_hp50-dev-0028,dev,10,1,1,
syn-e06_c10_hp50-dev-0029,dev,10,1,1,
syn-e06_c10_hp50-dev-0030,dev,10,1,1,
syn-e06_c10_hp50-dev-0031,dev,10,1,1,
syn-e06_c10_hp50-dev-0032,dev,10,1,1,
syn-e06_c10_hp50-dev-0033,dev,10,1,1,
syn-e06_c10_hp50-dev-0034,dev,10,1,1,
syn-e06_c10_hp50-dev-0035,dev,10,1,1,
syn-e06_c10_hp50-dev-0036,dev,10,1,1,
syn-e06_c10_hp50-dev-0037,dev,10,1,1,
syn-e06_c10_hp50-dev-0038,dev,10,1,1,
syn-e06_c10_hp50-dev-0039,dev,10,1,1,
syn-e06_c10_hp50-dev-0040,dev,10,1,1,
syn-e06_c10_hp50-dev-0041,dev,10,1,1,
syn-e06_c10_hp50-dev-0042,dev,10,1,1,
syn-e06_c10_hp50-dev-0043,dev,10,1,1,
syn-e06_c10_hp50-dev-0044,dev,10,1,1,
syn-e06_c10_hp50-dev-0045,dev,10,1,1,
syn-e06_c10_hp50-dev-0046,dev,10,1,1,
syn-e06_c10_hp50-dev-0047,dev,10,1,1,
syn-e06_c10_hp50-dev-0048,dev,10,1,1,
syn-e06_c10_hp50-dev-0049,dev,10,1,1,
syn-e06_c10_hp50-dev-0050,dev,10,1,1,
syn-e06_c10_hp50-dev-0051,dev,10,1,1,
syn-e06_c10_hp50-dev-0052,dev,10,1,1,
syn-e06_c10_hp50-dev-0053,dev,10,1,1,
syn-e06_c10_hp50-dev-0054,dev,10,1,1,
syn-e06_c10_hp50-dev-0055,dev,10,1,1,
syn-e06_c10_hp50-dev-0056,dev,10,1,1,
syn-e06_c10_hp50-dev-0057,dev,10,1,1,
syn-e06_c10_hp50-dev-0058,dev,10,1,1,
syn-e06_c10_hp50-dev-0059,dev,10,1,1,
syn-e06_c10_hp50-dev-0060,dev,10,1,1,
syn-e06_c10_hp50-dev-0061,dev,10,1,1,
syn-e06_c10_hp50-dev-0062,dev,10,1,1,
syn-e06_c10_hp50-dev-0063,dev,10,1,1,
syn-e06_c10_hp50-dev-0064,dev,10,1,1,
syn-e06_c10_hp50-dev-0065,dev,10,1,1,
syn-e06_c10_hp50-dev-0066,dev,10,1,1,
syn-e06_c10_hp50-dev-0067,dev,10,1,1,
syn-e06_c10_hp50-dev-0068,dev,10,1,1,
syn-e06_c10_hp50-dev-0069,dev,10,1,1,
syn-e06_c10_hp50-dev-0070,dev,10,1,1,
syn-e06_c10_hp50-dev-0071,dev,10,1,1,
syn-e06_c10_hp50-dev-0072,dev,10,1,1,
syn-e06_c10_hp50-dev-0073,dev,10,1,1,
syn-e06_c10_hp50-dev-0074,dev,10,1,1,
syn-e06_c10_hp50-dev-0075,dev,10,1,1,
syn-e06_c10_hp50-dev-0076,dev,10,1,1,
syn-e06_c10_hp50-dev-0077,dev,10,1,1,
syn-e06_c10_hp50-dev-0078,dev,10,1,1,
syn-e06_c10_hp50-dev-0079,dev,10,1,1,
syn-e06_c10_hp50-dev-0080,dev,10,1,1,
syn-e06_c10_hp50-dev-0081,dev,10,1,1,
syn-e06_c10_hp50-dev-0082,dev,10,1,1,
syn-e06_c10_hp50-dev-0083,dev,10,1,1,
syn-e06_c10_hp50-dev-0084,dev,10,1,1,
syn-e06_c10_hp50-dev-0085,dev,10,1,1,
syn-e06_c10_hp50-dev-0086,dev,10,1,1,
syn-e06_c10_hp50-dev-0087,dev,10,1,1,
syn-e06_c10_hp50-dev-0088,dev,10,1,1,
syn-e06_c10_hp50-dev-0089,dev,10,1,1,
syn-e06_c10_hp50-dev-0090,dev,10,1,1,
syn-e06_c10_hp50-dev-0091,dev,10,1,1,
syn-e06_c10_hp50-dev-0092,dev,10,1,1,
syn-e06_c10_hp50-dev-0093,dev,10,1,1,
syn-e06_c10_hp50-dev-0094,dev,10,1,1,
syn-e06_c10_hp50-dev-0095,dev,10,1,1,
syn-e06_c10_hp50-dev-0096,dev,10,1,1,
syn-e06_c10_hp50-dev-0097,dev,10,1,1,
syn-e06_c10_hp50-dev-0098,dev,10,1,1,
syn-e06_c10_hp50-dev-0099,dev,10,1,1,
syn-e06_c10_hp50-dev-0100,dev,10,1,1,
syn-e06_c10_hp50-dev-0101,dev,10,1,1,
syn-e06_c10_hp50-dev-0102,dev,10,1,1,
syn-e06_c10_hp50-dev-0103,dev,10,1,1,
syn-e06_c10_hp50-dev-0104,dev,10,1,1,
syn-e06_c10_hp50-dev-0105,dev,10,1,1,
syn-e06_c10_hp50-dev-0106,dev,10,1,1,
syn-e06_c10_hp50-dev-0107,dev,10,1,1,
syn-e06_c10_hp50-dev-0108,dev,10,1,1,
syn-e06_c10_hp50-dev-0109,dev,10,1,1,
syn-e06_c10_hp50-dev-0110,dev,10,1,1,
syn-e06_c10_hp50-dev-0111,dev,10,1,1,
syn-e06_c10_hp50-dev-0112,dev,10,1,1,
syn-e06_c10_hp50-dev-0113,dev,10,1,1,
syn-e06_c10_hp50-dev-0114,dev,10,1,1,
syn-e06_c10_hp50-dev-0115,dev,10,1,1,
syn-e06_c10_hp50-dev-0116,dev,10,1,1,
syn-e06_c10_hp50-dev-0117,dev,10,1,1,
syn-e06_c10_hp50-dev-0118,dev,10,1,1,
syn-e06_c10_hp50-dev-0119,dev,10,1,1,
syn-e06_c10_hp50-dev-0120,dev,10,1,1,
syn-e06_c10_hp50-dev-0121,dev,10,1,1,
syn-e06_c10_hp50-dev-0122,dev,10,1,1,
syn-e06_c10_hp50-dev-0123,dev,10,1,1,
syn-e06_c10_hp50-dev-0124,dev,10,1,1,
syn-e06_c10_hp50-dev-0125,dev,10,1,1,
syn-e06_c10_hp50-dev-0126,dev,10,1,1,
syn-e06_c10_hp50-dev-0127,dev,10,1,1,
syn-e06_c10_hp50-dev-0128,dev,10,1,1,
syn-e06_c10_hp50-dev-0129,dev,10,1,1,
syn-e06_c10_hp50-dev-0130,dev,10,1,1,
syn-e06_c10_hp50-dev-0131,dev,10,1,1,
syn-e06_c10_hp50-dev-0132,dev,10,1,1,
syn-e06_c10_hp50-dev-0133,dev,10,1,1,
syn-e06_c10_hp50-dev-0134,dev,10,1,1,
syn-e06_c10_hp50-dev-0135,dev,10,1,1,
syn-e06_c10_hp50-dev-0136,dev,10,1,1,
syn-e06_c10_hp50-dev-0137,dev,10,1,1,
syn-e06_c10_hp50-dev-0138,dev,10,1,1,
syn-e06_c10_hp50-dev-0139,dev,10,1,1,
syn-e06_c10_hp50-dev-0140,dev,10,1,1,
syn-e06_c10_hp50-dev-0141,dev,10,1,1,
syn-e06_c10_hp50-dev-0142,dev,10,1,1,
syn-e06_c10_hp50-dev-0143,dev,10,1,1,
syn-e06_c10_hp50-dev-0144,dev,10,1,1,
syn-e06_c10_hp50-dev-0145,dev,10,1,1,
syn-e06_c10_hp50-dev-0146,dev,10,1,1,
syn-e06_c10_hp50-dev-0147,dev,10,1,1,
syn-e06_c10_hp50-dev-0148,dev,10,1,1,
syn-e06_c10_hp50-dev-0149,dev,10,1,1,
syn-e06_c10_hp50-dev-0150,dev,10,1,1,
syn-e06_c10_hp50-dev-0151,dev,10,1,1,
syn-e06_c10_hp50-dev-0152,dev,10,1,1,
syn-e06_c10_hp50-dev-0153,dev,10,1,1,
syn-e06_c10_hp50-dev-0154,dev,10,1,1,
syn-e06_c10_hp50-dev-0155,dev,10,1,1,
syn-e06_c10_hp50-dev-0156,dev,10,1,1,
syn-e06_c10_hp50-dev-0157,dev,10,1,1,
syn-e06_c10_hp50-dev-0158,dev,10,1,1,
syn-e06_c10_hp50-dev-0159,dev,10,1,1,
syn-e06_c10_hp50-dev-0160,dev,10,1,1,
syn-e06_c10_hp50-dev-0161,dev,10,1,1,
syn-e06_c10_hp50-dev-0162,dev,10,1,1,
syn-e06_c10_hp50-dev-0163,dev,10,1,1,
syn-e06_c10_hp50-dev-0164,dev,10,1,1,
syn-e06_c10_hp50-dev-0165,dev,10,1,1,
syn-e06_c10_hp50-dev-0166,dev,10,1,1,
syn-e06_c10_hp50-dev-0167,dev,10,1,1,
syn-e06_c10_hp50-dev-0168,dev,10,1,1,
syn-e06_c10_hp50-dev-0169,dev,10,1,1,
syn-e06_c10_hp50-dev-0170,dev,10,1,1,
syn-e06_c10_hp50-dev-0171,dev,10,1,1,
syn-e06_c10_hp50-dev-0172,dev,10,1,1,
syn-e06_c10_hp50-dev-0173,dev,10,1,1,
syn-e06_c10_hp50-dev-0174,dev,10,1,1,
syn-e06_c10_hp50-dev-0175,dev,10,1,1,
syn-e06_c10_hp50-dev-0176,dev,10,1,1,
syn-e06_c10_hp50-dev-0177,dev,10,1,1,
syn-e06_c10_hp50-dev-0178,dev,10,1,1,
syn-e06_c10_hp50-dev-0179,dev,10,1,1,
syn-e06_c10_hp50-dev-0180,dev,10,1,1,
syn-e06_c10_hp50-dev-0181,dev,10,1,1,
syn-e06_c10_hp50-dev-0182,dev,10,1,1,
syn-e06_c10_hp50-dev-0183,dev,10,1,1,
syn-e06_c10_hp50-dev-0184,dev,10,1,1,
syn-e06_c10_hp50-dev-0185,dev,10,1,1,
syn-e06_c10_hp50-dev-0186,dev,10,1,1,
syn-e06_c10_hp50-dev-0187,dev,10,1,1,
syn-e06_c10_hp50-dev-0188,dev,10,1,1,
syn-e06_c10_hp50-dev-0189,dev,10,1,1,
syn-e06_c10_hp50-dev-0190,dev,10,1,1,
syn-e06_c10_hp50-dev-0191,dev,10,1,1,
syn-e06_c10_hp50-dev-0192,dev,10,1,1,
syn-e06_c10_hp50-dev-0193,dev,10,1,1,
syn-e06_c10_hp50-dev-0194,dev,10,1,1,
syn-e06_c10_hp50-dev-0195,dev,10,1,1,
syn-e06_c10_hp50-dev-0196,dev,10,1,1,
syn-e06_c10_hp50-dev-0197,dev,10,1,1,
syn-e06_c10_hp50-dev-0198,dev,10,1,1,
syn-e06_c10_hp50-dev-0199,dev,10,1,1,
syn-e06_c10_hp50-dev-0200,dev,10,1,1,
syn-e06_c10_hp50-dev-0201,dev,10,1,1,
syn-e06_c10_hp50-dev-0202,dev,10,1,1,
syn-e06_c10_hp50-dev-0203,dev,10,1,1,
syn-e06_c10_hp50-dev-0204,dev,10,1,1,
syn-e06_c10_hp50-dev-0205,dev,10,1,1,
syn-e06_c10_hp50-dev-0206,dev,10,1,1,
syn-e06_c10_hp50-dev-0207,dev,10,1,1,
syn-e06_c10_hp50-dev-0208,dev,10,1,1,
syn-e06_c10_hp50-dev-0209,dev,10,1,1,
syn-e06_c10_hp50-dev-0210,dev,10,1,1,
syn-e06_c10_hp50-dev-0211,dev,10,1,1,
syn-e06_c10_hp50-dev-0212,dev,10,1,1,
syn-e06_c10_hp50-dev-0213,dev,10,1,1,
syn-e06_c10_hp50-dev-0214,dev,10,1,1,
syn-e06_c10_hp50-dev-0215,dev,10,1,1,
syn-e06_c10_hp50-dev-0216,dev,10,1,1,
syn-e06_c10_hp50-dev-0217,dev,10,1,1,
syn-e06_c10_hp50-dev-0218,dev,10,1,1,
syn-e06_c10_hp50-dev-0219,dev,10,1,1,
syn-e06_c10_hp50-dev-0220,dev,10,1,1,
syn-e06_c10_hp50-dev-0221,dev,10,1,1,
syn-e06_c10_hp50-dev-0222,dev,10,1,1,
syn-e06_c10_hp50-dev-0223,dev,10,1,1,
syn-e06_c10_hp50-dev-0224,dev,10,1,1,
syn-e06_c10_hp50-dev-0225,dev,10,1,1,
syn-e06_c10_hp50-dev-0226,dev,10,1,1,
syn-e06_c10_hp50-dev-0227,dev,10,1,1,
syn-e06_c10_hp50-dev-0228,dev,10,1,1,
syn-e06_c10_hp50-dev-0229,dev,10,1,1,
syn-e06_c10_hp50-dev-0230,dev,10,1,1,
syn-e06_c10_hp50-dev-0231,dev,10,1,1,
syn-e06_c10_hp50-dev-0232,dev,10,1,1,
syn-e06_c10_hp50-dev-0233,dev,10,1,1,
syn-e06_c10_hp50-dev-0234,dev,10,1,1,
syn-e06_c10_hp50-dev-0235,dev,10,1,1,
syn-e06_c10_hp50-dev-0236,dev,10,1,1,
syn-e06_c10_hp50-dev-0237,dev,10,1,1,
syn-e06_c10_hp50-dev-0238,dev,10,1,1,
syn-e06_c10_hp50-dev-0239,dev,10,1,1,
syn-e06_c10_hp50-dev-0240,dev,10,1,1,
syn-e06_c10_hp50-dev-0241,dev,10,1,1,
syn-e06_c10_hp50-dev-0242,dev,10,1,1,
syn-e06_c10_hp50-dev-0243,dev,10,1,1,
syn-e06_c10_hp50-dev-0244,dev,10,1,1,
syn-e06_c10_hp50-dev-0245,dev,10,1,1,
syn-e06_c10_hp50-dev-0246,dev,10,1,1,
syn-e06_c10_hp50-dev-0247,dev,10,1,1,
syn-e06_c10_hp50-dev-0248,dev,10,1,1,
syn-e06_c10_hp50-dev-0249,dev,10,1,1,
syn-e06_c10_hp50-dev-0250,dev,10,1,1,
syn-e06_c10_hp50-dev-0251,dev,10,1,1,
syn-e06_c10_hp50-dev-0252,dev,10,1,1,
syn-e06_c10_hp50-dev-0253,dev,10,1,1,
syn-e06_c10_hp50-dev-0254,dev,10,1,1,
syn-e06_c10_hp50-dev-0255,dev,10,1,1,
syn-e06_c10_hp50-dev-0256,dev,10,1,1,
syn-e06_c10_hp50-dev-0257,dev,10,1,1,
syn-e06_c10_hp50-dev-0258,dev,10,1,1,
syn-e06_c10_hp50-dev-0259,dev,10,1,1,
syn-e06_c10_hp50-dev-0260,dev,10,1,1,
syn-e06_c10_hp50-dev-0261,dev,10,1,1,
syn-e06_c10_hp50-dev-0262,dev,10,1,1,
syn-e06_c10_hp50-dev-0263,dev,10,1,1,
syn-e06_c10_hp50-dev-0264,dev,10,1,1,
syn-e06_c10_hp50-dev-0265,dev,10,1,1,
syn-e06_c10_hp50-dev-0266,dev,10,1,1,
syn-e06_c10_hp50-dev-0267,dev,10,1,1,
syn-e06_c10_hp50-dev-0268,dev,10,1,1,
syn-e06_c10_hp50-dev-0269,dev,10,1,1,
syn-e06_c10_hp50-dev-0270,dev,10,1,1,
syn-e06_c10_hp50-dev-0271,dev,10,1,1,
syn-e06_c10_hp50-dev-0272,dev,10,1,1,
syn-e06_c10_hp50-dev-0273,dev,10,1,1,
syn-e06_c10_hp50-dev-0274,dev,10,1,1,
syn-e06_c10_hp50-dev-0275,dev,10,1,1,
syn-e06_c10_hp50-dev-0276,dev,10,1,1,
syn-e06_c10_hp50-dev-0277,dev,10,1,1,
syn-e06_c10_hp50-dev-0278,dev,10,1,1,
syn-e06_c10_hp50-dev-0279,dev,10,1,1,
syn-e06_c10_hp50-dev-0280,dev,10,1,1,
syn-e06_c10_hp50-dev-0281,dev,10,1,1,
syn-e06_c10_hp50-dev-0282,dev,10,1,1,
syn-e06_c10_hp50-dev-0283,dev,10,1,1,
syn-e06_c10_hp50-dev-0284,dev,10,1,1,
syn-e06_c10_hp50-dev-0285,dev,10,1,1,
syn-e06_c10_hp50-dev-0286,dev,10,1,1,
syn-e06_c10_hp50-dev-0287,dev,10,1,1,
syn-e06_c10_hp50-dev-0288,dev,10,1,1,
syn-e06_c10_hp50-dev-0289,dev,10,1,1,
syn-e06_c10_hp50-dev-0290,dev,10,1,1,
syn-e06_c10_hp50-dev-0291,dev,10,1,1,
syn-e06_c10_hp50-dev-0292,dev,10,1,1,
syn-e06_c10_hp50-dev-0293,dev,10,1,1,
syn-e06_c10_hp50-dev-0294,dev,10,1,1,
syn-e06_c10_hp50-dev-0295,dev,10,1,1,
syn-e06_c10_hp50-dev-0296,dev,10,1,1,
syn-e06_c10_hp50-dev-0297,dev,10,1,1,
syn-e06_c10_hp50-dev-0298,dev,10,1,1,
syn-e06_c10_hp50-dev-0299,dev,10,1,1,
syn-e06_c10_hp50-dev-0300,dev,10,1,1,
syn-e06_c10_hp50-test-0001,test,10,1,1,
syn-e06_c10_hp50-test-0002,test,10,1,1,
syn-e06_c10_hp50-test-0003,test,10,1,1,
syn-e06_c10_hp50-test-0004,test,10,1,1,
syn-e06_c10_hp50-test-0005,test,10,1,1,
syn-e06_c10_hp50-test-0006,test,10,1,1,
syn-e06_c10_hp50-test-0007,test,10,1,1,
syn-e06_c10_hp50-test-0008,test,10,1,1,
syn-e06_c10_hp50-test-0009,test,10,1,1,
syn-e06_c10_hp50-test-0010,test,10,1,1,
syn-e06_c10_hp50-test-0011,test,10,1,1,
syn-e06_c10_hp50-test-0012,test,10,1,1,
syn-e06_c10_hp50-test-0013,test,10,1,1,
syn-e06_c10_hp50-test-0014,test,10,1,1,
syn-e06_c10_hp50-test-0015,test,10,1,1,
syn-e06_c10_hp50-test-0016,test,10,1,1,
syn-e06_c10_hp50-test-0017,test,10,1,1,
syn-e06_c10_hp50-test-0018,test,10,1,1,
syn-e06_c10_hp50-test-0019,test,10,1,1,
syn-e06_c10_hp50-test-0020,test,10,1,1,
syn-e06_c10_hp50-test-0021,test,10,1,1,
syn-e06_c10_hp50-test-0022,test,10,1,1,
syn-e06_c10_hp50-test-0023,test,10,1,1,
syn-e06_c10_hp50-test-0024,test,10,1,1,
syn-e06_c10_hp50-test-0025,test,10,1,1,
syn-e06_c10_hp50-test-0026,test,10,1,1,
syn-e06_c10_hp50-test-0027,test,10,1,1,
syn-e06_c10_hp50-test-0028,test,10,1,1,
syn-e06_c10_hp50-test-0029,test,10,1,1,
syn-e06_c10_hp50-test-0030,test,10,1,1,
syn-e06_c10_hp50-test-0031,test,10,1,1,
syn-e06_c10_hp50-test-0032,test,10,1,1,
syn-e06_c10_hp50-test-0033,test,10,1,1,
syn-e06_c10_hp50-test-0034,test,10,1,1,
syn-e06_c10_hp50-test-0035,test,10,1,1,
syn-e06_c10_hp50-test-0036,test,10,1,1,
syn-e06_c10_hp50-test-0037,test,10,1,1,
syn-e06_c10_hp50-test-0038,test,10,1,1,
syn-e06_c10_hp50-test-0039,test,10,1,1,
syn-e06_c10_hp50-test-0040,test,10,1,1,
syn-e06_c10_hp50-test-0041,test,10,1,1,
syn-e06_c10_hp50-test-0042,test,10,1,1,
syn-e06_c10_hp50-test-0043,test,10,1,1,
syn-e06_c10_hp50-test-0044,test,10,1,1,
syn-e06_c10_hp50-test-0045,test,10,1,1,
syn-e06_c10_hp50-test-0046,test,10,1,1,
syn-e06_c10_hp50-test-0047,test,10,1,1,
syn-e06_c10_hp50-test-0048,test,10,1,1,
syn-e06_c10_hp50-test-0049,test,10,1,1,
syn-e06_c10_hp50-test-0050,test,10,1,1,
syn-e06_c10_hp50-test-0051,test,10,1,1,
syn-e06_c10_hp50-test-0052,test,10,1,1,
syn-e06_c10_hp50-test-0053,test,10,1,1,
syn-e06_c10_hp50-test-0054,test,10,1,1,
syn-e06_c10_hp50-test-0055,test,10,1,1,
syn-e06_c10_hp50-test-0056,test,10,1,1,
syn-e06_c10_hp50-test-0057,test,10,1,1,
syn-e06_c10_hp50-test-0058,test,10,1,1,
syn-e06_c10_hp50-test-0059,test,10,1,1,
syn-e06_c10_hp50-test-0060,test,10,1,1,
syn-e06_c10_hp50-test-0061,test,10,1,1,
syn-e06_c10_hp50-test-0062,test,10,1,1,
syn-e06_c10_hp50-test-0063,test,10,1,1,
syn-e06_c10_hp50-test-0064,test,10,1,1,
syn-e06_c10_hp50-test-0065,test,10,1,1,
syn-e06_c10_hp50-test-0066,test,10,1,1,
syn-e06_c10_hp50-test-0067,test,10,1,1,
syn-e06_c10_hp50-test-0068,test,10,1,1,
syn-e06_c10_hp50-test-0069,test,10,1,1,
syn-e06_c10_hp50-test-0070,test,10,1,1,
syn-e06_c10_hp50-test-0071,test,10,1,1,
syn-e06_c10_hp50-test-0072,test,10,1,1,
syn-e06_c10_hp50-test-0073,test,10,1,1,
syn-e06_c10_hp50-test-0074,test,10,1,1,
syn-e06_c10_hp50-test-0075,test,10,1,1,
syn-e06_c10_hp50-test-0076,test,10,1,1,
syn-e06_c10_hp50-test-0077,test,10,1,1,
syn-e06_c10_hp50-test-0078,test,10,1,1,
syn-e06_c10_hp50-test-0079,test,10,1,1,
syn-e06_c10_hp50-test-0080,test,10,1,1,
syn-e06_c10_hp50-test-0081,test,10,1,1,
syn-e06_c10_hp50-test-0082,test,10,1,1,
syn-e06_c10_hp50-test-0083,test,10,1,1,
syn-e06_c10_hp50-test-0084,test,10,1,1,
syn-e06_c10_hp50-test-0085,test,10,1,1,
syn-e06_c10_hp50-test-0086,test,10,1,1,
syn-e06_c10_hp50-test-0087,test,10,1,1,
syn-e06_c10_hp50-test-0088,test,10,1,1,
syn-e06_c10_hp50-test-0089,test,10,1,1,
syn-e06_c10_hp50-test-0090,test,10,1,1,
syn-e06_c10_hp50-test-0091,test,10,1,1,
syn-e06_c10_hp50-test-0092,test,10,1,1,
syn-e06_c10_hp50-test-0093,test,10,1,1,
syn-e06_c10_hp50-test-0094,test,10,1,1,
syn-e06_c10_hp50-test-0095,test,10,1,1,
syn-e06_c10_hp50-test-0096,test,10,1,1,
syn-e06_c10_hp50-test-0097,test,10,1,1,
syn-e06_c10_hp50-test-0098,test,10,1,1,
syn-e06_c10_hp50-test-0099,test,10,1,1,
syn-e06_c10_hp50-test-0100,test,10,1,1,
syn-e06_c10_hp50-test-0101,test,10,1,1,
syn-e06_c10_hp50-test-0102,test,10,1,1,
syn-e06_c10_hp50-test-0103,test,10,1,1,
syn-e06_c10_hp50-test-0104,test,10,1,1,
syn-e06_c10_hp50-test-0105,test,10,1,1,
syn-e06_c10_hp50-test-0106,test,10,1,1,
syn-e06_c10_hp50-test-0107,test,10,1,1,
syn-e06_c10_hp50-test-0108,test,10,1,1,
syn-e06_c10_hp50-test-0109,test,10,1,1,
syn-e06_c10_hp50-test-0110,test,10,1,1,
syn-e06_c10_hp50-test-0111,test,10,1,1,
syn-e06_c10_hp50-test-0112,test,10,1,1,
syn-e06_c10_hp50-test-0113,test,10,1,1,
syn-e06_c10_hp50-test-0114,test,10,1,1,
syn-e06_c10_hp50-test-0115,test,10,1,1,
syn-e06_c10_hp50-test-0116,test,10,1,1,
syn-e06_c10_hp50-test-0117,test,10,1,1,
syn-e06_c10_hp50-test-0118,test,10,1,1,
syn-e06_c10_hp50-test-0119,test,10,1,1,
syn-e06_c10_hp50-test-0120,test,10,1,1,
syn-e06_c10_hp50-test-0121,test,10,1,1,
syn-e06_c10_hp50-test-0122,test,10,1,1,
syn-e06_c10_hp50-test-0123,test,10,1,1,
syn-e06_c10_hp50-test-0124,test,10,1,1,
syn-e06_c10_hp50-test-0125,test,10,1,1,
syn-e06_c10_hp50-test-0126,test,10,1,1,
syn-e06_c10_hp50-test-0127,test,10,1,1,
syn-e06_c10_hp50-test-0128,test,10,1,1,
syn-e06_c10_hp50-test-0129,test,10,1,1,
syn-e06_c10_hp50-test-0130,test,10,1,1,
syn-e06_c10_hp50-test-0131,test,10,1,1,
syn-e06_c10_hp50-test-0132,test,10,1,1,
syn-e06_c10_hp50-test-0133,test,10,1,1,
syn-e06_c10_hp50-test-0134,test,10,1,1,
syn-e06_c10_hp50-test-0135,test,10,1,1,
syn-e06_c10_hp50-test-0136,test,10,1,1,
syn-e06_c10_hp50-test-0137,test,10,1,1,
syn-e06_c10_hp50-test-0138,test,10,1,1,
syn-e06_c10_hp50-test-0139,test,10,1,1,
syn-e06_c10_hp50-test-0140,test,10,1,1,
syn-e06_c10_hp50-test-0141,test,10,1,1,
syn-e06_c10_hp50-test-0142,test,10,1,1,
syn-e06_c10_hp50-test-0143,test,10,1,1,
syn-e06_c10_hp50-test-0144,test,10,1,1,
syn-e06_c10_hp50-test-0145,test,10,1,1,
syn-e06_c10_hp50-test-0146,test,10,1,1,
syn-e06_c10_hp50-test-0147,test,10,1,1,
syn-e06_c10_hp50-test-0148,test,10,1,1,
syn-e06_c10_hp50-test-0149,test,10,1,1,
syn-e06_c10_hp50-test-0150,test,10,1,1,
syn-e06_c10_hp50-test-0151,test,10,1,1,
syn-e06_c10_hp50-test-0152,test,10,1,1,
syn-e06_c10_hp50-test-0153,test,10,1,1,
syn-e06_c10_hp50-test-0154,test,10,1,1,
syn-e06_c10_hp50-test-0155,test,10,1,1,
syn-e06_c10_hp50-test-0156,test,10,1,1,
syn-e06_c10_hp50-test-0157,test,10,1,1,
syn-e06_c10_hp50-test-0158,test,10,1,1,
syn-e06_c10_hp50-test-0159,test,10,1,1,
syn-e06_c10_hp50-test-0160,test,10,1,1,
syn-e06_c10_hp50-test-0161,test,10,1,1,
syn-e06_c10_hp50-test-0162,test,10,1,1,
syn-e06_c10_hp50-test-0163,test,10,1,1,
syn-e06_c10_hp50-test-0164,test,10,1,1,
syn-e06_c10_hp50-test-0165,test,10,1,1,
syn-e06_c10_hp50-test-0166,test,10,1,1,
syn-e06_c10_hp50-test-0167,test,10,1,1,
syn-e06_c10_hp50-test-0168,test,10,1,1,
syn-e06_c10_hp50-test-0169,test,10,1,1,
syn-e06_c10_hp50-test-0170,test,10,1,1,
syn-e06_c10_hp50-test-0171,test,10,1,1,
syn-e06_c10_hp50-test-0172,test,10,1,1,
syn-e06_c10_hp50-test-0173,test,10,1,1,
syn-e06_c10_hp50-test-0174,test,10,1,1,
syn-e06_c10_hp50-test-0175,test,10,1,1,
syn-e06_c10_hp50-test-0176,test,10,1,1,
syn-e06_c10_hp50-test-0177,test,10,1,1,
syn-e06_c10_hp50-test-0178,test,10,1,1,
syn-e06_c10_hp50-test-0179,test,10,1,1,
syn-e06_c10_hp50-test-0180,test,10,1,1,
syn-e06_c10_hp50-test-0181,test,10,1,1,
syn-e06_c10_hp50-test-0182,test,10,1,1,
syn-e06_c10_hp50-test-0183,test,10,1,1,
syn-e06_c10_hp50-test-0184,test,10,1,1,
syn-e06_c10_hp50-test-0185,test,10,1,1,
syn-e06_c10_hp50-test-0186,test,10,1,1,
syn-e06_c10_hp50-test-0187,test,10,1,1,
syn-e06_c10_hp50-test-0188,test,10,1,1,
syn-e06_c10_hp50-test-0189,test,10,1,1,
syn-e06_c10_hp50-test-0190,test,10,1,1,
syn-e06_c10_hp50-test-0191,test,10,1,1,
syn-e06_c10_hp50-test-0192,test,10,1,1,
syn-e06_c10_hp50-test-0193,test,10,1,1,
syn-e06_c10_hp50-test-0194,test,10,1,1,
syn-e06_c10_hp50-test-0195,test,10,1,1,
syn-e06_c10_hp50-test-0196,test,10,1,1,
syn-e06_c10_hp50-test-0197,test,10,1,1,
syn-e06_c10_hp50-test-0198,test,10,1,1,
syn-e06_c10_hp50-test-0199,test,10,1,1,
syn-e06_c10_hp50-test-0200,test,10,1,1,
syn-e06_c10_hp50-test-0201,test,10,1,1,
syn-e06_c10_hp50-test-0202,test,10,1,1,
syn-e06_c10_hp50-test-0203,test,10,1,1,
syn-e06_c10_hp50-test-0204,test,10,1,1,
syn-e06_c10_hp50-test-0205,test,10,1,1,
syn-e06_c10_hp50-test-0206,test,10,1,1,
syn-e06_c10_hp50-test-0207,test,10,1,1,
syn-e06_c10_hp50-test-0208,test,10,1,1,
syn-e06_c10_hp50-test-0209,test,10,1,1,
syn-e06_c10_hp50-test-0210,test,10,1,1,
syn-e06_c10_hp50-test-0211,test,10,1,1,
syn-e06_c10_hp50-test-0212,test,10,1,1,
syn-e06_c10_hp50-test-0213,test,10,1,1,
syn-e06_c10_hp50-test-0214,test,10,1,1,
syn-e06_c10_hp50-test-0215,test,10,1,1,
syn-e06_c10_hp50-test-0216,test,10,1,1,
syn-e06_c10_hp50-test-0217,test,10,1,1,
syn-e06_c10_hp50-test-0218,test,10,1,1,
syn-e06_c10_hp50-test-0219,test,10,1,1,
syn-e06_c10_hp50-test-0220,test,10,1,1,
syn-e06_c10_hp50-test-0221,test,10,1,1,
syn-e06_c10_hp50-test-0222,test,10,1,1,
syn-e06_c10_hp50-test-0223,test,10,1,1,
syn-e06_c10_hp50-test-0224,test,10,1,1,
syn-e06_c10_hp50-test-0225,test,10,1,1,
syn-e06_c10_hp50-test-0226,test,10,1,1,
syn-e06_c10_hp50-test-0227,test,10,1,1,
syn-e06_c10_hp50-test-0228,test,10,1,1,
syn-e06_c10_hp50-test-0229,test,10,1,1,
syn-e06_c10_hp50-test-0230,test,10,1,1,
syn-e06_c10_hp50-test-0231,test,10,1,1,
syn-e06_c10_hp50-test-0232,test,10,1,1,
syn-e06_c10_hp50-test-0233,test,10,1,1,
syn-e06_c10_hp50-test-0234,test,10,1,1,
syn-e06_c10_hp50-test-0235,test,10,1,1,
syn-e06_c10_hp50-test-0236,test,10,1,1,
syn-e06_c10_hp50-test-0237,test,10,1,1,
syn-e06_c10_hp50-test-0238,test,10,1,1,
syn-e06_c10_hp50-test-0239,test,10,1,1,
syn-e06_c10_hp50-test-0240,test,10,1,1,
syn-e06_c10_hp50-test-0241,test,10,1,1,
syn-e06_c10_hp50-test-0242,test,10,1,1,
syn-e06_c10_hp50-test-0243,test,10,1,1,
syn-e06_c10_hp50-test-0244,test,10,1,1,
syn-e06_c10_hp50-test-0245,test,10,1,1,
syn-e06_c10_hp50-test-0246,test,10,1,1,
syn-e06_c10_hp50-test-0247,test,10,1,1,
syn-e06_c10_hp50-test-0248,test,10,1,1,
syn-e06_c10_hp50-test-0249,test,10,1,1,
syn-e06_c10_hp50-test-0250,test,10,1,1,
syn-e06_c10_hp50-test-0251,test,10,1,1,
syn-e06_c10_hp50-test-0252,test,10,1,1,
syn-e06_c10_hp50-test-0253,test,10,1,1,
syn-e06_c10_hp50-test-0254,test,10,1,1,
syn-e06_c10_hp50-test-0255,test,10,1,1,
syn-e06_c10_hp50-test-0256,test,10,1,1,
syn-e06_c10_hp50-test-0257,test,10,1,1,
syn-e06_c10_hp50-test-0258,test,10,1,1,
syn-e06_c10_hp50-test-0259,test,10,1,1,
syn-e06_c10_hp50-test-0260,test,10,1,1,
syn-e06_c10_hp50-test-0261,test,10,1,1,
syn-e06_c10_hp50-test-0262,test,10,1,1,
syn-e06_c10_hp50-test-0263,test,10,1,1,
syn-e06_c10_hp50-test-0264,test,10,1,1,
syn-e06_c10_hp50-test-0265,test,10,1,1,
syn-e06_c10_hp50-test-0266,test,10,1,1,
syn-e06_c10_hp50-test-0267,test,10,1,1,
syn-e06_c10_hp50-test-0268,test,10,1,1,
syn-e06_c10_hp50-test-0269,test,10,1,1,
syn-e06_c10_hp50-test-0270,test,10,1,1,
syn-e06_c10_hp50-test-0271,test,10,1,1,
syn-e06_c10_hp50-test-0272,test,10,1,1,
syn-e06_c10_hp50-test-0273,test,10,1,1,
syn-e06_c10_hp50-test-0274,test,10,1,1,
syn-e06_c10_hp50-test-0275,test,10,1,1,
syn-e06_c10_hp50-test-0276,test,10,1,1,
syn-e06_c10_hp50-test-0277,test,10,1,1,
syn-e06_c10_hp50-test-0278,test,10,1,1,
syn-e06_c10_hp50-test-0279,test,10,1,1,
syn-e06_c10_hp50-test-0280,test,10,1,1,
syn-e06_c10_hp50-test-0281,test,10,1,1,
syn-e06_c10_hp50-test-0282,test,10,1,1,
syn-e06_c10_hp50-test-0283,test,10,1,1,
syn-e06_c10_hp50-test-0284,test,10,1,1,
syn-e06_c10_hp50-test-0285,test,10,1,1,
syn-e06_c10_hp50-test-0286,test,10,1,1,
syn-e06_c10_hp50-test-0287,test,10,1,1,
syn-e06_c10_hp50-test-0288,test,10,1,1,
syn-e06_c10_hp50-test-0289,test,10,1,1,
syn-e06_c10_hp50-test-0290,test,10,1,1,
syn-e06_c10_hp50-test-0291,test,10,1,1,
syn-e06_c10_hp50-test-0292,test,10,1,1,
syn-e06_c10_hp50-test-0293,test,10,1,1,
syn-e06_c10_hp50-test-0294,test,10,1,1,
syn-e06_c10_hp50-test-0295,test,10,1,1,
syn-e06_c10_hp50-test-0296,test,10,1,1,
syn-e06_c10_hp50-test-0297,test,10,1,1,
syn-e06_c10_hp50-test-0298,test,10,1,1,
syn-e06_c10_hp50-test-0299,test,10,1,1,
syn-e06_c10_hp50-test-0300,test,10,1,1,
syn-e06_c10_hp50-test-0301,test,10,1,1,
syn-e06_c10_hp50-test-0302,test,10,1,1,
syn-e06_c10_hp50-test-0303,test,10,1,1,
syn-e06_c10_hp50-test-0304,test,10,1,1,
syn-e06_c10_hp50-test-0305,test,10,1,1,
syn-e06_c10_hp50-test-0306,test,10,1,1,
syn-e06_c10_hp50-test-0307,test,10,1,1,
syn-e06_c10_hp50-test-0308,test,10,1,1,
syn-e06_c10_hp50-test-0309,test,10,1,1,
syn-e06_c10_hp50-test-0310,test,10,1,1,
syn-e06_c10_hp50-test-0311,test,10,1,1,
syn-e06_c10_hp50-test-0312,test,10,1,1,
syn-e06_c10_hp50-test-0313,test,10,1,1,
syn-e06_c10_hp50-test-0314,test,10,1,1,
syn-e06_c10_hp50-test-0315,test,10,1,1,
syn-e06_c10_hp50-test-0316,test,10,1,1,
syn-e06_c10_hp50-test-0317,test,10,1,1,
syn-e06_c10_hp50-test-0318,test,10,1,1,
syn-e06_c10_hp50-test-0319,test,10,1,1,
syn-e06_c10_hp50-test-0320,test,10,1,1,
syn-e06_c10_hp50-test-0321,test,10,1,1,
syn-e06_c10_hp50-test-0322,test,10,1,1,
syn-e06_c10_hp50-test-0323,test,10,1,1,
syn-e06_c10_hp50-test-0324,test,10,1,1,
syn-e06_c10_hp50-test-0325,test,10,1,1,
syn-e06_c10_hp50-test-0326,test,10,1,1,
syn-e06_c10_hp50-test-0327,test,10,1,1,
syn-e06_c10_hp50-test-0328,test,10,1,1,
syn-e06_c10_hp50-test-0329,test,10,1,1,
syn-e06_c10_hp50-test-0330,test,10,1,1,
syn-e06_c10_hp50-test-0331,test,10,1,1,
syn-e06_c10_hp50-test-0332,test,10,1,1,
syn-e06_c10_hp50-test-0333,test,10,1,1,
syn-e06_c10_hp50-test-0334,test,10,1,1,
syn-e06_c10_hp50-test-0335,test,10,1,1,
syn-e06_c10_hp50-test-0336,test,10,1,1,
syn-e06_c10_hp50-test-0337,test,10,1,1,
syn-e06_c10_hp50-test-0338,test,10,1,1,
syn-e06_c10_hp50-test-0339,test,10,1,1,
syn-e06_c10_hp50-test-0340,test,10,1,1,
syn-e06_c10_hp50-test-0341,test,10,1,1,
syn-e06_c10_hp50-test-0342,test,10,1,1,
syn-e06_c10_hp50-test-0343,test,10,1,1,
syn-e06_c10_hp50-test-0344,test,10,1,1,
syn-e06_c10_hp50-test-0345,test,10,1,1,
syn-e06_c10_hp50-test-0346,test,10,1,1,
syn-e06_c10_hp50-test-0347,test,10,1,1,
syn-e06_c10_hp50-test-0348,test,10,1,1,
syn-e06_c10_hp50-test-0349,test,10,1,1,
syn-e06_c10_hp50-test-0350,test,10,1,1,
syn-e06_c10_hp50-test-0351,test,10,1,1,
syn-e06_c10_hp50-test-0352,test,10,1,1,
syn-e06_c10_hp50-test-0353,test,10,1,1,
syn-e06_c10_hp50-test-0354,test,10,1,1,
syn-e06_c10_hp50-test-0355,test,10,1,1,
syn-e06_c10_hp50-test-0356,test,10,1,1,
syn-e06_c10_hp50-test-0357,test,10,1,1,
syn-e06_c10_hp50-test-0358,test,10,1,1,
syn-e06_c10_hp50-test-0359,test,10,1,1,
syn-e06_c10_hp50-test-0360,test,10,1,1,
syn-e06_c10_hp50-test-0361,test,10,1,1,
syn-e06_c10_hp50-test-0362,test,10,1,1,
syn-e06_c10_hp50-test-0363,test,10,1,1,
syn-e06_c10_hp50-test-0364,test,10,1,1,
syn-e06_c10_hp50-test-0365,test,10,1,1,
syn-e06_c10_hp50-test-0366,test,10,1,1,
syn-e06_c10_hp50-test-0367,test,10,1,1,
syn-e06_c10_hp50-test-0368,test,10,1,1,
syn-e06_c10_hp50-test-0369,test,10,1,1,
syn-e06_c10_hp50-test-0370,test,10,1,1,
syn-e06_c10_hp50-test-0371,test,10,1,1,
syn-e06_c10_hp50-test-0372,test,10,1,1,
syn-e06_c10_hp50-test-0373,test,10,1,1,
syn-e06_c10_hp50-test-0374,test,10,1,1,
syn-e06_c10_hp50-test-0375,test,10,1,1,
syn-e06_c10_hp50-test-0376,test,10,1,1,
syn-e06_c10_hp50-test-0377,test,10,1,1,
syn-e06_c10_hp50-test-0378,test,10,1,1,
syn-e06_c10_hp50-test-0379,test,10,1,1,
syn-e06_c10_hp50-test-0380,test,10,1,1,
syn-e06_c10_hp50-test-0381,test,10,1,1,
syn-e06_c10_hp50-test-0382,test,10,1,1,
syn-e06_c10_hp50-test-0383,test,10,1,1,
syn-e06_c10_hp50-test-0384,test,10,1,1,
syn-e06_c10_hp50-test-0385,test,10,1,1,
syn-e06_c10_hp50-test-0386,test,10,1,1,
syn-e06_c10_hp50-test-0387,test,10,1,1,
syn-e06_c10_hp50-test-0388,test,10,1,1,
syn-e06_c10_hp50-test-0389,test,10,1,1,
syn-e06_c10_hp50-test-0390,test,10,1,1,
syn-e06_c10_hp50-test-0391,test,10,1,1,
syn-e06_c10_hp50-test-0392,test,10,1,1,
syn-e06_c10_hp50-test-0393,test,10,1,1,
syn-e06_c10_hp50-test-0394,test,10,1,1,
syn-e06_c10_hp50-test-0395,test,10,1,1,
syn-e06_c10_hp50-test-0396,test,10,1,1,
syn-e06_c10_hp50-test-0397,test,10,1,1,
syn-e06_c10_hp50-test-0398,test,10,1,1,
syn-e06_c10_hp50-test-0399,test,10,1,1,
syn-e06_c10_hp50-test-0400,test,10,1,1,
syn-e06_c10_hp50-test-0401,test,10,1,1,
syn-e06_c10_hp50-test-0402,test,10,1,1,
syn-e06_c10_hp50-test-0403,test,10,1,1,
syn-e06_c10_hp50-test-0404,test,10,1,1,
syn-e06_c10_hp50-test-0405,test,10,1,1,
syn-e06_c10_hp50-test-0406,test,10,1,1,
syn-e06_c10_hp50-test-0407,test,10,1,1,
syn-e06_c10_hp50-test-0408,test,10,1,1,
syn-e06_c10_hp50-test-0409,test,10,1,1,
syn-e06_c10_hp50-test-0410,test,10,1,1,
syn-e06_c10_hp50-test-0411,test,10,1,1,
syn-e06_c10_hp50-test-0412,test,10,1,1,
syn-e06_c10_hp50-test-0413,test,10,1,1,
syn-e06_c10_hp50-test-0414,test,10,1,1,
syn-e06_c10_hp50-test-0415,test,10,1,1,
syn-e06_c10_hp50-test-0416,test,10,1,1,
syn-e06_c10_hp50-test-0417,test,10,1,1,
syn-e06_c10_hp50-test-0418,test,10,1,1,
syn-e06_c10_hp50-test-0419,test,10,1,1,
syn-e06_c10_hp50-test-0420,test,10,1,1,
syn-e06_c10_hp50-test-0421,test,10,1,1,
syn-e06_c10_hp50-test-0422,test,10,1,1,
syn-e06_c10_hp50-test-0423,test,10,1,1,
syn-e06_c10_hp50-test-0424,test,10,1,1,
syn-e06_c10_hp50-test-0425,test,10,1,1,
syn-e06_c10_hp50-test-0426,test,10,1,1,
syn-e06_c10_hp50-test-0427,test,10,1,1,
syn-e06_c10_hp50-test-0428,test,10,1,1,
syn-e06_c10_hp50-test-0429,test,10,1,1,
syn-e06_c10_hp50-test-0430,test,10,1,1,
syn-e06_c10_hp50-test-0431,test,10,1,1,
syn-e06_c10_hp50-test-0432,test,10,1,1,
syn-e06_c10_hp50-test-0433,test,10,1,1,
syn-e06_c10_hp50-test-0434,test,10,1,1,
syn-e06_c10_hp50-test-0435,test,10,1,1,
syn-e06_c10_hp50-test-0436,test,10,1,1,
syn-e06_c10_hp50-test-0437,test,10,1,1,
syn-e06_c10_hp50-test-0438,test,10,1,1,
syn-e06_c10_hp50-test-0439,test,10,1,1,
syn-e06_c10_hp50-test-0440,test,10,1,1,
syn-e06_c10_hp50-test-0441,test,10,1,1,
syn-e06_c10_hp50-test-0442,test,10,1,1,
syn-e06_c10_hp50-test-0443,test,10,1,1,
syn-e06_c10_hp50-test-0444,test,10,1,1,
syn-e06_c10_hp50-test-0445,test,10,1,1,
syn-e06_c10_hp50-test-0446,test,10,1,1,
syn-e06_c10_hp50-test-0447,test,10,1,1,
syn-e06_c10_hp50-test-0448,test,10,1,1,
syn-e06_c10_hp50-test-0449,test,10,1,1,
syn-e06_c10_hp50-test-0450,test,10,1,1,
syn-e06_c10_hp50-test-0451,test,10,1,1,
syn-e06_c10_hp50-test-0452,test,10,1,1,
syn-e06_c10_hp50-test-0453,test,10,1,1,
syn-e06_c10_hp50-test-0454,test,10,1,1,
syn-e06_c10_hp50-test-0455,test,10,1,1,
syn-e06_c10_hp50-test-0456,test,10,1,1,
syn-e06_c10_hp50-test-0457,test,10,1,1,
syn-e06_c10_hp50-test-0458,test,10,1,1,
syn-e06_c10_hp50-test-0459,test,10,1,1,
syn-e06_c10_hp50-test-0460,test,10,1,1,
syn-e06_c10_hp50-test-0461,test,10,1,1,
syn-e06_c10_hp50-test-0462,test,10,1,1,
syn-e06_c10_hp50-test-0463,test,10,1,1,
syn-e06_c10_hp50-test-0464,test,10,1,1,
syn-e06_c10_hp50-test-0465,test,10,1,1,
syn-e06_c10_hp50-test-0466,test,10,1,1,
syn-e06_c10_hp50-test-0467,test,10,1,1,
syn-e06_c10_hp50-test-0468,test,10,1,1,
syn-e06_c10_hp50-test-0469,test,10,1,1,
syn-e06_c10_hp50-test-0470,test,10,1,1,
syn-e06_c10_hp50-test-0471,test,10,1,1,
syn-e06_c10_hp50-test-0472,test,10,1,1,
syn-e06_c10_hp50-test-0473,test,10,1,1,
syn-e06_c10_hp50-test-0474,test,10,1,1,
syn-e06_c10_hp50-test-0475,test,10,1,1,
syn-e06_c10_hp50-test-0476,test,10,1,1,
syn-e06_c10_hp50-test-0477,test,10,1,1,
syn-e06_c10_hp50-test-0478,test,10,1,1,
syn-e06_c10_hp50-test-0479,test,10,1,1,
syn-e06_c10_hp50-test-0480,test,10,1,1,
syn-e06_c10_hp50-test-0481,test,10,1,1,
syn-e06_c10_hp50-test-0482,test,10,1,1,
syn-e06_c10_hp50-test-0483,test,10,1,1,
syn-e06_c10_hp50-test-0484,test,10,1,1,
syn-e06_c10_hp50-test-0485,test,10,1,1,
syn-e06_c10_hp50-test-0486,test,10,1,1,
syn-e06_c10_hp50-test-0487,test,10,1,1,
syn-e06_c10_hp50-test-0488,test,10,1,1,
syn-e06_c10_hp50-test-0489,test,10,1,1,
syn-e06_c10_hp50-test-0490,test,10,1,1,
syn-e06_c10_hp50-test-0491,test,10,1,1,
syn-e06_c10_hp50-test-0492,test,10,1,1,
syn-e06_c10_hp50-test-0493,test,10,1,1,
syn-e06_c10_hp50-test-0494,test,10,1,1,
syn-e06_c10_hp50-test-0495,test,10,1,1,
syn-e06_c10_hp50-test-0496,test,10,1,1,
syn-e06_c10_hp50-test-0497,test,10,1,1,
syn-e06_c10_hp50-test-0498,test,10,1,1,
syn-e06_c10_hp50-test-0499,test,10,1,1,
syn-e06_c10_hp50-test-0500,test,10,1,1,
syn-e06_c10_hp50-test-0501,test,10,1,1,
syn-e06_c10_hp50-test-0502,test,10,1,1,
syn-e06_c10_hp50-test-0503,test,10,1,1,
syn-e06_c10_hp50-test-0504,test,10,1,1,
syn-e06_c10_hp50-test-0505,test,10,1,1,
syn-e06_c10_hp50-test-0506,test,10,1,1,
syn-e06_c10_hp50-test-0507,test,10,1,1,
syn-e06_c10_hp50-test-0508,test,10,1,1,
syn-e06_c10_hp50-test-0509,test,10,1,1,
syn-e06_c10_hp50-test-0510,test,10,1,1,
syn-e06_c10_hp50-test-0511,test,10,1,1,
syn-e06_c10_hp50-test-0512,test,10,1,1,
syn-e06_c10_hp50-test-0513,test,10,1,1,
syn-e06_c10_hp50-test-0514,test,10,1,1,
syn-e06_c10_hp50-test-0515,test,10,1,1,
syn-e06_c10_hp50-test-0516,test,10,1,1,
syn-e06_c10_hp50-test-0517,test,10,1,1,
syn-e06_c10_hp50-test-0518,test,10,1,1,
syn-e06_c10_hp50-test-0519,test,10,1,1,
syn-e06_c10_hp50-test-0520,test,10,1,1,
syn-e06_c10_hp50-test-0521,test,10,1,1,
syn-e06_c10_hp50-test-0522,test,10,1,1,
syn-e06_c10_hp50-test-0523,test,10,1,1,
syn-e06_c10_hp50-test-0524,test,10,1,1,
syn-e06_c10_hp50-test-0525,test,10,1,1,
syn-e06_c10_hp50-test-0526,test,10,1,1,
syn-e06_c10_hp50-test-0527,test,10,1,1,
syn-e06_c10_hp50-test-0528,test,10,1,1,
syn-e06_c10_hp50-test-0529,test,10,1,1,
syn-e06_c10_hp50-test-0530,test,10,1,1,
syn-e06_c10_hp50-test-0531,test,10,1,1,
syn-e06_c10_hp50-test-0532,test,10,1,1,
syn-e06_c10_hp50-test-0533,test,10,1,1,
syn-e06_c10_hp50-test-0534,test,10,1,1,
syn-e06_c10_hp50-test-0535,test,10,1,1,
syn-e06_c10_hp50-test-0536,test,10,1,1,
syn-e06_c10_hp50-test-0537,test,10,1,1,
syn-e06_c10_hp50-test-0538,test,10,1,1,
syn-e06_c10_hp50-test-0539,test,10,1,1,
syn-e06_c10_hp50-test-0540,test,10,1,1,
syn-e06_c10_hp50-test-0541,test,10,1,1,
syn-e06_c10_hp50-test-0542,test,10,1,1,
syn-e06_c10_hp50-test-0543,test,10,1,1,
syn-e06_c10_hp50-test-0544,test,10,1,1,
syn-e06_c10_hp50-test-0545,test,10,1,1,
syn-e06_c10_hp50-test-0546,test,10,1,1,
syn-e06_c10_hp50-test-0547,test,10,1,1,
syn-e06_c10_hp50-test-0548,test,10,1,1,
syn-e06_c10_hp50-test-0549,test,10,1,1,
syn-e06_c10_hp50-test-0550,test,10,1,1,
syn-e06_c10_hp50-test-0551,test,10,1,1,
syn-e06_c10_hp50-test-0552,test,10,1,1,
syn-e06_c10_hp50-test-0553,test,10,1,1,
syn-e06_c10_hp50-test-0554,test,10,1,1,
syn-e06_c10_hp50-test-0555,test,10,1,1,
syn-e06_c10_hp50-test-0556,test,10,1,1,
syn-e06_c10_hp50-test-0557,test,10,1,1,
syn-e06_c10_hp50-test-0558,test,10,1,1,
syn-e06_c10_hp50-test-0559,test,10,1,1,
syn-e06_c10_hp50-test-0560,test,10,1,1,
syn-e06_c10_hp50-test-0561,test,10,1,1,
syn-e06_c10_hp50-test-0562,test,10,1,1,
syn-e06_c10_hp50-test-0563,test,10,1,1,
syn-e06_c10_hp50-test-0564,test,10,1,1,
syn-e06_c10_hp50-test-0565,test,10,1,1,
syn-e06_c10_hp50-test-0566,test,10,1,1,
syn-e06_c10_hp50-test-0567,test,10,1,1,
syn-e06_c10_hp50-test-0568,test,10,1,1,
syn-e06_c10_hp50-test-0569,test,10,1,1,
syn-e06_c10_hp50-test-0570,test,10,1,1,
syn-e06_c10_hp50-test-0571,test,10,1,1,
syn-e06_c10_hp50-test-0572,test,10,1,1,
syn-e06_c10_hp50-test-0573,test,10,1,1,
syn-e06_c10_hp50-test-0574,test,10,1,1,
syn-e06_c10_hp50-test-0575,test,10,1,1,
syn-e06_c10_hp50-test-0576,test,10,1,1,
syn-e06_c10_hp50-test-0577,test,10,1,1,
syn-e06_c10_hp50-test-0578,test,10,1,1,
syn-e06_c10_hp50-test-0579,test,10,1,1,
syn-e06_c10_hp50-test-0580,test,10,1,1,
syn-e06_c10_hp50-test-0581,test,10,1,1,
syn-e06_c10_hp50-test-0582,test,10,1,1,
syn-e06_c10_hp50-test-0583,test,10,1,1,
syn-e06_c10_hp50-test-0584,test,10,1,1,
syn-e06_c10_hp50-test-0585,test,10,1,1,
syn-e06_c10_hp50-test-0586,test,10,1,1,
syn-e06_c10_hp50-test-0587,test,10,1,1,
syn-e06_c10_hp50-test-0588,test,10,1,1,
syn-e06_c10_hp50-test-0589,test,10,1,1,
syn-e06_c10_hp50-test-0590,test,10,1,1,
syn-e06_c10_hp50-test-0591,test,10,1,1,
syn-e06_c10_hp50-test-0592,test,10,1,1,
syn-e06_c10_hp50-test-0593,test,10,1,1,
syn-e06_c10_hp50-test-0594,test,10,1,1,
syn-e06_c10_hp50-test-0595,test,10,1,1,
syn-e06_c10_hp50-test-0596,test,10,1,1,
syn-e06_c10_hp50-test-0597,test,10,1,1,
syn-e06_c10_hp50-test-0598,test,10,1,1,
syn-e06_c10_hp50-test-0599,test,10,1,1,
syn-e06_c10_hp50-test-0600,test,10,1,1,
syn-e06_c10_hp50-test-0601,test,10,1,1,
syn-e06_c10_hp50-test-0602,test,10,1,1,
syn-e06_c10_hp50-test-0603,test,10,1,1,
syn-e06_c10_hp50-test-0604,test,10,1,1,
syn-e06_c10_hp50-test-0605,test,10,1,1,
syn-e06_c10_hp50-test-0606,test,10,1,1,
syn-e06_c10_hp50-test-0607,test,10,1,1,
syn-e06_c10_hp50-test-0608,test,10,1,1,
syn-e06_c10_hp50-test-0609,test,10,1,1,
syn-e06_c10_hp50-test-0610,test,10,1,1,
syn-e06_c10_hp50-test-0611,test,10,1,1,
syn-e06_c10_hp50-test-0612,test,10,1,1,
syn-e06_c10_hp50-test-0613,test,10,1,1,
syn-e06_c10_hp50-test-0614,test,10,1,1,
syn-e06_c10_hp50-test-0615,test,10,1,1,
syn-e06_c10_hp50-test-0616,test,10,1,1,
syn-e06_c10_hp50-test-0617,test,10,1,1,
syn-e06_c10_hp50-test-0618,test,10,1,1,
syn-e06_c10_hp50-test-0619,test,10,1,1,
syn-e06_c10_hp50-test-0620,test,10,1,1,
syn-e06_c10_hp50-test-0621,test,10,1,1,
syn-e06_c10_hp50-test-0622,test,10,1,1,
syn-e06_c10_hp50-test-0623,test,10,1,1,
syn-e06_c10_hp50-test-0624,test,10,1,1,
syn-e06_c10_hp50-test-0625,test,10,1,1,
syn-e06_c10_hp50-test-0626,test,10,1,1,
syn-e06_c10_hp50-test-0627,test,10,1,1,
syn-e06_c10_hp50-test-0628,test,10,1,1,
syn-e06_c10_hp50-test-0629,test,10,1,1,
syn-e06_c10_hp50-test-0630,test,10,1,1,
syn-e06_c10_hp50-test-0631,test,10,1,1,
syn-e06_c10_hp50-test-0632,test,10,1,1,
syn-e06_c10_hp50-test-0633,test,10,1,1,
syn-e06_c10_hp50-test-0634,test,10,1,1,
syn-e06_c10_hp50-test-0635,test,10,1,1,
syn-e06_c10_hp50-test-0636,test,10,1,1,
syn-e06_c10_hp50-test-0637,test,10,1,1,
syn-e06_c10_hp50-test-0638,test,10,1,1,
syn-e06_c10_hp50-test-0639,test,10,1,1,
syn-e06_c10_hp50-test-0640,test,10,1,1,
syn-e06_c10_hp50-test-0641,test,10,1,1,
syn-e06_c10_hp50-test-0642,test,10,1,1,
syn-e06_c10_hp50-test-0643,test,10,1,1,
syn-e06_c10_hp50-test-0644,test,10,1,1,
syn-e06_c10_hp50-test-0645,test,10,1,1,
syn-e06_c10_hp50-test-0646,test,10,1,1,
syn-e06_c10_hp50-test-0647,test,10,1,1,
syn-e06_c10_hp50-test-0648,test,10,1,1,
syn-e06_c10_hp50-test-0649,test,10,1,1,
syn-e06_c10_hp50-test-0650,test,10,1,1,
syn-e06_c10_hp50-test-0651,test,10,1,1,
syn-e06_c10_hp50-test-0652,test,10,1,1,
syn-e06_c10_hp50-test-0653,test,10,1,1,
syn-e06_c10_hp50-test-0654,test,10,1,1,
syn-e06_c10_hp50-test-0655,test,10,1,1,
syn-e06_c10_hp50-test-0656,test,10,1,1,
syn-e06_c10_hp50-test-0657,test,10,1,1,
syn-e06_c10_hp50-test-0658,test,10,1,1,
syn-e06_c10_hp50-test-0659,test,10,1,1,
syn-e06_c10_hp50-test-0660,test,10,1,1,
syn-e06_c10_hp50-test-0661,test,10,1,1,
syn-e06_c10_hp50-test-0662,test,10,1,1,
syn-e06_c10_hp50-test-0663,test,10,1,1,
syn-e06_c10_hp50-test-0664,test,10,1,1,
syn-e06_c10_hp50-test-0665,test,10,1,1,
syn-e06_c10_hp50-test-0666,test,10,1,1,
syn-e06_c10_hp50-test-0667,test,10,1,1,
syn-e06_c10_hp50-test-0668,test,10,1,1,
syn-e06_c10_hp50-test-0669,test,10,1,1,
syn-e06_c10_hp50-test-0670,test,10,1,1,
syn-e06_c10_hp50-test-0671,test,10,1,1,
syn-e06_c10_hp50-test-0672,test,10,1,1,
syn-e06_c10_hp50-test-0673,test,10,1,1,
syn-e06_c10_hp50-test-0674,test,10,1,1,
syn-e06_c10_hp50-test-0675,test,10,1,1,
syn-e06_c10_hp50-test-0676,test,10,1,1,
syn-e06_c10_hp50-test-0677,test,10,1,1,
syn-e06_c10_hp50-test-0678,test,10,1,1,
syn-e06_c10_hp50-test-0679,test,10,1,1,
syn-e06_c10_hp50-test-0680,test,10,1,1,
syn-e06_c10_hp50-test-0681,test,10,1,1,
syn-e06_c10_hp50-test-0682,test,10,1,1,
syn-e06_c10_hp50-test-0683,test,10,1,1,
syn-e06_c10_hp50-test-0684,test,10,1,1,
syn-e06_c10_hp50-test-0685,test,10,1,1,
syn-e06_c10_hp50-test-0686,test,10,1,1,
syn-e06_c10_hp50-test-0687,test,10,1,1,
syn-e06_c10_hp50-test-0688,test,10,1,1,
syn-e06_c10_hp50-test-0689,test,10,1,1,
syn-e06_c10_hp50-test-0690,test,10,1,1,
syn-e06_c10_hp50-test-0691,test,10,1,1,
syn-e06_c10_hp50-test-0692,test,10,1,1,
syn-e06_c10_hp50-test-0693,test,10,1,1,
syn-e06_c10_hp50-test-0694,test,10,1,1,
syn-e06_c10_hp50-test-0695,test,10,1,1,
syn-e06_c10_hp50-test-0696,test,10,1,1,
syn-e06_c10_hp50-test-0697,test,10,1,1,
syn-e06_c10_hp50-test-0698,test,10,1,1,
syn-e06_c10_hp50-test-0699,test,10,1,1,
syn-e06_c10_hp50-test-0700,test,10,1,1,
